Pot ID,Soil,Competition,Population,Site,Habitat,Biomass_date,Dittrichia_biomass,Grass_biomass
113,Construction,None,SSJ-O,SSJ,Vegetated,12/16/22,0.0052,
265,Construction,Bromus,BAY-A,BAY,Roadside,12/16/22,0.0003,0.0344
353,Construction,Bromus,PEN-O,PEN,Vegetated,12/16/22,0.0012,0.0201
17,Construction,None,CHE-O,CHE,Vegetated,12/16/22,0.0021,
473,Vegetated,None,PAR-A,PAR,Roadside,12/16/22,0.3002,
481,Vegetated,None,PEN-O,PEN,Vegetated,12/16/22,0.1912,
345,Construction,Bromus,PAR-A,PAR,Roadside,12/16/22,0.0006,0.0214
129,Construction,Festuca,BAY-O,BAY,Vegetated,12/16/22,0.0013,0.0673
329,Construction,Bromus,OAP-A,OAP,Roadside,12/16/22,0.0009,0.0233
209,Construction,Festuca,PAR-O,PAR,Vegetated,12/16/22,0.0006,0.0337
97,Construction,None,PEN-O,PEN,Vegetated,12/16/22,0.0024,
761,Vegetated,Bromus,SSJ-A,SSJ,Roadside,12/16/22,0.0086,0.2834
513,Vegetated,Festuca,BAY-O,BAY,Vegetated,12/16/22,0.0024,0.6312
137,Construction,Festuca,BAY-A,BAY,Roadside,12/16/22,0.001,0.1004
161,Construction,Festuca,GUA-O,GUA,Vegetated,12/16/22,0.0012,0.0817
217,Construction,Festuca,PAR-A,PAR,Roadside,12/16/22,0.0021,0.0612
425,Vegetated,None,GUA-A,GUA,Roadside,12/16/22,0.1032,
321,Construction,Bromus,OAP-O,OAP,Vegetated,12/16/22,0.0016,0.0173
433,Vegetated,None,LEX-O,LEX,Vegetated,12/16/22,0.2081,
369,Construction,Bromus,SSJ-O,SSJ,Vegetated,12/16/22,0.0014,0.0274
305,Construction,Bromus,LEX-O,LEX,Vegetated,12/16/22,0.0014,0.0202
193,Construction,Festuca,OAP-O,OAP,Vegetated,12/16/22,0.0007,0.062
49,Construction,None,LEX-O,LEX,Vegetated,12/16/22,0.0013,
409,Vegetated,None,CHE-A,CHE,Roadside,12/16/22,0.1235,
561,Vegetated,Festuca,LEX-O,LEX,Vegetated,12/16/22,0.0046,0.5023
361,Construction,Bromus,PEN-A,PEN,Roadside,12/16/22,0.0013,0.0231
577,Vegetated,Festuca,OAP-O,OAP,Vegetated,12/16/22,0.0212,0.9979
57,Construction,None,LEX-A,LEX,Roadside,12/16/22,0.0006,
713,Vegetated,Bromus,OAP-A,OAP,Roadside,12/16/22,0.0092,0.2968
337,Construction,Bromus,PAR-O,PAR,Vegetated,12/16/22,0.0005,0.0326
649,Vegetated,Bromus,BAY-A,BAY,Roadside,12/16/22,0.0221,0.2153
673,Vegetated,Bromus,GUA-O,GUA,Vegetated,12/16/22,0.0287,0.2087
689,Vegetated,Bromus,LEX-O,LEX,Vegetated,12/16/22,0.0031,0.2306
745,Vegetated,Bromus,PEN-A,PEN,Roadside,12/16/22,0.0193,0.348
537,Vegetated,Festuca,CHE-A,CHE,Roadside,12/16/22,0.0011,0.9425
153,Construction,Festuca,CHE-A,CHE,Roadside,12/16/22,0.0022,0.1619
249,Construction,Festuca,SSJ-A,SSJ,Roadside,12/16/22,0.0016,0.0337
145,Construction,Festuca,CHE-O,CHE,Vegetated,12/16/22,0.0017,0.0984
489,Vegetated,None,PEN-A,PEN,Roadside,12/16/22,0.2132,
729,Vegetated,Bromus,PAR-A,PAR,Roadside,12/16/22,0.0225,0.2973
9,Construction,None,BAY-A,BAY,Roadside,12/16/22,0.0033,
1,Construction,None,BAY-O,BAY,Vegetated,12/16/22,0.0015,
593,Vegetated,Festuca,PAR-O,PAR,Vegetated,12/16/22,0.0011,1.8682
681,Vegetated,Bromus,GUA-A,GUA,Roadside,12/16/22,0.0071,0.2514
441,Vegetated,None,LEX-A,LEX,Roadside,12/16/22,0.1955,
529,Vegetated,Festuca,CHE-O,CHE,Vegetated,12/16/22,0.0007,0.7109
465,Vegetated,None,PAR-O,PAR,Vegetated,12/16/22,0.2342,
177,Construction,Festuca,LEX-O,LEX,Vegetated,12/16/22,0.0014,0.0973
393,Vegetated,None,BAY-A,BAY,Roadside,12/16/22,0.2456,
89,Construction,None,PAR-A,PAR,Roadside,12/16/22,0.0037,
313,Construction,Bromus,LEX-A,LEX,Roadside,12/15/22,0.0032,0.0149
545,Vegetated,Festuca,GUA-O,GUA,Vegetated,12/15/22,0.0027,0.8403
737,Vegetated,Bromus,PEN-O,PEN,Vegetated,12/15/22,0.0233,0.2752
641,Vegetated,Bromus,BAY-O,BAY,Vegetated,12/15/22,0.0088,0.2721
497,Vegetated,None,SSJ-O,SSJ,Vegetated,12/15/22,0.2546,
657,Vegetated,Bromus,CHE-O,CHE,Vegetated,12/15/22,0.0054,0.2476
569,Vegetated,Festuca,LEX-A,LEX,Roadside,12/15/22,0.0025,0.7246
273,Construction,Bromus,CHE-O,CHE,Vegetated,12/15/22,0.0021,0.0462
65,Construction,None,OAP-O,OAP,Vegetated,12/15/22,0.0028,
385,Vegetated,None,BAY-O,BAY,Vegetated,12/15/22,0.2327,
705,Vegetated,Bromus,OAP-O,OAP,Vegetated,12/15/22,0.0156,0.2641
233,Construction,Festuca,PEN-A,PEN,Roadside,12/15/22,0.0012,0.1001
625,Vegetated,Festuca,SSJ-O,SSJ,Vegetated,12/15/22,0.0109,0.8525
553,Vegetated,Festuca,GUA-A,GUA,Roadside,12/15/22,0.0016,1.0852
121,Construction,None,SSJ-A,SSJ,Roadside,12/15/22,0.0094,
697,Vegetated,Bromus,LEX-A,LEX,Roadside,12/15/22,0.0106,0.3139
201,Construction,Festuca,OAP-A,OAP,Roadside,12/15/22,0.0002,0.1553
225,Construction,Festuca,PEN-O,PEN,Vegetated,12/15/22,0.0031,0.0417
169,Construction,Festuca,GUA-A,GUA,Roadside,12/15/22,0.0004,0.0742
81,Construction,None,PAR-O,PAR,Vegetated,12/15/22,0.0015,
105,Construction,None,PEN-A,PEN,Roadside,12/15/22,0.0066,
417,Vegetated,None,GUA-O,GUA,Vegetated,12/15/22,0.2781,
601,Vegetated,Festuca,PAR-A,PAR,Roadside,12/15/22,0.0021,0.963
73,Construction,None,OAP-A,OAP,Roadside,12/15/22,0.0019,
505,Vegetated,None,SSJ-A,SSJ,Roadside,12/15/22,0.3007,
297,Construction,Bromus,GUA-A,GUA,Roadside,12/15/22,0.0017,0.0167
457,Vegetated,None,OAP-A,OAP,Roadside,12/15/22,0.2388,
185,Construction,Festuca,LEX-A,LEX,Roadside,12/15/22,0.0007,0.1121
33,Construction,None,GUA-O,GUA,Vegetated,12/16/22,0.0032,
665,Vegetated,Bromus,CHE-A,CHE,Roadside,12/15/22,0.0157,0.2066
401,Vegetated,None,CHE-O,CHE,Vegetated,12/15/22,0.1712,
289,Construction,Bromus,GUA-O,GUA,Vegetated,12/15/22,,0.0467
449,Vegetated,None,OAP-O,OAP,Vegetated,12/15/22,0.3066,
753,Vegetated,Bromus,SSJ-O,SSJ,Vegetated,12/15/22,0.0359,0.1955
41,Construction,None,GUA-A,GUA,Roadside,12/15/22,0.0016,
25,Construction,None,CHE-A,CHE,Roadside,12/15/22,0.0018,
585,Vegetated,Festuca,OAP-A,OAP,Roadside,12/15/22,0.0016,0.774
633,Vegetated,Festuca,SSJ-A,SSJ,Roadside,12/15/22,0.0023,0.7302
241,Construction,Festuca,SSJ-O,SSJ,Vegetated,12/15/22,0.0023,0.0588
257,Construction,Bromus,BAY-O,BAY,Vegetated,12/15/22,0.0013,0.0281
521,Vegetated,Festuca,BAY-A,BAY,Roadside,12/16/22,0.0068,0.4136
377,Construction,Bromus,SSJ-A,SSJ,Roadside,12/16/22,0.0012,0.0205
281,Construction,Bromus,CHE-A,CHE,Roadside,12/16/22,0.0013,0.0476
617,Vegetated,Festuca,PEN-A,PEN,Roadside,12/16/22,0.0077,1.0695
609,Vegetated,Festuca,PEN-O,PEN,Vegetated,12/16/22,0.0015,1.9038
721,Vegetated,Bromus,PAR-O,PAR,Vegetated,12/16/22,0.0302,0.2804
282,Construction,Bromus,CHE-A,CHE,Roadside,12/10/22,0.0014,0.0325
450,Vegetated,None,OAP-O,OAP,Vegetated,12/10/22,0.141,
370,Construction,Bromus,SSJ-O,SSJ,Vegetated,12/10/22,0.0027,0.03
50,Construction,None,LEX-O,LEX,Vegetated,12/10/22,0.0042,
530,Vegetated,Festuca,CHE-O,CHE,Vegetated,12/10/22,0.0035,0.3945
410,Vegetated,None,CHE-A,CHE,Roadside,12/10/22,0.1575,
146,Construction,Festuca,CHE-O,CHE,Vegetated,12/10/22,0.0017,0.0976
162,Construction,Festuca,GUA-O,GUA,Vegetated,12/10/22,0.0008,0.0736
34,Construction,None,GUA-O,GUA,Vegetated,12/10/22,0.002,
474,Vegetated,None,PAR-A,PAR,Roadside,12/10/22,0.2264,
698,Vegetated,Bromus,LEX-A,LEX,Roadside,12/10/22,0.0092,0.3899
354,Construction,Bromus,PEN-O,PEN,Vegetated,12/10/22,0.0021,0.0253
762,Vegetated,Bromus,SSJ-A,SSJ,Roadside,12/10/22,0.0049,0.4165
74,Construction,None,OAP-A,OAP,Roadside,12/10/22,0.0027,
98,Construction,None,PEN-O,PEN,Vegetated,12/10/22,0.0037,
154,Construction,Festuca,CHE-A,CHE,Roadside,12/10/22,0.0013,0.1429
434,Vegetated,None,LEX-O,LEX,Vegetated,12/10/22,0.1842,
250,Construction,Festuca,SSJ-A,SSJ,Roadside,12/10/22,0.0011,0.0569
634,Vegetated,Festuca,SSJ-A,SSJ,Roadside,12/10/22,0.0251,0.2823
130,Construction,Festuca,BAY-O,BAY,Vegetated,12/10/22,0.0017,0.0571
402,Vegetated,None,CHE-O,CHE,Vegetated,12/10/22,0.1514,
178,Construction,Festuca,LEX-O,LEX,Vegetated,12/10/22,0.0014,0.1394
498,Vegetated,None,SSJ-O,SSJ,Vegetated,12/10/22,0.2047,
186,Construction,Festuca,LEX-A,LEX,Roadside,12/10/22,0.0008,0.1212
170,Construction,Festuca,GUA-A,GUA,Roadside,12/10/22,0.0018,0.0449
266,Construction,Bromus,BAY-A,BAY,Roadside,12/10/22,0.0014,0.0302
714,Vegetated,Bromus,OAP-A,OAP,Roadside,12/10/22,0.0048,0.3793
618,Vegetated,Festuca,PEN-A,PEN,Roadside,12/10/22,0.0006,1.0472
610,Vegetated,Festuca,PEN-O,PEN,Vegetated,12/10/22,0.0005,1.2619
378,Construction,Bromus,SSJ-A,SSJ,Roadside,12/10/22,0.001,0.0176
562,Vegetated,Festuca,LEX-O,LEX,Vegetated,12/10/22,0.0021,1.1382
290,Construction,Bromus,GUA-O,GUA,Vegetated,12/10/22,0.0006,0.0422
490,Vegetated,None,PEN-A,PEN,Roadside,12/10/22,0.1984,
394,Vegetated,None,BAY-A,BAY,Roadside,12/10/22,0.2355,
218,Construction,Festuca,PAR-A,PAR,Roadside,12/10/22,0.0015,0.0527
330,Construction,Bromus,OAP-A,OAP,Roadside,12/10/22,0.0017,0.0193
546,Vegetated,Festuca,GUA-O,GUA,Vegetated,12/10/22,0.0035,0.5756
106,Construction,None,PEN-A,PEN,Roadside,12/10/22,0.0012,
42,Construction,None,GUA-A,GUA,Roadside,12/10/22,0.001,
650,Vegetated,Bromus,BAY-A,BAY,Roadside,12/10/22,0.0271,0.2417
114,Construction,None,SSJ-O,SSJ,Vegetated,12/10/22,0.0018,
226,Construction,Festuca,PEN-O,PEN,Vegetated,12/10/22,0.0013,0.0944
458,Vegetated,None,OAP-A,OAP,Roadside,12/10/22,0.2495,
754,Vegetated,Bromus,SSJ-O,SSJ,Vegetated,12/10/22,0.0318,0.2751
690,Vegetated,Bromus,LEX-O,LEX,Vegetated,12/10/22,0.0077,0.3537
426,Vegetated,None,GUA-A,GUA,Roadside,12/10/22,0.1251,
682,Vegetated,Bromus,GUA-A,GUA,Roadside,12/9/22,0.0036,0.2353
706,Vegetated,Bromus,OAP-O,OAP,Vegetated,12/9/22,0.0064,0.4565
122,Construction,None,SSJ-A,SSJ,Roadside,12/9/22,0.0033,
202,Construction,Festuca,OAP-A,OAP,Roadside,12/9/22,0.0011,0.1508
738,Vegetated,Bromus,PEN-O,PEN,Vegetated,12/9/22,0.0149,0.3428
578,Vegetated,Festuca,OAP-O,OAP,Vegetated,12/9/22,0.0025,0.9224
482,Vegetated,None,PEN-O,PEN,Vegetated,12/9/22,0.1859,
194,Construction,Festuca,OAP-O,OAP,Vegetated,12/9/22,0.0014,0.1692
466,Vegetated,None,PAR-O,PAR,Vegetated,12/9/22,0.2342,
306,Construction,Bromus,LEX-O,LEX,Vegetated,12/9/22,0.002,0.0272
554,Vegetated,Festuca,GUA-A,GUA,Roadside,12/9/22,0.0102,0.6653
570,Vegetated,Festuca,LEX-A,LEX,Roadside,12/9/22,0.0059,0.886
538,Vegetated,Festuca,CHE-A,CHE,Roadside,12/9/22,0.0018,0.4402
666,Vegetated,Bromus,CHE-A,CHE,Roadside,12/9/22,0.0086,0.2426
442,Vegetated,None,LEX-A,LEX,Roadside,12/9/22,0.2306,
346,Construction,Bromus,PAR-A,PAR,Roadside,12/9/22,0.0024,0.0128
258,Construction,Bromus,BAY-O,BAY,Vegetated,12/9/22,0.0006,0.022
234,Construction,Festuca,PEN-A,PEN,Roadside,12/9/22,0.0011,0.0922
362,Construction,Bromus,PEN-A,PEN,Roadside,12/9/22,0.0006,0.0172
626,Vegetated,Festuca,SSJ-O,SSJ,Vegetated,12/9/22,0.0141,0.8104
338,Construction,Bromus,PAR-O,PAR,Vegetated,12/9/22,0.0004,0.0245
138,Construction,Festuca,BAY-A,BAY,Roadside,12/9/22,0.0003,0.0971
210,Construction,Festuca,PAR-O,PAR,Vegetated,12/9/22,0.0013,0.0789
298,Construction,Bromus,GUA-A,GUA,Roadside,12/9/22,0.0029,0.0201
722,Vegetated,Bromus,PAR-O,PAR,Vegetated,12/9/22,0.0403,0.2657
594,Vegetated,Festuca,PAR-O,PAR,Vegetated,12/9/22,0.0013,1.5175
10,Construction,None,BAY-A,BAY,Roadside,12/9/22,0.002,
82,Construction,None,PAR-O,PAR,Vegetated,12/9/22,0.0003,
746,Vegetated,Bromus,PEN-A,PEN,Roadside,12/9/22,0.025,0.2279
418,Vegetated,None,GUA-O,GUA,Vegetated,12/9/22,0.19,
602,Vegetated,Festuca,PAR-A,PAR,Roadside,12/9/22,0.0015,1.784
274,Construction,Bromus,CHE-O,CHE,Vegetated,12/9/22,0.0008,0.0215
322,Construction,Bromus,OAP-O,OAP,Vegetated,12/9/22,0.0022,0.0298
730,Vegetated,Bromus,PAR-A,PAR,Roadside,12/9/22,0.015,0.2938
514,Vegetated,Festuca,BAY-O,BAY,Vegetated,12/9/22,0.002,0.6737
586,Vegetated,Festuca,OAP-A,OAP,Roadside,12/9/22,0.0003,0.9726
2,Construction,None,BAY-O,BAY,Vegetated,12/9/22,0.0021,
658,Vegetated,Bromus,CHE-O,CHE,Vegetated,12/9/22,0.007,0.2018
26,Construction,None,CHE-A,CHE,Roadside,12/9/22,0.0041,
522,Vegetated,Festuca,BAY-A,BAY,Roadside,12/9/22,0.0133,0.3206
242,Construction,Festuca,SSJ-O,SSJ,Vegetated,12/9/22,0.003,0.0775
90,Construction,None,PAR-A,PAR,Roadside,12/9/22,0.0043,
386,Vegetated,None,BAY-O,BAY,Vegetated,12/9/22,0.2891,
18,Construction,None,CHE-O,CHE,Vegetated,12/9/22,0.001,
66,Construction,None,OAP-O,OAP,Vegetated,12/9/22,0.0021,
314,Construction,Bromus,LEX-A,LEX,Roadside,12/9/22,0.0017,0.0247
674,Vegetated,Bromus,GUA-O,GUA,Vegetated,12/9/22,0.0351,0.1634
642,Vegetated,Bromus,BAY-O,BAY,Vegetated,12/9/22,0.0105,0.2412
58,Construction,None,LEX-A,LEX,Roadside,12/9/22,0.0019,
506,Vegetated,None,SSJ-A,SSJ,Roadside,12/9/22,0.2935,
211,Construction,Festuca,PAR-O,PAR,Vegetated,12/13/22,0.0014,0.1214
491,Vegetated,None,PEN-A,PEN,Roadside,12/13/22,0.1563,
123,Construction,None,SSJ-A,SSJ,Roadside,12/13/22,0.0021,
411,Vegetated,None,CHE-A,CHE,Roadside,12/13/22,0.1639,
43,Construction,None,GUA-A,GUA,Roadside,12/13/22,0.0016,
643,Vegetated,Bromus,BAY-O,BAY,Vegetated,12/13/22,0.0009,0.2722
435,Vegetated,None,LEX-O,LEX,Vegetated,12/13/22,0.1493,
587,Vegetated,Festuca,OAP-A,OAP,Roadside,12/13/22,0.0013,0.9022
243,Construction,Festuca,SSJ-O,SSJ,Vegetated,12/13/22,0.0015,0.0425
507,Vegetated,None,SSJ-A,SSJ,Roadside,12/13/22,0.1972,
651,Vegetated,Bromus,BAY-A,BAY,Roadside,12/13/22,0.0167,0.2663
419,Vegetated,None,GUA-O,GUA,Vegetated,12/13/22,0.193,
51,Construction,None,LEX-O,LEX,Vegetated,12/13/22,0.0019,
323,Construction,Bromus,OAP-O,OAP,Vegetated,12/13/22,0.0014,0.0256
611,Vegetated,Festuca,PEN-O,PEN,Vegetated,12/13/22,0.0017,1.6637
83,Construction,None,PAR-O,PAR,Vegetated,12/13/22,0.002,
67,Construction,None,OAP-O,OAP,Vegetated,12/13/22,0.0017,
387,Vegetated,None,BAY-O,BAY,Vegetated,12/13/22,0.2908,
403,Vegetated,None,CHE-O,CHE,Vegetated,12/13/22,0.1682,
259,Construction,Bromus,BAY-O,BAY,Vegetated,12/13/22,0.0005,0.0239
155,Construction,Festuca,CHE-A,CHE,Roadside,12/13/22,0.001,0.1411
731,Vegetated,Bromus,PAR-A,PAR,Roadside,12/13/22,0.0382,0.3497
203,Construction,Festuca,OAP-A,OAP,Roadside,12/13/22,0.0008,0.0714
283,Construction,Bromus,CHE-A,CHE,Roadside,12/13/22,0.0003,0.0272
251,Construction,Festuca,SSJ-A,SSJ,Roadside,12/13/22,0.001,0.0361
315,Construction,Bromus,LEX-A,LEX,Roadside,12/13/22,0.0012,0.0161
579,Vegetated,Festuca,OAP-O,OAP,Vegetated,12/13/22,0.0204,0.6472
659,Vegetated,Bromus,CHE-O,CHE,Vegetated,12/13/22,0.0056,0.1923
715,Vegetated,Bromus,OAP-A,OAP,Roadside,12/13/22,0.0032,0.432
267,Construction,Bromus,BAY-A,BAY,Roadside,12/13/22,0.0016,0.0311
595,Vegetated,Festuca,PAR-O,PAR,Vegetated,12/13/22,0.0006,1.357
563,Vegetated,Festuca,LEX-O,LEX,Vegetated,12/13/22,,0.6515
683,Vegetated,Bromus,GUA-A,GUA,Roadside,12/13/22,0.0035,0.3317
355,Construction,Bromus,PEN-O,PEN,Vegetated,12/13/22,0.0015,0.00203
675,Vegetated,Bromus,GUA-O,GUA,Vegetated,12/13/22,0.0212,0.1884
619,Vegetated,Festuca,PEN-A,PEN,Roadside,12/13/22,0.0012,0.7818
27,Construction,None,CHE-A,CHE,Roadside,12/13/22,0.0027,
699,Vegetated,Bromus,LEX-A,LEX,Roadside,12/13/22,0.005,0.4419
347,Construction,Bromus,PAR-A,PAR,Roadside,12/13/22,0.001,0.0166
667,Vegetated,Bromus,CHE-A,CHE,Roadside,12/13/22,0.0021,0.178
179,Construction,Festuca,LEX-O,LEX,Vegetated,12/13/22,0.0016,0.0649
483,Vegetated,None,PEN-O,PEN,Vegetated,12/13/22,0.1753,
187,Construction,Festuca,LEX-A,LEX,Roadside,12/13/22,0.0018,0.0794
75,Construction,None,OAP-A,OAP,Roadside,12/13/22,0.00016,
443,Vegetated,None,LEX-A,LEX,Roadside,12/13/22,0.2612,
227,Construction,Festuca,PEN-O,PEN,Vegetated,12/13/22,0.0017,0.0809
763,Vegetated,Bromus,SSJ-A,SSJ,Roadside,12/13/22,0.0431,0.2418
691,Vegetated,Bromus,LEX-O,LEX,Vegetated,12/13/22,0.0022,0.3693
747,Vegetated,Bromus,PEN-A,PEN,Roadside,12/13/22,0.0445,0.2773
147,Construction,Festuca,CHE-O,CHE,Vegetated,12/13/22,0.0013,0.0874
707,Vegetated,Bromus,OAP-O,OAP,Vegetated,12/13/22,0.0097,0.3917
163,Construction,Festuca,GUA-O,GUA,Vegetated,12/13/22,0.0013,0.113
219,Construction,Festuca,PAR-A,PAR,Roadside,12/13/22,0.0013,0.0419
35,Construction,None,GUA-O,GUA,Vegetated,12/13/22,0.0026,
235,Construction,Festuca,PEN-A,PEN,Roadside,12/13/22,,0.1067
339,Construction,Bromus,PAR-O,PAR,Vegetated,12/13/22,0.0002,0.0251
451,Vegetated,None,OAP-O,OAP,Vegetated,12/13/22,0.1746,
635,Vegetated,Festuca,SSJ-A,SSJ,Roadside,12/9/22,0.01,0.2605
131,Construction,Festuca,BAY-O,BAY,Vegetated,12/13/22,0.0016,0.0689
291,Construction,Bromus,GUA-O,GUA,Vegetated,12/13/22,0.0017,0.0375
555,Vegetated,Festuca,GUA-A,GUA,Roadside,12/13/22,0.0013,0.8641
395,Vegetated,None,BAY-A,BAY,Roadside,12/13/22,0.0354,
531,Vegetated,Festuca,CHE-O,CHE,Vegetated,12/13/22,0.0027,0.5209
627,Vegetated,Festuca,SSJ-O,SSJ,Vegetated,12/13/22,0.0067,1.0716
195,Construction,Festuca,OAP-O,OAP,Vegetated,12/13/22,0.0013,0.0744
19,Construction,None,CHE-O,CHE,Vegetated,12/13/22,0.0009,
91,Construction,None,PAR-A,PAR,Roadside,12/13/22,0.0023,
523,Vegetated,Festuca,BAY-A,BAY,Roadside,12/13/22,0.0046,0.4082
99,Construction,None,PEN-O,PEN,Vegetated,12/13/22,0.0031,
539,Vegetated,Festuca,CHE-A,CHE,Roadside,12/13/22,0.0017,1.2351
739,Vegetated,Bromus,PEN-O,PEN,Vegetated,12/13/22,0.0418,0.3271
755,Vegetated,Bromus,SSJ-O,SSJ,Vegetated,12/13/22,0.0057,0.3751
371,Construction,Bromus,SSJ-O,SSJ,Vegetated,12/13/22,0.0015,0.0176
3,Construction,None,BAY-O,BAY,Vegetated,12/13/22,0.0056,
475,Vegetated,None,PAR-A,PAR,Roadside,12/13/22,0.3236,
459,Vegetated,None,OAP-A,OAP,Roadside,12/13/22,0.2355,
571,Vegetated,Festuca,LEX-A,LEX,Roadside,12/13/22,0.0029,1.0334
307,Construction,Bromus,LEX-O,LEX,Vegetated,12/13/22,0.0012,0.0312
379,Construction,Bromus,SSJ-A,SSJ,Roadside,12/13/22,0.0019,0.0226
515,Vegetated,Festuca,BAY-O,BAY,Vegetated,12/13/22,0.0027,0.3329
59,Construction,None,LEX-A,LEX,Roadside,12/13/22,0.0023,0.0186
331,Construction,Bromus,OAP-A,OAP,Roadside,12/13/22,0.0003,0.0187
363,Construction,Bromus,PEN-A,PEN,Roadside,12/13/22,0.0004,
499,Vegetated,None,SSJ-O,SSJ,Vegetated,12/13/22,0.1605,
115,Construction,None,SSJ-O,SSJ,Vegetated,12/13/22,0.0024,
427,Vegetated,None,GUA-A,GUA,Roadside,12/13/22,0.1506,
467,Vegetated,None,PAR-O,PAR,Vegetated,12/13/22,0.3049,
275,Construction,Bromus,CHE-O,CHE,Vegetated,12/13/22,0.0013,0.0257
299,Construction,Bromus,GUA-A,GUA,Roadside,12/13/22,0.0008,0.0335
107,Construction,None,PEN-A,PEN,Roadside,12/13/22,0.0018,
171,Construction,Festuca,GUA-A,GUA,Roadside,12/13/22,0.0007,0.0697
603,Vegetated,Festuca,PAR-A,PAR,Roadside,12/13/22,0.0034,1.0691
547,Vegetated,Festuca,GUA-O,GUA,Vegetated,12/13/22,0.0039,0.6372
11,Construction,None,BAY-A,BAY,Roadside,12/13/22,0.0036,
723,Vegetated,Bromus,PAR-O,PAR,Vegetated,12/13/22,0.0514,0.2621
139,Construction,Festuca,BAY-A,BAY,Roadside,12/13/22,0.0009,0.0746
676,Vegetated,Bromus,GUA-O,GUA,Vegetated,12/13/22,0.025,0.1972
724,Vegetated,Bromus,PAR-O,PAR,Vegetated,12/13/22,0.0247,0.3744
404,Vegetated,None,CHE-O,CHE,Vegetated,12/13/22,0.1398,
764,Vegetated,Bromus,SSJ-A,SSJ,Roadside,12/13/22,0.0362,0.3799
412,Vegetated,None,CHE-A,CHE,Roadside,12/13/22,0.1652,
708,Vegetated,Bromus,OAP-O,OAP,Vegetated,12/13/22,0.0066,0.4514
260,Construction,Bromus,BAY-O,BAY,Vegetated,12/13/22,0.0006,0.0251
668,Vegetated,Bromus,CHE-A,CHE,Roadside,12/13/22,0.0049,0.2349
228,Construction,Festuca,PEN-O,PEN,Vegetated,12/13/22,0.0008,0.0489
468,Vegetated,None,PAR-O,PAR,Vegetated,12/13/22,0.2245,
572,Vegetated,Festuca,LEX-A,LEX,Roadside,12/13/22,0.0011,0.8341
276,Construction,Bromus,CHE-O,CHE,Vegetated,12/13/22,0.0009,0.0257
236,Construction,Festuca,PEN-A,PEN,Roadside,12/13/22,0.0005,0.1265
12,Construction,None,BAY-A,BAY,Roadside,12/13/22,0.0007,
292,Construction,Bromus,GUA-O,GUA,Vegetated,12/13/22,0.0012,0.0257
524,Vegetated,Festuca,BAY-A,BAY,Roadside,12/13/22,0.0032,0.4068
636,Vegetated,Festuca,SSJ-A,SSJ,Roadside,12/13/22,0.0051,0.3822
300,Construction,Bromus,GUA-A,GUA,Roadside,12/13/22,0.0008,0.0308
100,Construction,None,PEN-O,PEN,Vegetated,12/13/22,0.0018,
324,Construction,Bromus,OAP-O,OAP,Vegetated,12/13/22,0.0011,0.0242
84,Construction,None,PAR-O,PAR,Vegetated,12/13/22,0.0021,
428,Vegetated,None,GUA-A,GUA,Roadside,12/13/22,0.0791,
108,Construction,None,PEN-A,PEN,Roadside,12/13/22,0.0016,
492,Vegetated,None,PEN-A,PEN,Roadside,12/13/22,0.1201,
396,Vegetated,None,BAY-A,BAY,Roadside,12/13/22,0.3102,
356,Construction,Bromus,PEN-O,PEN,Vegetated,12/13/22,0.0018,0.0126
612,Vegetated,Festuca,PEN-O,PEN,Vegetated,12/13/22,0.0021,0.6986
740,Vegetated,Bromus,PEN-O,PEN,Vegetated,12/13/22,0.0115,0.3198
148,Construction,Festuca,CHE-O,CHE,Vegetated,12/13/22,0.001,0.1178
28,Construction,None,CHE-A,CHE,Roadside,12/13/22,0.0013,
364,Construction,Bromus,PEN-A,PEN,Roadside,12/13/22,0.001,0.0082
716,Vegetated,Bromus,OAP-A,OAP,Roadside,12/13/22,0.0076,0.4584
484,Vegetated,None,PEN-O,PEN,Vegetated,12/13/22,0.2204,
556,Vegetated,Festuca,GUA-A,GUA,Roadside,12/13/22,0.0023,1.069
4,Construction,None,BAY-O,BAY,Vegetated,12/13/22,0.0073,
196,Construction,Festuca,OAP-O,OAP,Vegetated,12/13/22,0.0022,0.1209
116,Construction,None,SSJ-O,SSJ,Vegetated,12/13/22,0.0029,
268,Construction,Bromus,BAY-A,BAY,Roadside,12/13/22,0.0013,0.0335
452,Vegetated,None,OAP-O,OAP,Vegetated,12/13/22,0.2292,
516,Vegetated,Festuca,BAY-O,BAY,Vegetated,12/13/22,0.0013,0.5208
692,Vegetated,Bromus,LEX-O,LEX,Vegetated,12/13/22,0.0038,0.4406
604,Vegetated,Festuca,PAR-A,PAR,Roadside,12/13/22,0.005,0.5239
220,Construction,Festuca,PAR-A,PAR,Roadside,12/13/22,0.0006,0.0528
596,Vegetated,Festuca,PAR-O,PAR,Vegetated,12/13/22,0.0018,0.5717
340,Construction,Bromus,PAR-O,PAR,Vegetated,12/13/22,0.0008,0.029
316,Construction,Bromus,LEX-A,LEX,Roadside,12/13/22,0.001,0.0184
748,Vegetated,Bromus,PEN-A,PEN,Roadside,12/13/22,0.0089,0.297
164,Construction,Festuca,GUA-O,GUA,Vegetated,12/13/22,0.0012,0.0965
60,Construction,None,LEX-A,LEX,Roadside,12/13/22,0.0027,
180,Construction,Festuca,LEX-O,LEX,Vegetated,12/13/22,0.0005,0.1034
156,Construction,Festuca,CHE-A,CHE,Roadside,12/12/22,0.0007,0.1358
548,Vegetated,Festuca,GUA-O,GUA,Vegetated,12/12/22,0.002,0.7921
436,Vegetated,None,LEX-O,LEX,Vegetated,12/12/22,0.2284,
588,Vegetated,Festuca,OAP-A,OAP,Roadside,12/12/22,0.0029,0.8854
308,Construction,Bromus,LEX-O,LEX,Vegetated,12/12/22,0.0015,0.0326
380,Construction,Bromus,SSJ-A,SSJ,Roadside,12/12/22,0.0011,0.0217
92,Construction,None,PAR-A,PAR,Roadside,12/12/22,0.0024,
68,Construction,None,OAP-O,OAP,Vegetated,12/12/22,0.0011,
204,Construction,Festuca,OAP-A,OAP,Roadside,12/12/22,0.0013,0.1408
172,Construction,Festuca,GUA-A,GUA,Roadside,12/12/22,0.0009,0.0761
348,Construction,Bromus,PAR-A,PAR,Roadside,12/12/22,0.0018,0.0179
500,Vegetated,None,SSJ-O,SSJ,Vegetated,12/12/22,0.123,
508,Vegetated,None,SSJ-A,SSJ,Roadside,12/12/22,0.1626,
372,Construction,Bromus,SSJ-O,SSJ,Vegetated,12/12/22,0.0014,0.0184
700,Vegetated,Bromus,LEX-A,LEX,Roadside,12/12/22,0.0049,0.7193
36,Construction,None,GUA-O,GUA,Vegetated,12/12/22,0.0026,
460,Vegetated,None,OAP-A,OAP,Roadside,12/12/22,0.1669,
476,Vegetated,None,PAR-A,PAR,Roadside,12/12/22,0.3125,
212,Construction,Festuca,PAR-O,PAR,Vegetated,12/12/22,0.0008,0.0398
580,Vegetated,Festuca,OAP-O,OAP,Vegetated,12/12/22,0.0046,0.7924
188,Construction,Festuca,LEX-A,LEX,Roadside,12/12/22,0.0022,0.104
76,Construction,None,OAP-A,OAP,Roadside,12/12/22,0.0006,
644,Vegetated,Bromus,BAY-O,BAY,Vegetated,12/12/22,0.0023,0.2887
756,Vegetated,Bromus,SSJ-O,SSJ,Vegetated,12/12/22,0.0027,0.4029
332,Construction,Bromus,OAP-A,OAP,Roadside,12/12/22,0.0009,0.0124
652,Vegetated,Bromus,BAY-A,BAY,Roadside,12/12/22,0.0097,0.263
52,Construction,None,LEX-O,LEX,Vegetated,12/12/22,0.0031,
420,Vegetated,None,GUA-O,GUA,Vegetated,12/12/22,0.1891,
44,Construction,None,GUA-A,GUA,Roadside,12/12/22,0.002,
252,Construction,Festuca,SSJ-A,SSJ,Roadside,12/12/22,0.0017,0.0861
140,Construction,Festuca,BAY-A,BAY,Roadside,12/12/22,0.0009,0.1154
532,Vegetated,Festuca,CHE-O,CHE,Vegetated,12/12/22,0.0027,0.4292
628,Vegetated,Festuca,SSJ-O,SSJ,Vegetated,12/12/22,0.0009,1.121
620,Vegetated,Festuca,PEN-A,PEN,Roadside,12/12/22,0.0006,1.0015
388,Vegetated,None,BAY-O,BAY,Vegetated,12/12/22,0.2053,
284,Construction,Bromus,CHE-A,CHE,Roadside,12/12/22,0.0014,0.0259
132,Construction,Festuca,BAY-O,BAY,Vegetated,12/12/22,0.0011,0.0694
20,Construction,None,CHE-O,CHE,Vegetated,12/12/22,0.0009,
684,Vegetated,Bromus,GUA-A,GUA,Roadside,12/12/22,0.008,0.2345
660,Vegetated,Bromus,CHE-O,CHE,Vegetated,12/12/22,0.0107,0.1987
444,Vegetated,None,LEX-A,LEX,Roadside,12/9/22,0.0355,
244,Construction,Festuca,SSJ-O,SSJ,Vegetated,12/12/22,0.0007,0.0818
540,Vegetated,Festuca,CHE-A,CHE,Roadside,12/12/22,0.0007,0.8948
732,Vegetated,Bromus,PAR-A,PAR,Roadside,12/12/22,0.0217,0.3181
124,Construction,None,SSJ-A,SSJ,Roadside,12/9/22,0.0028,
564,Vegetated,Festuca,LEX-O,LEX,Vegetated,12/12/22,0.0059,0.8191
669,Vegetated,Bromus,CHE-A,CHE,Roadside,12/15/22,0.0158,0.2173
717,Vegetated,Bromus,OAP-A,OAP,Roadside,12/15/22,0.0037,0.5466
173,Construction,Festuca,GUA-A,GUA,Roadside,12/15/22,0.0007,0.0887
277,Construction,Bromus,CHE-O,CHE,Vegetated,12/15/22,0.0012,0.0275
101,Construction,None,PEN-O,PEN,Vegetated,12/15/22,0.0032,
397,Vegetated,None,BAY-A,BAY,Roadside,12/15/22,0.2016,
133,Construction,Festuca,BAY-O,BAY,Vegetated,12/15/22,0.0011,0.0626
709,Vegetated,Bromus,OAP-O,OAP,Vegetated,12/15/22,0.0065,0.4538
301,Construction,Bromus,GUA-A,GUA,Roadside,12/15/22,0.0018,0.0159
69,Construction,None,OAP-O,OAP,Vegetated,12/15/22,0.0013,
157,Construction,Festuca,CHE-A,CHE,Roadside,12/15/22,0.0014,0.1315
493,Vegetated,None,PEN-A,PEN,Roadside,12/15/22,0.1005,
517,Vegetated,Festuca,BAY-O,BAY,Vegetated,12/15/22,0.0015,0.4768
117,Construction,None,SSJ-O,SSJ,Vegetated,12/15/22,0.0025,
325,Construction,Bromus,OAP-O,OAP,Vegetated,12/15/22,0.0013,0.0356
341,Construction,Bromus,PAR-O,PAR,Vegetated,12/15/22,0.0014,0.0138
477,Vegetated,None,PAR-A,PAR,Roadside,12/15/22,0.221,
253,Construction,Festuca,SSJ-A,SSJ,Roadside,12/15/22,0.0022,0.1107
109,Construction,None,PEN-A,PEN,Roadside,12/15/22,0.0036,
461,Vegetated,None,OAP-A,OAP,Roadside,12/15/22,0.1517,
677,Vegetated,Bromus,GUA-O,GUA,Vegetated,12/15/22,0.0331,0.1802
85,Construction,None,PAR-O,PAR,Vegetated,12/15/22,0.0021,
637,Vegetated,Festuca,SSJ-A,SSJ,Roadside,12/15/22,0.0011,1.8158
541,Vegetated,Festuca,CHE-A,CHE,Roadside,12/15/22,0.0026,0.5005
565,Vegetated,Festuca,LEX-O,LEX,Vegetated,12/15/22,0.0027,0.8924
125,Construction,None,SSJ-A,SSJ,Roadside,12/15/22,0.0053,
357,Construction,Bromus,PEN-O,PEN,Vegetated,12/15/22,0.0013,0.0248
765,Vegetated,Bromus,SSJ-A,SSJ,Roadside,12/15/22,0.0411,0.3668
45,Construction,None,GUA-A,GUA,Roadside,12/15/22,0.0008,
37,Construction,None,GUA-O,GUA,Vegetated,12/15/22,0.0011,
349,Construction,Bromus,PAR-A,PAR,Roadside,12/15/22,0.0012,0.0194
317,Construction,Bromus,LEX-A,LEX,Roadside,12/15/22,0.0025,0.0727
237,Construction,Festuca,PEN-A,PEN,Roadside,12/15/22,0.0007,0.0614
525,Vegetated,Festuca,BAY-A,BAY,Roadside,12/15/22,0.0019,0.4819
309,Construction,Bromus,LEX-O,LEX,Vegetated,12/15/22,0.001,0.0318
77,Construction,None,OAP-A,OAP,Roadside,12/15/22,0.0032,
693,Vegetated,Bromus,LEX-O,LEX,Vegetated,12/15/22,0.0027,0.4975
653,Vegetated,Bromus,BAY-A,BAY,Roadside,12/15/22,0.0133,0.2221
261,Construction,Bromus,BAY-O,BAY,Vegetated,12/15/22,0.0013,0.0189
53,Construction,None,LEX-O,LEX,Vegetated,12/15/22,0.0014,
757,Vegetated,Bromus,SSJ-O,SSJ,Vegetated,12/15/22,0.0313,0.2553
5,Construction,None,BAY-O,BAY,Vegetated,12/15/22,0.0065,
485,Vegetated,None,PEN-O,PEN,Vegetated,12/15/22,0.177,
613,Vegetated,Festuca,PEN-O,PEN,Vegetated,12/15/22,0.0042,0.6767
533,Vegetated,Festuca,CHE-O,CHE,Vegetated,12/15/22,0.0025,0.5704
725,Vegetated,Bromus,PAR-O,PAR,Vegetated,12/15/22,0.0129,0.365
29,Construction,None,CHE-A,CHE,Roadside,12/15/22,0.0015,
453,Vegetated,None,OAP-O,OAP,Vegetated,12/15/22,0.1836,
213,Construction,Festuca,PAR-O,PAR,Vegetated,12/15/22,0.0009,0.0563
445,Vegetated,None,LEX-A,LEX,Roadside,12/15/22,0.1993,
269,Construction,Bromus,BAY-A,BAY,Roadside,12/11/22,0.0005,0.0194
221,Construction,Festuca,PAR-A,PAR,Roadside,12/11/22,0.0005,0.0598
429,Vegetated,None,GUA-A,GUA,Roadside,12/11/22,0.0959,
501,Vegetated,None,SSJ-O,SSJ,Vegetated,12/11/22,0.153,
645,Vegetated,Bromus,BAY-O,BAY,Vegetated,12/11/22,0.0011,0.2687
413,Vegetated,None,CHE-A,CHE,Roadside,12/11/22,0.1466,
197,Construction,Festuca,OAP-O,OAP,Vegetated,12/11/22,0.0018,0.1672
181,Construction,Festuca,LEX-O,LEX,Vegetated,12/11/22,0.001,0.164
733,Vegetated,Bromus,PAR-A,PAR,Roadside,12/11/22,0.0121,0.3644
205,Construction,Festuca,OAP-A,OAP,Roadside,12/11/22,0.0002,0.1034
165,Construction,Festuca,GUA-O,GUA,Vegetated,12/11/22,0.0007,0.1145
469,Vegetated,None,PAR-O,PAR,Vegetated,12/11/22,0.2477,
605,Vegetated,Festuca,PAR-A,PAR,Roadside,12/11/22,0.0096,0.6436
437,Vegetated,None,LEX-O,LEX,Vegetated,12/11/22,0.1779,
365,Construction,Bromus,PEN-A,PEN,Roadside,12/11/22,0.0015,0.031
573,Vegetated,Festuca,LEX-A,LEX,Roadside,12/11/22,0.0027,1.2035
685,Vegetated,Bromus,GUA-A,GUA,Roadside,12/11/22,0.0045,0.2171
229,Construction,Festuca,PEN-O,PEN,Vegetated,12/11/22,0.001,0.0538
629,Vegetated,Festuca,SSJ-O,SSJ,Vegetated,12/11/22,0.0009,0.9406
293,Construction,Bromus,GUA-O,GUA,Vegetated,12/11/22,0.0007,0.0267
421,Vegetated,None,GUA-O,GUA,Vegetated,12/11/22,0.1877,
701,Vegetated,Bromus,LEX-A,LEX,Roadside,12/11/22,0.006,0.4397
405,Vegetated,None,CHE-O,CHE,Vegetated,12/11/22,0.1255,
509,Vegetated,None,SSJ-A,SSJ,Roadside,12/11/22,0.1728,
61,Construction,None,LEX-A,LEX,Roadside,12/11/22,0.0027,
661,Vegetated,Bromus,CHE-O,CHE,Vegetated,12/11/22,0.0077,0.1995
381,Construction,Bromus,SSJ-A,SSJ,Roadside,12/11/22,0.0011,0.0215
749,Vegetated,Bromus,PEN-A,PEN,Roadside,12/11/22,0.014,0.309
149,Construction,Festuca,CHE-O,CHE,Vegetated,12/11/22,0.0008,0.1127
621,Vegetated,Festuca,PEN-A,PEN,Roadside,12/11/22,,0.8345
189,Construction,Festuca,LEX-A,LEX,Roadside,12/11/22,0.0003,0.1358
141,Construction,Festuca,BAY-A,BAY,Roadside,12/11/22,0.0018,0.0905
245,Construction,Festuca,SSJ-O,SSJ,Vegetated,12/11/22,0.0015,0.081
741,Vegetated,Bromus,PEN-O,PEN,Vegetated,12/11/22,0.0066,0.3504
589,Vegetated,Festuca,OAP-A,OAP,Roadside,12/11/22,0.0012,1.0781
21,Construction,None,CHE-O,CHE,Vegetated,12/11/22,0.0007,
557,Vegetated,Festuca,GUA-A,GUA,Roadside,12/11/22,0.0011,0.9182
93,Construction,None,PAR-A,PAR,Roadside,12/11/22,0.0022,
597,Vegetated,Festuca,PAR-O,PAR,Vegetated,12/11/22,0.005,0.7895
581,Vegetated,Festuca,OAP-O,OAP,Vegetated,12/11/22,0.0022,0.8839
285,Construction,Bromus,CHE-A,CHE,Roadside,12/11/22,0.0005,0.0169
389,Vegetated,None,BAY-O,BAY,Vegetated,12/15/22,0.1713,
373,Construction,Bromus,SSJ-O,SSJ,Vegetated,12/11/22,0.0022,0.0177
333,Construction,Bromus,OAP-A,OAP,Roadside,12/11/22,0.0008,0.0144
13,Construction,None,BAY-A,BAY,Roadside,12/11/22,0.0024,
549,Vegetated,Festuca,GUA-O,GUA,Vegetated,12/11/22,0.0028,0.7887
438,Vegetated,None,LEX-O,LEX,Vegetated,12/12/22,0.2295,
558,Vegetated,Festuca,GUA-A,GUA,Roadside,12/12/22,0.0017,1.052
246,Construction,Festuca,SSJ-O,SSJ,Vegetated,12/12/22,0.002,0.0594
686,Vegetated,Bromus,GUA-A,GUA,Roadside,12/12/22,0.0062,0.2485
406,Vegetated,None,CHE-O,CHE,Vegetated,12/12/22,0.1993,
158,Construction,Festuca,CHE-A,CHE,Roadside,12/12/22,0.0012,0.0546
550,Vegetated,Festuca,GUA-O,GUA,Vegetated,12/12/22,0.0025,0.9348
598,Vegetated,Festuca,PAR-O,PAR,Vegetated,12/12/22,0.0023,0.8439
678,Vegetated,Bromus,GUA-O,GUA,Vegetated,12/12/22,0.0289,0.2408
430,Vegetated,None,GUA-A,GUA,Roadside,12/12/22,0.093,
238,Construction,Festuca,PEN-A,PEN,Roadside,12/12/22,0.0011,0.0383
46,Construction,None,GUA-A,GUA,Roadside,12/12/22,0.0012,
542,Vegetated,Festuca,CHE-A,CHE,Roadside,12/12/22,0.0036,0.6908
262,Construction,Bromus,BAY-O,BAY,Vegetated,12/12/22,0.0005,0.0206
422,Vegetated,None,GUA-O,GUA,Vegetated,12/12/22,0.2,
30,Construction,None,CHE-A,CHE,Roadside,12/12/22,0.0016,
22,Construction,None,CHE-O,CHE,Vegetated,12/12/22,0.0012,
462,Vegetated,None,OAP-A,OAP,Roadside,12/12/22,0.2815,
670,Vegetated,Bromus,CHE-A,CHE,Roadside,12/12/22,0.0079,0.3155
614,Vegetated,Festuca,PEN-O,PEN,Vegetated,12/12/22,0.0012,0.886
390,Vegetated,None,BAY-O,BAY,Vegetated,12/12/22,0.1275,
510,Vegetated,None,SSJ-A,SSJ,Roadside,12/12/22,0.1188,
254,Construction,Festuca,SSJ-A,SSJ,Roadside,12/12/22,0.0018,0.0729
662,Vegetated,Bromus,CHE-O,CHE,Vegetated,12/12/22,0.0075,0.2449
454,Vegetated,None,OAP-O,OAP,Vegetated,12/12/22,0.1763,
622,Vegetated,Festuca,PEN-A,PEN,Roadside,12/12/22,0.0025,0.7765
566,Vegetated,Festuca,LEX-O,LEX,Vegetated,12/12/22,0.0021,1.0102
766,Vegetated,Bromus,SSJ-A,SSJ,Roadside,12/12/22,0.0383,0.4691
230,Construction,Festuca,PEN-O,PEN,Vegetated,12/12/22,0.0005,0.0951
534,Vegetated,Festuca,CHE-O,CHE,Vegetated,12/12/22,0.0018,0.5122
694,Vegetated,Bromus,LEX-O,LEX,Vegetated,12/12/22,0.0056,0.3152
710,Vegetated,Bromus,OAP-O,OAP,Vegetated,12/12/22,0.0051,0.4727
142,Construction,Festuca,BAY-A,BAY,Roadside,12/12/22,0.0008,0.1036
758,Vegetated,Bromus,SSJ-O,SSJ,Vegetated,12/12/22,0.0095,0.2883
174,Construction,Festuca,GUA-A,GUA,Roadside,12/12/22,0.001,0.1538
270,Construction,Bromus,BAY-A,BAY,Roadside,12/12/22,0.0012,0.0164
6,Construction,None,BAY-O,BAY,Vegetated,12/12/22,0.0034,
54,Construction,None,LEX-O,LEX,Vegetated,12/12/22,0.0021,
590,Vegetated,Festuca,OAP-A,OAP,Roadside,12/12/22,0.0525,0.354
166,Construction,Festuca,GUA-O,GUA,Vegetated,12/12/22,0.0007,0.113
318,Construction,Bromus,LEX-A,LEX,Roadside,12/12/22,0.0011,0.0229
214,Construction,Festuca,PAR-O,PAR,Vegetated,12/12/22,0.0011,0.0499
518,Vegetated,Festuca,BAY-O,BAY,Vegetated,12/12/22,0.0068,0.5735
366,Construction,Bromus,PEN-A,PEN,Roadside,12/12/22,0.0008,0.0207
526,Vegetated,Festuca,BAY-A,BAY,Roadside,12/11/22,0.0027,0.8688
638,Vegetated,Festuca,SSJ-A,SSJ,Roadside,12/11/22,0.0009,1.9061
126,Construction,None,SSJ-A,SSJ,Roadside,12/11/22,0.0026,
742,Vegetated,Bromus,PEN-O,PEN,Vegetated,12/11/22,0.0133,0.3318
334,Construction,Bromus,OAP-A,OAP,Roadside,12/11/22,0.0015,0.0294
630,Vegetated,Festuca,SSJ-O,SSJ,Vegetated,12/11/22,0.0068,0.9346
718,Vegetated,Bromus,OAP-A,OAP,Roadside,12/11/22,0.0166,0.3691
310,Construction,Bromus,LEX-O,LEX,Vegetated,12/11/22,0.0018,0.0093
502,Vegetated,None,SSJ-O,SSJ,Vegetated,12/11/22,0.1465,
374,Construction,Bromus,SSJ-O,SSJ,Vegetated,12/11/22,0.001,0.0068
358,Construction,Bromus,PEN-O,PEN,Vegetated,12/11/22,0.001,0.0313
470,Vegetated,None,PAR-O,PAR,Vegetated,12/11/22,0.2572,
486,Vegetated,None,PEN-O,PEN,Vegetated,12/11/22,0.1696,
646,Vegetated,Bromus,BAY-O,BAY,Vegetated,12/11/22,0.0018,0.2969
182,Construction,Festuca,LEX-O,LEX,Vegetated,12/11/22,0.0024,0.1476
302,Construction,Bromus,GUA-A,GUA,Roadside,12/11/22,0.0024,0.0281
150,Construction,Festuca,CHE-O,CHE,Vegetated,12/11/22,0.0033,0.1502
278,Construction,Bromus,CHE-O,CHE,Vegetated,12/11/22,0.0004,0.0272
654,Vegetated,Bromus,BAY-A,BAY,Roadside,12/11/22,0.0054,0.2564
78,Construction,None,OAP-A,OAP,Roadside,12/11/22,0.0019,
726,Vegetated,Bromus,PAR-O,PAR,Vegetated,12/11/22,0.0302,0.3172
294,Construction,Bromus,GUA-O,GUA,Vegetated,12/11/22,0.0014,0.0197
62,Construction,None,LEX-A,LEX,Roadside,12/11/22,0.0029,
734,Vegetated,Bromus,PAR-A,PAR,Roadside,12/11/22,0.0468,0.3995
382,Construction,Bromus,SSJ-A,SSJ,Roadside,12/11/22,0.0025,0.0282
582,Vegetated,Festuca,OAP-O,OAP,Vegetated,12/11/22,0.0005,0.8229
574,Vegetated,Festuca,LEX-A,LEX,Roadside,12/11/22,0.0003,1.2252
118,Construction,None,SSJ-O,SSJ,Vegetated,12/11/22,0.0008,
70,Construction,None,OAP-O,OAP,Vegetated,12/11/22,0.0006,
190,Construction,Festuca,LEX-A,LEX,Roadside,12/11/22,0.0009,0.1723
102,Construction,None,PEN-O,PEN,Vegetated,12/11/22,0.0023,
326,Construction,Bromus,OAP-O,OAP,Vegetated,12/11/22,0.002,0.0257
342,Construction,Bromus,PAR-O,PAR,Vegetated,12/11/22,0.0014,0.0028
222,Construction,Festuca,PAR-A,PAR,Roadside,12/11/22,0.0014,0.039
14,Construction,None,BAY-A,BAY,Roadside,12/11/22,0.0051,
702,Vegetated,Bromus,LEX-A,LEX,Roadside,12/11/22,0.0114,0.4089
350,Construction,Bromus,PAR-A,PAR,Roadside,12/11/22,0.0011,0.0172
494,Vegetated,None,PEN-A,PEN,Roadside,12/11/22,0.1392,
38,Construction,None,GUA-O,GUA,Vegetated,12/11/22,0.0014,
446,Vegetated,None,LEX-A,LEX,Roadside,12/11/22,0.4062,
398,Vegetated,None,BAY-A,BAY,Roadside,12/11/22,0.2847,
134,Construction,Festuca,BAY-O,BAY,Vegetated,12/11/22,0.0018,0.0731
94,Construction,None,PAR-A,PAR,Roadside,12/11/22,0.0026,
206,Construction,Festuca,OAP-A,OAP,Roadside,12/11/22,0.0003,0.1079
414,Vegetated,None,CHE-A,CHE,Roadside,12/11/22,0.3105,
478,Vegetated,None,PAR-A,PAR,Roadside,12/9/22,0.5504,
198,Construction,Festuca,OAP-O,OAP,Vegetated,12/11/22,0.0004,0.1621
110,Construction,None,PEN-A,PEN,Roadside,12/11/22,0.0006,
750,Vegetated,Bromus,PEN-A,PEN,Roadside,12/11/22,0.0051,0.3405
86,Construction,None,PAR-O,PAR,Vegetated,12/11/22,0.0019,
286,Construction,Bromus,CHE-A,CHE,Roadside,12/11/22,0.0015,0.0275
606,Vegetated,Festuca,PAR-A,PAR,Roadside,12/11/22,0.0094,0.4996
767,Vegetated,Bromus,SSJ-A,SSJ,Roadside,12/14/22,0.0406,0.3097
615,Vegetated,Festuca,PEN-O,PEN,Vegetated,12/14/22,0.0025,1.1646
591,Vegetated,Festuca,OAP-A,OAP,Roadside,12/14/22,0.0017,0.8965
663,Vegetated,Bromus,CHE-O,CHE,Vegetated,12/14/22,0.0117,0.2231
375,Construction,Bromus,SSJ-O,SSJ,Vegetated,12/14/22,0.0022,0.0217
367,Construction,Bromus,PEN-A,PEN,Roadside,12/14/22,0.0007,0.0211
623,Vegetated,Festuca,PEN-A,PEN,Roadside,12/14/22,0.0021,1.1706
671,Vegetated,Bromus,CHE-A,CHE,Roadside,12/14/22,0.0146,0.2264
431,Vegetated,None,GUA-A,GUA,Roadside,12/14/22,0.1347,
295,Construction,Bromus,GUA-O,GUA,Vegetated,12/14/22,0.0014,0.0225
727,Vegetated,Bromus,PAR-O,PAR,Vegetated,12/14/22,0.0147,0.3725
631,Vegetated,Festuca,SSJ-O,SSJ,Vegetated,12/14/22,0.0057,1.1611
215,Construction,Festuca,PAR-O,PAR,Vegetated,12/14/22,0.0008,0.1606
71,Construction,None,OAP-O,OAP,Vegetated,12/14/22,0.0012,
695,Vegetated,Bromus,LEX-O,LEX,Vegetated,12/14/22,0.0029,0.4181
687,Vegetated,Bromus,GUA-A,GUA,Roadside,12/14/22,0.0056,0.33
575,Vegetated,Festuca,LEX-A,LEX,Roadside,12/14/22,0.0012,1.0264
503,Vegetated,None,SSJ-O,SSJ,Vegetated,12/14/22,0.139,
551,Vegetated,Festuca,GUA-O,GUA,Vegetated,12/14/22,0.014,0.4641
703,Vegetated,Bromus,LEX-A,LEX,Roadside,12/14/22,0.0069,0.3711
111,Construction,None,PEN-A,PEN,Roadside,12/14/22,0.002,
527,Vegetated,Festuca,BAY-A,BAY,Roadside,12/14/22,0.0023,0.8902
471,Vegetated,None,PAR-O,PAR,Vegetated,12/14/22,0.0604,
655,Vegetated,Bromus,BAY-A,BAY,Roadside,12/14/22,0.0048,0.2023
343,Construction,Bromus,PAR-O,PAR,Vegetated,12/14/22,0.0013,0.015
487,Vegetated,None,PEN-O,PEN,Vegetated,12/14/22,0.1738,
447,Vegetated,None,LEX-A,LEX,Roadside,12/14/22,0.1842,
119,Construction,None,SSJ-O,SSJ,Vegetated,12/14/22,0.0014,
183,Construction,Festuca,LEX-O,LEX,Vegetated,12/14/22,0.0004,0.2514
135,Construction,Festuca,BAY-O,BAY,Vegetated,12/14/22,0.0007,0.1084
479,Vegetated,None,PAR-A,PAR,Roadside,12/14/22,0.2713,
495,Vegetated,None,PEN-A,PEN,Roadside,12/14/22,0.1452,
223,Construction,Festuca,PAR-A,PAR,Roadside,12/14/22,0.0016,0.0637
711,Vegetated,Bromus,OAP-O,OAP,Vegetated,12/14/22,0.0072,0.4054
31,Construction,None,CHE-A,CHE,Roadside,12/14/22,0.0013,
95,Construction,None,PAR-A,PAR,Roadside,12/14/22,0.0011,
327,Construction,Bromus,OAP-O,OAP,Vegetated,12/14/22,0.0027,0.0062
415,Vegetated,None,CHE-A,CHE,Roadside,12/14/22,0.1463,
583,Vegetated,Festuca,OAP-O,OAP,Vegetated,12/14/22,0.0019,0.7396
407,Vegetated,None,CHE-O,CHE,Vegetated,12/14/22,0.2275,
263,Construction,Bromus,BAY-O,BAY,Vegetated,12/14/22,0.0022,0.0308
15,Construction,None,BAY-A,BAY,Roadside,12/14/22,0.0045,
679,Vegetated,Bromus,GUA-O,GUA,Vegetated,12/14/22,0.0153,0.275
23,Construction,None,CHE-O,CHE,Vegetated,12/14/22,0.0008,
455,Vegetated,None,OAP-O,OAP,Vegetated,12/14/22,0.2328,
175,Construction,Festuca,GUA-A,GUA,Roadside,12/14/22,0.0015,0.1113
127,Construction,None,SSJ-A,SSJ,Roadside,12/14/22,0.0018,
39,Construction,None,GUA-O,GUA,Vegetated,12/14/22,0.0016,
47,Construction,None,GUA-A,GUA,Roadside,12/14/22,0.0031,
167,Construction,Festuca,GUA-O,GUA,Vegetated,12/14/22,0.0012,0.1035
359,Construction,Bromus,PEN-O,PEN,Vegetated,12/14/22,0.0022,0.0134
279,Construction,Bromus,CHE-O,CHE,Vegetated,12/14/22,0.0008,0.0066
383,Construction,Bromus,SSJ-A,SSJ,Roadside,12/14/22,0.0021,0.033
255,Construction,Festuca,SSJ-A,SSJ,Roadside,12/14/22,0.0015,0.1269
751,Vegetated,Bromus,PEN-A,PEN,Roadside,12/14/22,0.0048,0.5351
439,Vegetated,None,LEX-O,LEX,Vegetated,12/14/22,0.2157,
639,Vegetated,Festuca,SSJ-A,SSJ,Roadside,12/14/22,0.0016,1.1678
287,Construction,Bromus,CHE-A,CHE,Roadside,12/14/22,0.0008,0.0215
519,Vegetated,Festuca,BAY-O,BAY,Vegetated,12/14/22,0.0022,0.58
735,Vegetated,Bromus,PAR-A,PAR,Roadside,12/14/22,0.0446,0.4231
351,Construction,Bromus,PAR-A,PAR,Roadside,12/14/22,0.0015,0.0152
207,Construction,Festuca,OAP-A,OAP,Roadside,12/14/22,0.0017,0.0363
191,Construction,Festuca,LEX-A,LEX,Roadside,12/14/22,0.0014,0.1122
543,Vegetated,Festuca,CHE-A,CHE,Roadside,12/14/22,0.0013,0.8153
79,Construction,None,OAP-A,OAP,Roadside,12/14/22,0.0014,
247,Construction,Festuca,SSJ-O,SSJ,Vegetated,12/14/22,0.0011,0.0692
311,Construction,Bromus,LEX-O,LEX,Vegetated,12/14/22,0.0019,0.0226
423,Vegetated,None,GUA-O,GUA,Vegetated,12/14/22,0.2313,
159,Construction,Festuca,CHE-A,CHE,Roadside,12/14/22,0.0011,0.0904
87,Construction,None,PAR-O,PAR,Vegetated,12/14/22,0.002,
511,Vegetated,None,SSJ-A,SSJ,Roadside,12/14/22,0.2728,
199,Construction,Festuca,OAP-O,OAP,Vegetated,12/14/22,0.0003,0.1332
63,Construction,None,LEX-A,LEX,Roadside,12/14/22,0.0014,
599,Vegetated,Festuca,PAR-O,PAR,Vegetated,12/14/22,0.0008,0.5937
391,Vegetated,None,BAY-O,BAY,Vegetated,12/14/22,0.0934,
399,Vegetated,None,BAY-A,BAY,Roadside,12/14/22,0.287,
567,Vegetated,Festuca,LEX-O,LEX,Vegetated,12/14/22,0.0014,1.1932
103,Construction,None,PEN-O,PEN,Vegetated,12/14/22,0.0008,
559,Vegetated,Festuca,GUA-A,GUA,Roadside,12/14/22,0.0014,0.6324
463,Vegetated,None,OAP-A,OAP,Roadside,12/14/22,0.3077,
719,Vegetated,Bromus,OAP-A,OAP,Roadside,12/14/22,0.0136,0.3553
647,Vegetated,Bromus,BAY-O,BAY,Vegetated,12/14/22,0.0042,0.297
607,Vegetated,Festuca,PAR-A,PAR,Roadside,12/14/22,0.0018,1.7619
319,Construction,Bromus,LEX-A,LEX,Roadside,12/14/22,0.0016,0.0244
535,Vegetated,Festuca,CHE-O,CHE,Vegetated,12/14/22,0.0023,0.8186
239,Construction,Festuca,PEN-A,PEN,Roadside,12/14/22,0.0015,0.0846
231,Construction,Festuca,PEN-O,PEN,Vegetated,12/14/22,0.0015,0.0455
143,Construction,Festuca,BAY-A,BAY,Roadside,12/14/22,0.0008,0.1448
335,Construction,Bromus,OAP-A,OAP,Roadside,12/14/22,0.0013,0.0263
151,Construction,Festuca,CHE-O,CHE,Vegetated,12/14/22,0.0004,0.0837
7,Construction,None,BAY-O,BAY,Vegetated,12/14/22,0.0019,
759,Vegetated,Bromus,SSJ-O,SSJ,Vegetated,12/14/22,0.0074,0.4217
303,Construction,Bromus,GUA-A,GUA,Roadside,12/14/22,0.0015,0.0443
55,Construction,None,LEX-O,LEX,Vegetated,12/14/22,0.0021,
743,Vegetated,Bromus,PEN-O,PEN,Vegetated,12/14/22,0.0129,0.368
271,Construction,Bromus,BAY-A,BAY,Roadside,12/14/22,0.0015,0.0137
600,Vegetated,Festuca,PAR-O,PAR,Vegetated,12/11/22,0.0016,1.3941
320,Construction,Bromus,LEX-A,LEX,Roadside,12/11/22,0.0017,0.0274
656,Vegetated,Bromus,BAY-A,BAY,Roadside,12/11/22,0.0084,0.2203
192,Construction,Festuca,LEX-A,LEX,Roadside,12/11/22,0.0011,0.1575
112,Construction,None,PEN-A,PEN,Roadside,12/11/22,0.0018,
640,Vegetated,Festuca,SSJ-A,SSJ,Roadside,12/11/22,0.0007,0.9072
632,Vegetated,Festuca,SSJ-O,SSJ,Vegetated,12/11/22,0.0033,0.8104
280,Construction,Bromus,CHE-O,CHE,Vegetated,12/11/22,0.0009,0.0263
616,Vegetated,Festuca,PEN-O,PEN,Vegetated,12/11/22,0.0032,0.9318
728,Vegetated,Bromus,PAR-O,PAR,Vegetated,12/11/22,0.0376,0.3387
696,Vegetated,Bromus,LEX-O,LEX,Vegetated,12/11/22,0.0023,0.4342
296,Construction,Bromus,GUA-O,GUA,Vegetated,12/11/22,0.0015,0.024
48,Construction,None,GUA-A,GUA,Roadside,12/11/22,0.0016,
200,Construction,Festuca,OAP-O,OAP,Vegetated,12/11/22,0.0012,0.0584
680,Vegetated,Bromus,GUA-O,GUA,Vegetated,12/11/22,0.0179,0.2487
760,Vegetated,Bromus,SSJ-O,SSJ,Vegetated,12/11/22,0.0089,0.4557
208,Construction,Festuca,OAP-A,OAP,Roadside,12/11/22,0.0008,0.091
248,Construction,Festuca,SSJ-O,SSJ,Vegetated,12/11/22,0.0008,0.0307
424,Vegetated,None,GUA-O,GUA,Vegetated,12/11/22,0.2224,
520,Vegetated,Festuca,BAY-O,BAY,Vegetated,12/11/22,0.0026,0.6294
328,Construction,Bromus,OAP-O,OAP,Vegetated,12/11/22,0.0012,0.0193
312,Construction,Bromus,LEX-O,LEX,Vegetated,12/11/22,0.0004,0.015
32,Construction,None,CHE-A,CHE,Roadside,12/11/22,0.0012,
16,Construction,None,BAY-A,BAY,Roadside,12/11/22,0.0017,
88,Construction,None,PAR-O,PAR,Vegetated,12/11/22,0.0018,
184,Construction,Festuca,LEX-O,LEX,Vegetated,12/11/22,0.0006,0.1093
80,Construction,None,OAP-A,OAP,Roadside,12/11/22,0.0012,
488,Vegetated,None,PEN-O,PEN,Vegetated,12/11/22,0.1707,
304,Construction,Bromus,GUA-A,GUA,Roadside,12/11/22,0.0011,0.0154
360,Construction,Bromus,PEN-O,PEN,Vegetated,12/11/22,0.0016,0.0092
496,Vegetated,None,PEN-A,PEN,Roadside,12/11/22,0.2448,
624,Vegetated,Festuca,PEN-A,PEN,Roadside,12/11/22,0.0023,0.6145
8,Construction,None,BAY-O,BAY,Vegetated,12/11/22,0.005,
136,Construction,Festuca,BAY-O,BAY,Vegetated,12/11/22,0.0015,0.0777
352,Construction,Bromus,PAR-A,PAR,Roadside,12/11/22,0.0013,0.0111
472,Vegetated,None,PAR-O,PAR,Vegetated,12/11/22,0.335,
576,Vegetated,Festuca,LEX-A,LEX,Roadside,12/11/22,0.0016,1.2803
416,Vegetated,None,CHE-A,CHE,Roadside,12/11/22,0.1692,
392,Vegetated,None,BAY-O,BAY,Vegetated,12/11/22,0.1076,
528,Vegetated,Festuca,BAY-A,BAY,Roadside,12/11/22,0.0018,1.0065
128,Construction,None,SSJ-A,SSJ,Roadside,12/11/22,0.004,
752,Vegetated,Bromus,PEN-A,PEN,Roadside,12/11/22,0.0056,0.3047
408,Vegetated,None,CHE-O,CHE,Vegetated,12/11/22,0.4274,
480,Vegetated,None,PAR-A,PAR,Roadside,12/11/22,0.2831,
744,Vegetated,Bromus,PEN-O,PEN,Vegetated,12/11/22,0.0177,0.5536
464,Vegetated,None,OAP-A,OAP,Roadside,12/11/22,0.2498,
560,Vegetated,Festuca,GUA-A,GUA,Roadside,12/11/22,0.0007,0.9558
648,Vegetated,Bromus,BAY-O,BAY,Vegetated,12/11/22,0.0063,0.2734
440,Vegetated,None,LEX-O,LEX,Vegetated,12/11/22,0.2916,
584,Vegetated,Festuca,OAP-O,OAP,Vegetated,12/11/22,0.0016,1.7405
336,Construction,Bromus,OAP-A,OAP,Roadside,12/14/22,0.001,0.0214
160,Construction,Festuca,CHE-A,CHE,Roadside,12/14/22,0.0018,0.1714
232,Construction,Festuca,PEN-O,PEN,Vegetated,12/14/22,0.0011,0.1715
216,Construction,Festuca,PAR-O,PAR,Vegetated,12/14/22,0.0008,0.0436
104,Construction,None,PEN-O,PEN,Vegetated,12/14/22,0.0006,
536,Vegetated,Festuca,CHE-O,CHE,Vegetated,12/14/22,0.0005,0.7668
40,Construction,None,GUA-O,GUA,Vegetated,12/14/22,0.0044,
56,Construction,None,LEX-O,LEX,Vegetated,12/14/22,0.006,
720,Vegetated,Bromus,OAP-A,OAP,Roadside,12/14/22,0.0053,0.3585
704,Vegetated,Bromus,LEX-A,LEX,Roadside,12/14/22,0.0061,0.3354
376,Construction,Bromus,SSJ-O,SSJ,Vegetated,12/14/22,0.0004,0.013
168,Construction,Festuca,GUA-O,GUA,Vegetated,12/14/22,0.0022,0.0896
240,Construction,Festuca,PEN-A,PEN,Roadside,12/14/22,0.002,0.0438
144,Construction,Festuca,BAY-A,BAY,Roadside,12/14/22,0.0015,0.0608
592,Vegetated,Festuca,OAP-A,OAP,Roadside,12/14/22,0.0003,0.7341
368,Construction,Bromus,PEN-A,PEN,Roadside,12/14/22,0.0014,0.0201
272,Construction,Bromus,BAY-A,BAY,Roadside,12/14/22,0.0013,0.0302
688,Vegetated,Bromus,GUA-A,GUA,Roadside,12/14/22,0.0034,0.2742
448,Vegetated,None,LEX-A,LEX,Roadside,12/14/22,0.2738,
608,Vegetated,Festuca,PAR-A,PAR,Roadside,12/14/22,0.0047,0.8317
384,Construction,Bromus,SSJ-A,SSJ,Roadside,12/14/22,0.0012,0.0224
664,Vegetated,Bromus,CHE-O,CHE,Vegetated,12/14/22,0.0118,0.1262
432,Vegetated,None,GUA-A,GUA,Roadside,12/14/22,0.0746,
512,Vegetated,None,SSJ-A,SSJ,Roadside,12/14/22,0.4482,
568,Vegetated,Festuca,LEX-O,LEX,Vegetated,12/14/22,0.002,1.0721
224,Construction,Festuca,PAR-A,PAR,Roadside,12/14/22,0.0021,0.0988
24,Construction,None,CHE-O,CHE,Vegetated,12/14/22,0.0027,
264,Construction,Bromus,BAY-O,BAY,Vegetated,12/14/22,0.0017,0.0278
176,Construction,Festuca,GUA-A,GUA,Roadside,12/14/22,0.0014,0.1963
400,Vegetated,None,BAY-A,BAY,Roadside,12/14/22,0.3056,
120,Construction,None,SSJ-O,SSJ,Vegetated,12/14/22,0.0008,
552,Vegetated,Festuca,GUA-O,GUA,Vegetated,12/14/22,0.0015,0.9206
736,Vegetated,Bromus,PAR-A,PAR,Roadside,12/14/22,0.0449,0.3908
64,Construction,None,LEX-A,LEX,Roadside,12/14/22,0.0027,
712,Vegetated,Bromus,OAP-O,OAP,Vegetated,12/14/22,0.0073,0.4791
152,Construction,Festuca,CHE-O,CHE,Vegetated,12/14/22,0.0012,0.1146
544,Vegetated,Festuca,CHE-A,CHE,Roadside,12/14/22,0.0014,1.0173
504,Vegetated,None,SSJ-O,SSJ,Vegetated,12/14/22,0.2255,
768,Vegetated,Bromus,SSJ-A,SSJ,Roadside,12/14/22,0.0002,0.2796
288,Construction,Bromus,CHE-A,CHE,Roadside,12/14/22,0.0034,0.0197
256,Construction,Festuca,SSJ-A,SSJ,Roadside,12/14/22,0.0015,0.1168
344,Construction,Bromus,PAR-O,PAR,Vegetated,12/14/22,0.0009,0.0193
672,Vegetated,Bromus,CHE-A,CHE,Roadside,12/14/22,0.0108,0.2285
72,Construction,None,OAP-O,OAP,Vegetated,12/14/22,0.0024,
96,Construction,None,PAR-A,PAR,Roadside,12/14/22,0.0018,
456,Vegetated,None,OAP-O,OAP,Vegetated,12/14/22,0.2153,