Pot ID,Soil,Site,Block,Habitat,Competition,Population,Biomass_date,Dittrichia_biomass,LRR_All,Grass_biomass,MeasurementDate_2,MeasurementDate_3,GrassHeight_cm_2,GrassHeight_cm_3,GrassGrowth,DittrichiaLLL_mm_2,DittrichiaLLL_mm_3,DittrichiaGrowth
649,Field Soil,BAY,1,Roadside,Bromus,BAY-R,12/16/22,0.0221,-2.408126588,0.2153,9/14/21,10/15/21,29.3,29.1,-0.2,15.63,23.45,7.82
521,Field Soil,BAY,1,Roadside,Festuca,BAY-R,12/16/22,0.0068,-3.586781584,0.4136,9/15/21,10/15/21,53.6,71.8,18.2,7.39,9.48,2.09
393,Field Soil,BAY,1,Roadside,None,BAY-R,12/16/22,0.2456,,,9/14/21,10/15/21,,,0,50.59,59.48,8.89
641,Field Soil,BAY,1,Vegetated,Bromus,BAY-V,12/15/22,0.0088,-3.274998349,0.2721,9/15/21,10/15/21,29.8,31.5,1.7,8.41,13.92,5.51
513,Field Soil,BAY,1,Vegetated,Festuca,BAY-V,12/16/22,0.0024,-4.574281333,0.6312,9/14/21,10/15/21,55,65.1,10.1,7.75,9.71,1.96
385,Field Soil,BAY,1,Vegetated,None,BAY-V,12/15/22,0.2327,,,9/15/21,10/15/21,,,0,54.42,46.79,-7.63
665,Field Soil,CHE,1,Roadside,Bromus,CHE-R,12/15/22,0.0157,-2.062580444,0.2066,9/15/21,10/15/21,27.7,27.6,-0.1,10.98,16.64,5.66
537,Field Soil,CHE,1,Roadside,Festuca,CHE-R,12/16/22,0.0011,-4.720930976,0.9425,9/14/21,10/15/21,44.9,43.5,-1.4,3.22,4.68,1.46
409,Field Soil,CHE,1,Roadside,None,CHE-R,12/16/22,0.1235,,,9/14/21,10/15/21,,,0,24.81,48.46,23.65
657,Field Soil,CHE,1,Vegetated,Bromus,CHE-V,12/15/22,0.0054,-3.45643351,0.2476,9/15/21,10/15/21,29.5,32.1,2.6,8.46,12.23,3.77
529,Field Soil,CHE,1,Vegetated,Festuca,CHE-V,12/16/22,0.0007,-5.499507408,0.7109,9/14/21,10/15/21,51.5,51.2,-0.3,4.86,7.36,2.5
401,Field Soil,CHE,1,Vegetated,None,CHE-V,12/15/22,0.1712,,,9/15/21,10/15/21,,,0,36.63,45.94,9.31
681,Field Soil,GUA,1,Roadside,Bromus,GUA-R,12/16/22,0.0071,-2.676574069,0.2514,9/14/21,10/15/21,32.8,35.4,2.6,7.86,17.98,10.12
553,Field Soil,GUA,1,Roadside,Festuca,GUA-R,12/15/22,0.0016,-4.166665224,1.0852,9/15/21,10/15/21,52.1,56.1,4,6.54,7.29,0.75
425,Field Soil,GUA,1,Roadside,None,GUA-R,12/16/22,0.1032,,,9/14/21,10/15/21,,,0,32.98,48.47,15.49
673,Field Soil,GUA,1,Vegetated,Bromus,GUA-V,12/16/22,0.0287,-2.271083638,0.2087,9/14/21,10/15/21,30.7,34.7,4,20.07,28.22,8.15
545,Field Soil,GUA,1,Vegetated,Festuca,GUA-V,12/15/22,0.0027,-4.634728988,0.8403,9/15/21,10/15/21,55.2,62.5,7.3,5.21,10.16,4.95
417,Field Soil,GUA,1,Vegetated,None,GUA-V,12/15/22,0.2781,,,9/15/21,10/15/21,,,0,50.84,71.7,20.86
697,Field Soil,LEX,1,Roadside,Bromus,LEX-R,12/15/22,0.0106,-2.914706378,0.3139,9/15/21,10/15/21,29.2,33.4,4.2,10.98,19.51,8.53
569,Field Soil,LEX,1,Roadside,Festuca,LEX-R,12/15/22,0.0025,-4.359269648,0.7246,9/15/21,10/15/21,43,43.9,0.9,5.39,9.92,4.53
441,Field Soil,LEX,1,Roadside,None,LEX-R,12/16/22,0.1955,,,9/14/21,10/15/21,,,0,43,53.43,10.43
689,Field Soil,LEX,1,Vegetated,Bromus,LEX-V,12/16/22,0.0031,-4.206616622,0.2306,9/14/21,10/15/21,34.4,34.1,-0.3,6.87,10.72,3.85
561,Field Soil,LEX,1,Vegetated,Festuca,LEX-V,12/16/22,0.0046,-3.81196243,0.5023,9/14/21,10/15/21,42,46.3,4.3,8.19,13.58,5.39
433,Field Soil,LEX,1,Vegetated,None,LEX-V,12/16/22,0.2081,,,9/14/21,10/15/21,,,0,40.08,51.94,11.86
713,Field Soil,OAP,1,Roadside,Bromus,OAP-R,12/16/22,0.0092,-3.256422897,0.2968,9/14/21,10/15/21,35.7,35.4,-0.3,9.26,17.68,8.42
585,Field Soil,OAP,1,Roadside,Festuca,OAP-R,12/15/22,0.0016,-5.005622752,0.774,9/15/21,10/15/21,46.1,46.2,0.1,7.98,8.45,0.47
457,Field Soil,OAP,1,Roadside,None,OAP-R,12/15/22,0.2388,,,9/15/21,10/15/21,,,0,48.52,51.85,3.33
705,Field Soil,OAP,1,Vegetated,Bromus,OAP-V,12/15/22,0.0156,-2.978273052,0.2641,9/15/21,10/15/21,28.6,28.4,-0.2,13.07,17.32,4.25
577,Field Soil,OAP,1,Vegetated,Festuca,OAP-V,12/16/22,0.0212,-2.671542785,0.9979,9/14/21,10/15/21,70.3,40.6,-29.7,7.41,22.95,15.54
449,Field Soil,OAP,1,Vegetated,None,OAP-V,12/15/22,0.3066,,,9/15/21,10/15/21,,,0,53.91,57.46,3.55
729,Field Soil,PAR,1,Roadside,Bromus,PAR-R,12/16/22,0.0225,-2.59093361,0.2973,9/14/21,10/15/21,32.9,32.2,-0.7,16.45,24.97,8.52
601,Field Soil,PAR,1,Roadside,Festuca,PAR-R,12/15/22,0.0021,-4.962511574,0.963,9/15/21,10/15/21,36.2,32.5,-3.7,3.55,5.08,1.53
473,Field Soil,PAR,1,Roadside,None,PAR-R,12/16/22,0.3002,,,9/14/21,10/15/21,,,0,49.61,57.97,8.36
721,Field Soil,PAR,1,Vegetated,Bromus,PAR-V,12/16/22,0.0302,-2.048333527,0.2804,9/15/21,10/15/21,25.4,27.9,2.5,18.14,27.41,9.27
593,Field Soil,PAR,1,Vegetated,Festuca,PAR-V,12/16/22,0.0011,-5.360865271,1.8682,9/14/21,10/15/21,44.8,48.5,3.7,5.25,4.43,-0.82
465,Field Soil,PAR,1,Vegetated,None,PAR-V,12/16/22,0.2342,,,9/14/21,10/15/21,,,0,54.96,56.43,1.47
745,Field Soil,PEN,1,Roadside,Bromus,PEN-R,12/16/22,0.0193,-2.402125596,0.348,9/14/21,10/15/21,36.4,37.5,1.1,19.87,19.36,-0.51
617,Field Soil,PEN,1,Roadside,Festuca,PEN-R,12/16/22,0.0077,-3.321010363,1.0695,9/15/21,10/15/21,77.3,77.7,0.4,6.61,13.11,6.5
489,Field Soil,PEN,1,Roadside,None,PEN-R,12/16/22,0.2132,,,9/14/21,10/15/21,,,0,39.85,57.16,17.31
737,Field Soil,PEN,1,Vegetated,Bromus,PEN-V,12/15/22,0.0233,-2.10486664,0.2752,9/15/21,10/15/21,34.9,34.5,-0.4,18.72,21.78,3.06
609,Field Soil,PEN,1,Vegetated,Festuca,PEN-V,12/16/22,0.0015,-4.847854893,1.9038,9/15/21,10/15/21,49.3,48.9,-0.4,6.29,5.07,-1.22
481,Field Soil,PEN,1,Vegetated,None,PEN-V,12/16/22,0.1912,,,9/14/21,10/15/21,,,0,45.13,55.65,10.52
761,Field Soil,SSJ,1,Roadside,Bromus,SSJ-R,12/16/22,0.0086,-3.554350887,0.2834,9/14/21,10/15/21,31.2,30.2,-1,11.17,13.23,2.06
633,Field Soil,SSJ,1,Roadside,Festuca,SSJ-R,12/15/22,0.0023,-4.873203967,0.7302,9/15/21,10/15/21,46.4,46.2,-0.2,6.03,6.61,0.58
505,Field Soil,SSJ,1,Roadside,None,SSJ-R,12/15/22,0.3007,,,9/15/21,10/15/21,,,0,61.76,64.92,3.16
753,Field Soil,SSJ,1,Vegetated,Bromus,SSJ-V,12/15/22,0.0359,-1.958956391,0.1955,9/15/21,10/15/21,32.3,32,-0.3,18.51,31.52,13.01
625,Field Soil,SSJ,1,Vegetated,Festuca,SSJ-V,12/15/22,0.0109,-3.150930897,0.8525,9/15/21,10/15/21,74.1,72.7,-1.4,11.33,17.11,5.78
497,Field Soil,SSJ,1,Vegetated,None,SSJ-V,12/15/22,0.2546,,,9/15/21,10/15/21,,,0,52.88,63.97,11.09
650,Field Soil,BAY,2,Roadside,Bromus,BAY-R,12/10/22,0.0271,-2.162177186,0.2417,9/15/21,10/15/21,30.6,29.9,-0.7,16.34,27.61,11.27
522,Field Soil,BAY,2,Roadside,Festuca,BAY-R,12/9/22,0.0133,-2.873946878,0.3206,9/15/21,10/16/21,43.4,42.5,-0.9,10.99,20.64,9.65
394,Field Soil,BAY,2,Roadside,None,BAY-R,12/10/22,0.2355,,,9/15/21,10/15/21,,,0,52.08,70.51,18.43
642,Field Soil,BAY,2,Vegetated,Bromus,BAY-V,12/9/22,0.0105,-3.315397392,0.2412,9/15/21,10/16/21,25.9,25.4,-0.5,9.62,18.84,9.22
514,Field Soil,BAY,2,Vegetated,Festuca,BAY-V,12/9/22,0.002,-4.973625468,0.6737,9/15/21,10/16/21,76.5,76.5,0,4.8,4.27,-0.53
386,Field Soil,BAY,2,Vegetated,None,BAY-V,12/9/22,0.2891,,,9/15/21,10/16/21,,,0,56.34,63.89,7.55
666,Field Soil,CHE,2,Roadside,Bromus,CHE-R,12/9/22,0.0086,-2.907663255,0.2426,9/15/21,10/16/21,30,33.2,3.2,8.14,16.33,8.19
538,Field Soil,CHE,2,Roadside,Festuca,CHE-R,12/9/22,0.0018,-4.471638793,0.4402,9/15/21,10/16/21,42.3,46.9,4.6,6.02,8.51,2.49
410,Field Soil,CHE,2,Roadside,None,CHE-R,12/10/22,0.1575,,,9/15/21,10/15/21,,,0,24.84,58.35,33.51
658,Field Soil,CHE,2,Vegetated,Bromus,CHE-V,12/9/22,0.007,-3.074015192,0.2018,9/15/21,10/16/21,27,26.5,-0.5,8.09,16.09,8
530,Field Soil,CHE,2,Vegetated,Festuca,CHE-V,12/10/22,0.0035,-3.767162373,0.3945,9/15/21,10/15/21,32.5,32.3,-0.2,7.07,11.5,4.43
402,Field Soil,CHE,2,Vegetated,None,CHE-V,12/10/22,0.1514,,,9/15/21,10/15/21,,,0,31.15,46.7,15.55
682,Field Soil,GUA,2,Roadside,Bromus,GUA-R,12/9/22,0.0036,-3.548179572,0.2353,9/15/21,10/15/21,31.5,37.6,6.1,7.69,12.38,4.69
554,Field Soil,GUA,2,Roadside,Festuca,GUA-R,12/9/22,0.0102,-2.506725697,0.6653,9/15/21,10/16/21,55.3,56.5,1.2,7.76,15.44,7.68
426,Field Soil,GUA,2,Roadside,None,GUA-R,12/10/22,0.1251,,,9/15/21,10/15/21,,,0,33.69,48.85,15.16
674,Field Soil,GUA,2,Vegetated,Bromus,GUA-V,12/9/22,0.0351,-1.688822942,0.1634,9/15/21,10/16/21,27,25.1,-1.9,19.92,28.82,8.9
546,Field Soil,GUA,2,Vegetated,Festuca,GUA-V,12/10/22,0.0035,-3.994261104,0.5756,9/15/21,10/15/21,37.6,32.2,-5.4,7.62,12.46,4.84
418,Field Soil,GUA,2,Vegetated,None,GUA-V,12/9/22,0.19,,,9/15/21,10/16/21,,,0,34.82,70.39,35.57
698,Field Soil,LEX,2,Roadside,Bromus,LEX-R,12/10/22,0.0092,-3.221481124,0.3899,9/15/21,10/15/21,31.1,36.3,5.2,10.78,16.28,5.5
570,Field Soil,LEX,2,Roadside,Festuca,LEX-R,12/9/22,0.0059,-3.665732257,0.886,9/15/21,10/16/21,53.5,54.5,1,7.6,14.61,7.01
442,Field Soil,LEX,2,Roadside,None,LEX-R,12/9/22,0.2306,,,9/15/21,10/16/21,,,0,49.47,55.01,5.54
690,Field Soil,LEX,2,Vegetated,Bromus,LEX-V,12/10/22,0.0077,-3.174801795,0.3537,9/15/21,10/15/21,36.8,36.2,-0.6,8.35,18.63,10.28
562,Field Soil,LEX,2,Vegetated,Festuca,LEX-V,12/10/22,0.0021,-4.474084779,1.1382,9/15/21,10/15/21,49,46.3,-2.7,4.22,7.76,3.54
434,Field Soil,LEX,2,Vegetated,None,LEX-V,12/10/22,0.1842,,,9/15/21,10/15/21,,,0,44.75,48.74,3.99
714,Field Soil,OAP,2,Roadside,Bromus,OAP-R,12/10/22,0.0048,-3.950842997,0.3793,9/15/21,10/15/21,50.5,49.8,-0.7,9.53,10.92,1.39
586,Field Soil,OAP,2,Roadside,Festuca,OAP-R,12/9/22,0.0003,-6.72343172,0.9726,9/15/21,10/16/21,62.3,67,4.7,5.08,7.04,1.96
458,Field Soil,OAP,2,Roadside,None,OAP-R,12/10/22,0.2495,,,9/15/21,10/15/21,,,0,53.07,61.69,8.62
706,Field Soil,OAP,2,Vegetated,Bromus,OAP-V,12/9/22,0.0064,-3.0924619,0.4565,9/15/21,10/15/21,35.9,33.4,-2.5,11.12,15.7,4.58
578,Field Soil,OAP,2,Vegetated,Festuca,OAP-V,12/9/22,0.0025,-4.032469159,0.9224,9/15/21,10/16/21,57.5,56.7,-0.8,7.11,8.01,0.9
450,Field Soil,OAP,2,Vegetated,None,OAP-V,12/10/22,0.141,,,9/15/21,10/15/21,,,0,28.67,41.88,13.21
730,Field Soil,PAR,2,Roadside,Bromus,PAR-R,12/9/22,0.015,-2.714253145,0.2938,9/15/21,10/16/21,33,30.3,-2.7,13.83,22.62,8.79
602,Field Soil,PAR,2,Roadside,Festuca,PAR-R,12/9/22,0.0015,-5.016838238,1.784,9/15/21,10/16/21,49.2,45.3,-3.9,4.16,5.54,1.38
474,Field Soil,PAR,2,Roadside,None,PAR-R,12/10/22,0.2264,,,9/15/21,10/15/21,,,0,45.2,52.38,7.18
722,Field Soil,PAR,2,Vegetated,Bromus,PAR-V,12/9/22,0.0403,-1.759823982,0.2657,9/15/21,10/16/21,38,36.1,-1.9,19.35,35.61,16.26
594,Field Soil,PAR,2,Vegetated,Festuca,PAR-V,12/9/22,0.0013,-5.193811187,1.5175,9/15/21,10/16/21,64.9,64.3,-0.6,4.29,5.41,1.12
466,Field Soil,PAR,2,Vegetated,None,PAR-V,12/9/22,0.2342,,,9/15/21,10/16/21,,,0,49.53,54.89,5.36
746,Field Soil,PEN,2,Roadside,Bromus,PEN-R,12/9/22,0.025,-2.07140937,0.2279,9/15/21,10/16/21,35.2,34.6,-0.6,15.98,28.35,12.37
618,Field Soil,PEN,2,Roadside,Festuca,PEN-R,12/10/22,0.0006,-5.801110819,1.0472,9/15/21,10/15/21,59.7,59.2,-0.5,3.14,5.98,2.84
490,Field Soil,PEN,2,Roadside,None,PEN-R,12/10/22,0.1984,,,9/15/21,10/15/21,,,0,37.04,50.39,13.35
738,Field Soil,PEN,2,Vegetated,Bromus,PEN-V,12/9/22,0.0149,-2.523847682,0.3428,9/15/21,10/16/21,39.6,39.6,0,12.7,22.35,9.65
610,Field Soil,PEN,2,Vegetated,Festuca,PEN-V,12/10/22,0.0005,-5.918356075,1.2619,9/15/21,10/15/21,58.7,49.2,-9.5,3.51,4.85,1.34
482,Field Soil,PEN,2,Vegetated,None,PEN-V,12/9/22,0.1859,,,9/15/21,10/16/21,,,0,43.11,58.59,15.48
762,Field Soil,SSJ,2,Roadside,Bromus,SSJ-R,12/10/22,0.0049,-4.092642434,0.4165,9/15/21,10/15/21,38.7,32.2,-6.5,10.52,12.14,1.62
634,Field Soil,SSJ,2,Roadside,Festuca,SSJ-R,12/10/22,0.0251,-2.459009793,0.2823,9/15/21,10/15/21,37.8,36.6,-1.2,19.35,22.81,3.46
506,Field Soil,SSJ,2,Roadside,None,SSJ-R,12/9/22,0.2935,,,9/15/21,10/16/21,,,0,50.38,64.41,14.03
754,Field Soil,SSJ,2,Vegetated,Bromus,SSJ-V,12/10/22,0.0318,-1.862079203,0.2751,9/15/21,10/15/21,32.5,29,-3.5,23.01,29.52,6.51
626,Field Soil,SSJ,2,Vegetated,Festuca,SSJ-V,12/9/22,0.0141,-2.675370695,0.8104,9/15/21,10/16/21,51.8,42.2,-9.6,15.2,12.68,-2.52
498,Field Soil,SSJ,2,Vegetated,None,SSJ-V,12/10/22,0.2047,,,9/15/21,10/15/21,,,0,44.43,60.35,15.92
651,Field Soil,BAY,3,Roadside,Bromus,BAY-R,12/13/22,0.0167,-0.751303101,0.2663,9/15/21,10/16/21,36.5,36.2,-0.3,13.25,21.74,8.49
523,Field Soil,BAY,3,Roadside,Festuca,BAY-R,12/13/22,0.0046,-2.040655517,0.4082,9/15/21,10/16/21,48.1,50.6,2.5,8.24,11.3,3.06
395,Field Soil,BAY,3,Roadside,None,BAY-R,12/13/22,0.0354,,,9/15/21,10/16/21,,,0,10.03,33.37,23.34
643,Field Soil,BAY,3,Vegetated,Bromus,BAY-V,12/13/22,0.0009,-5.777996261,0.2722,9/15/21,10/16/21,35.7,35.1,-0.6,5.99,8.53,2.54
515,Field Soil,BAY,3,Vegetated,Festuca,BAY-V,12/13/22,0.0027,-4.679383973,0.3329,9/15/21,10/16/21,44.1,44.1,0,8.39,9.1,0.71
387,Field Soil,BAY,3,Vegetated,None,BAY-V,12/13/22,0.2908,,,9/15/21,10/16/21,,,0,54.93,61.86,6.93
667,Field Soil,CHE,3,Roadside,Bromus,CHE-R,12/13/22,0.0021,-4.357319141,0.178,9/15/21,10/16/21,33.6,33.8,0.2,12.24,19.7,7.46
539,Field Soil,CHE,3,Roadside,Festuca,CHE-R,12/13/22,0.0017,-4.568628235,1.2351,9/15/21,10/16/21,80.9,68.3,-12.6,3.62,9.09,5.47
411,Field Soil,CHE,3,Roadside,None,CHE-R,12/13/22,0.1639,,,9/15/21,10/16/21,,,0,30.28,50.42,20.14
659,Field Soil,CHE,3,Vegetated,Bromus,CHE-V,12/13/22,0.0056,-3.40238715,0.1923,9/15/21,10/16/21,36.2,35.8,-0.4,6.85,14.19,7.34
531,Field Soil,CHE,3,Vegetated,Festuca,CHE-V,12/13/22,0.0027,-4.131901975,0.5209,9/15/21,10/16/21,44.5,39.8,-4.7,6.92,7.21,0.29
403,Field Soil,CHE,3,Vegetated,None,CHE-V,12/13/22,0.1682,,,9/15/21,10/16/21,,,0,36.13,47.23,11.1
683,Field Soil,GUA,3,Roadside,Bromus,GUA-R,12/13/22,0.0035,-3.761864347,0.3317,9/15/21,10/16/21,31.1,33.5,2.4,8.37,14.37,6
555,Field Soil,GUA,3,Roadside,Festuca,GUA-R,12/13/22,0.0013,-4.752263051,0.8641,9/15/21,10/16/21,52.2,49.1,-3.1,4.37,6.66,2.29
427,Field Soil,GUA,3,Roadside,None,GUA-R,12/13/22,0.1506,,,9/15/21,10/16/21,,,0,24.92,49.91,24.99
675,Field Soil,GUA,3,Vegetated,Bromus,GUA-V,12/13/22,0.0212,-2.208689007,0.1884,9/15/21,10/16/21,25.7,33.4,7.7,18.88,22.65,3.77
547,Field Soil,GUA,3,Vegetated,Festuca,GUA-V,12/13/22,0.0039,-3.901713636,0.6372,9/15/21,10/16/21,35.3,29.7,-5.6,7.55,8.77,1.22
419,Field Soil,GUA,3,Vegetated,None,GUA-V,12/13/22,0.193,,,9/15/21,10/16/21,,,0,43.39,52.81,9.42
699,Field Soil,LEX,3,Roadside,Bromus,LEX-R,12/13/22,0.005,-3.955848485,0.4419,9/15/21,10/16/21,40.5,40,-0.5,7.37,13.01,5.64
571,Field Soil,LEX,3,Roadside,Festuca,LEX-R,12/13/22,0.0029,-4.50057566,1.0334,9/15/21,10/16/21,83.6,31.5,-52.1,6.03,11.26,5.23
443,Field Soil,LEX,3,Roadside,None,LEX-R,12/13/22,0.2612,,,9/15/21,10/16/21,,,0,56.94,65.15,8.21
691,Field Soil,LEX,3,Vegetated,Bromus,LEX-V,12/13/22,0.0022,-4.217500344,0.3693,9/15/21,10/16/21,33.7,32,-1.7,6.27,10.86,4.59
563,Field Soil,LEX,3,Vegetated,Festuca,LEX-V,12/13/22,,#NUM!,0.6515,9/15/21,10/16/21,43,37.1,-5.9,,,0
435,Field Soil,LEX,3,Vegetated,None,LEX-V,12/13/22,0.1493,,,9/15/21,10/16/21,,,0,36.59,50.47,13.88
715,Field Soil,OAP,3,Roadside,Bromus,OAP-R,12/13/22,0.0032,-4.298560104,0.432,9/15/21,10/16/21,43.4,43,-0.4,7.73,10.25,2.52
587,Field Soil,OAP,3,Roadside,Festuca,OAP-R,12/13/22,0.0013,-5.199346649,0.9022,9/15/21,10/16/21,45.3,44.9,-0.4,6.51,9.02,2.51
459,Field Soil,OAP,3,Roadside,None,OAP-R,12/13/22,0.2355,,,9/15/21,10/16/21,,,0,51.88,52.55,0.67
707,Field Soil,OAP,3,Vegetated,Bromus,OAP-V,12/13/22,0.0097,-2.890371758,0.3917,9/15/21,10/16/21,41.5,36.7,-4.8,11.09,18.13,7.04
579,Field Soil,OAP,3,Vegetated,Festuca,OAP-V,12/13/22,0.0204,-2.146962743,0.6472,9/15/21,10/16/21,51.5,53.9,2.4,17.12,22.2,5.08
451,Field Soil,OAP,3,Vegetated,None,OAP-V,12/13/22,0.1746,,,9/15/21,10/16/21,,,0,40.96,52.38,11.42
731,Field Soil,PAR,3,Roadside,Bromus,PAR-R,12/13/22,0.0382,-2.13667267,0.3497,9/15/21,10/16/21,40.5,38.6,-1.9,21.57,29.11,7.54
603,Field Soil,PAR,3,Roadside,Festuca,PAR-R,12/13/22,0.0034,-4.555732754,1.0691,9/15/21,10/16/21,29.8,90.5,60.7,5.53,5.91,0.38
475,Field Soil,PAR,3,Roadside,None,PAR-R,12/13/22,0.3236,,,9/15/21,10/16/21,,,0,53.25,75.87,22.62
723,Field Soil,PAR,3,Vegetated,Bromus,PAR-V,12/13/22,0.0514,-1.780345682,0.2621,9/15/21,10/16/21,35.1,34.8,-0.3,22.12,33.54,11.42
595,Field Soil,PAR,3,Vegetated,Festuca,PAR-V,12/13/22,0.0006,-6.230809478,1.357,9/15/21,10/16/21,51.4,51,-0.4,4.25,4.47,0.22
467,Field Soil,PAR,3,Vegetated,None,PAR-V,12/13/22,0.3049,,,9/15/21,10/16/21,,,0,55.86,63.18,7.32
747,Field Soil,PEN,3,Roadside,Bromus,PEN-R,12/13/22,0.0445,-1.256288048,0.2773,9/15/21,10/16/21,36.5,36,-0.5,21.54,30.59,9.05
619,Field Soil,PEN,3,Roadside,Festuca,PEN-R,12/13/22,0.0012,-4.869455681,0.7818,9/15/21,10/16/21,45,45.8,0.8,7.52,8.58,1.06
491,Field Soil,PEN,3,Roadside,None,PEN-R,12/13/22,0.1563,,,9/15/21,10/16/21,,,0,35.22,51.01,15.79
739,Field Soil,PEN,3,Vegetated,Bromus,PEN-V,12/13/22,0.0418,-1.433602452,0.3271,9/15/21,10/16/21,37.2,36,-1.2,25.01,31.45,6.44
611,Field Soil,PEN,3,Vegetated,Festuca,PEN-V,12/13/22,0.0017,-4.635870541,1.6637,9/15/21,10/16/21,46.7,81,34.3,6.67,6.38,-0.29
483,Field Soil,PEN,3,Vegetated,None,PEN-V,12/13/22,0.1753,,,9/15/21,10/16/21,,,0,35.95,49.73,13.78
763,Field Soil,SSJ,3,Roadside,Bromus,SSJ-R,12/13/22,0.0431,-1.520695445,0.2418,9/15/21,10/16/21,40.3,35.5,-4.8,24.6,35.72,11.12
635,Field Soil,SSJ,3,Roadside,Festuca,SSJ-R,12/9/22,0.01,-2.981633349,0.2605,9/15/21,10/16/21,48.8,49.1,0.3,10.88,16.51,5.63
507,Field Soil,SSJ,3,Roadside,None,SSJ-R,12/13/22,0.1972,,,9/15/21,10/16/21,,,0,46.23,55.95,9.72
755,Field Soil,SSJ,3,Vegetated,Bromus,SSJ-V,12/13/22,0.0057,-3.337827768,0.3751,9/15/21,10/16/21,36.7,35.5,-1.2,11.29,14.35,3.06
627,Field Soil,SSJ,3,Vegetated,Festuca,SSJ-V,12/13/22,0.0067,-3.176186416,1.0716,9/15/21,10/16/21,46.6,46.1,-0.5,13.48,10.37,-3.11
499,Field Soil,SSJ,3,Vegetated,None,SSJ-V,12/13/22,0.1605,,,9/15/21,10/16/21,,,0,36.77,58.3,21.53
652,Field Soil,BAY,4,Roadside,Bromus,BAY-R,12/12/22,0.0097,-3.465091365,0.263,9/16/21,10/16/21,32.7,30.5,-2.2,10.95,17.09,6.14
524,Field Soil,BAY,4,Roadside,Festuca,BAY-R,12/13/22,0.0032,-4.574066441,0.4068,9/16/21,10/16/21,37.9,42.1,4.2,9.32,10.19,0.87
396,Field Soil,BAY,4,Roadside,None,BAY-R,12/13/22,0.3102,,,9/16/21,10/16/21,,,0,63.39,62.53,-0.86
644,Field Soil,BAY,4,Vegetated,Bromus,BAY-V,12/12/22,0.0023,-4.491563201,0.2887,9/16/21,10/16/21,34.5,34,-0.5,6.47,9.19,2.72
516,Field Soil,BAY,4,Vegetated,Festuca,BAY-V,12/13/22,0.0013,-5.06210806,0.5208,9/16/21,10/16/21,43.8,51.8,8,4.04,8.41,4.37
388,Field Soil,BAY,4,Vegetated,None,BAY-V,12/12/22,0.2053,,,9/16/21,10/16/21,,,0,25.47,55.17,29.7
668,Field Soil,CHE,4,Roadside,Bromus,CHE-R,12/13/22,0.0049,-3.517921656,0.2349,9/16/21,10/16/21,32.4,32,-0.4,6.57,11.32,4.75
540,Field Soil,CHE,4,Roadside,Festuca,CHE-R,12/12/22,0.0007,-5.463831805,0.8948,9/16/21,10/16/21,43.3,43.5,0.2,3.54,4.5,0.96
412,Field Soil,CHE,4,Roadside,None,CHE-R,12/13/22,0.1652,,,9/16/21,10/16/21,,,0,35.26,44.14,8.88
660,Field Soil,CHE,4,Vegetated,Bromus,CHE-V,12/12/22,0.0107,-2.569969088,0.1987,9/16/21,10/16/21,30.8,30.6,-0.2,7.65,16.06,8.41
532,Field Soil,CHE,4,Vegetated,Festuca,CHE-V,12/12/22,0.0027,-3.946961057,0.4292,9/16/21,10/16/21,47.2,47,-0.2,6.08,10.31,4.23
404,Field Soil,CHE,4,Vegetated,None,CHE-V,12/13/22,0.1398,,,9/16/21,10/16/21,,,0,32.24,44.17,11.93
684,Field Soil,GUA,4,Roadside,Bromus,GUA-R,12/12/22,0.008,-2.291271333,0.2345,9/16/21,10/16/21,32.9,31.4,-1.5,9.42,16.02,6.6
556,Field Soil,GUA,4,Roadside,Festuca,GUA-R,12/13/22,0.0023,-3.537803752,1.069,9/16/21,10/16/21,71.8,78,6.2,6.61,8.6,1.99
428,Field Soil,GUA,4,Roadside,None,GUA-R,12/13/22,0.0791,,,9/16/21,10/16/21,,,0,19,48.59,29.59
676,Field Soil,GUA,4,Vegetated,Bromus,GUA-V,12/13/22,0.025,-2.023400151,0.1972,9/16/21,10/16/21,29.5,34.9,5.4,17.52,27.01,9.49
548,Field Soil,GUA,4,Vegetated,Festuca,GUA-V,12/12/22,0.002,-4.549128795,0.7921,9/16/21,10/16/21,40.3,39.2,-1.1,5.28,8.07,2.79
420,Field Soil,GUA,4,Vegetated,None,GUA-V,12/12/22,0.1891,,,9/16/21,10/16/21,,,0,36.27,59.13,22.86
700,Field Soil,LEX,4,Roadside,Bromus,LEX-R,12/12/22,0.0049,-1.980297491,0.7193,9/16/21,10/16/21,42.2,41.6,-0.6,11.25,14.24,2.99
572,Field Soil,LEX,4,Roadside,Festuca,LEX-R,12/13/22,0.0011,-3.474222517,0.8341,9/16/21,10/16/21,37,35.4,-1.6,5.25,4.69,-0.56
444,Field Soil,LEX,4,Roadside,None,LEX-R,12/9/22,0.0355,,,9/16/21,10/16/21,,,0,6.06,18.86,12.8
692,Field Soil,LEX,4,Vegetated,Bromus,LEX-V,12/13/22,0.0038,-4.096097411,0.4406,9/16/21,10/16/21,40.1,33.4,-6.7,6.31,10.35,4.04
564,Field Soil,LEX,4,Vegetated,Festuca,LEX-V,12/12/22,0.0059,-3.656146127,0.8191,9/16/21,10/16/21,57.9,57.3,-0.6,5.57,10.71,5.14
436,Field Soil,LEX,4,Vegetated,None,LEX-V,12/12/22,0.2284,,,9/16/21,10/16/21,,,0,54.43,60.46,6.03
716,Field Soil,OAP,4,Roadside,Bromus,OAP-R,12/13/22,0.0076,-3.089246583,0.4584,9/16/21,10/16/21,40,39.2,-0.8,11.59,13.32,1.73
588,Field Soil,OAP,4,Roadside,Festuca,OAP-R,12/12/22,0.0029,-4.052684094,0.8854,9/16/21,10/16/21,48.2,47.8,-0.4,8,9.77,1.77
460,Field Soil,OAP,4,Roadside,None,OAP-R,12/12/22,0.1669,,,9/16/21,10/16/21,,,0,39.68,52.36,12.68
708,Field Soil,OAP,4,Vegetated,Bromus,OAP-V,12/13/22,0.0066,-3.547525336,0.4514,9/16/21,10/16/21,42.8,42.4,-0.4,10.99,13.39,2.4
580,Field Soil,OAP,4,Vegetated,Festuca,OAP-V,12/12/22,0.0046,-3.908538681,0.7924,9/16/21,10/16/21,83,83,0,7.82,10.02,2.2
452,Field Soil,OAP,4,Vegetated,None,OAP-V,12/13/22,0.2292,,,9/16/21,10/16/21,,,0,57.2,53.31,-3.89
732,Field Soil,PAR,4,Roadside,Bromus,PAR-R,12/12/22,0.0217,-2.667292209,0.3181,9/16/21,10/16/21,38,37.5,-0.5,12.15,24.62,12.47
604,Field Soil,PAR,4,Roadside,Festuca,PAR-R,12/13/22,0.005,-4.135166557,0.5239,9/16/21,10/16/21,44.5,57.5,13,8.72,9.94,1.22
476,Field Soil,PAR,4,Roadside,None,PAR-R,12/12/22,0.3125,,,9/16/21,10/16/21,,,0,62.21,64.84,2.63
724,Field Soil,PAR,4,Vegetated,Bromus,PAR-V,12/13/22,0.0247,-2.207072464,0.3744,9/16/21,10/16/21,35.5,44.1,8.6,20.65,21.08,0.43
596,Field Soil,PAR,4,Vegetated,Festuca,PAR-V,12/13/22,0.0018,-4.826089042,0.5717,9/16/21,10/16/21,50.3,42.5,-7.8,6.11,6.93,0.82
468,Field Soil,PAR,4,Vegetated,None,PAR-V,12/13/22,0.2245,,,9/16/21,10/16/21,,,0,45.56,51.84,6.28
748,Field Soil,PEN,4,Roadside,Bromus,PEN-R,12/13/22,0.0089,-2.602273452,0.297,9/16/21,10/16/21,37.2,30.5,-6.7,10.43,15.25,4.82
620,Field Soil,PEN,4,Roadside,Festuca,PEN-R,12/12/22,0.0006,-5.299150353,1.0015,9/16/21,10/16/21,54.9,54.6,-0.3,4.98,5.55,0.57
492,Field Soil,PEN,4,Roadside,None,PEN-R,12/13/22,0.1201,,,9/16/21,10/16/21,,,0,35.47,41.86,6.39
740,Field Soil,PEN,4,Vegetated,Bromus,PEN-V,12/13/22,0.0115,-2.953097042,0.3198,9/16/21,10/16/21,38.1,39.7,1.6,12.35,16.76,4.41
612,Field Soil,PEN,4,Vegetated,Festuca,PEN-V,12/13/22,0.0021,-4.653506733,0.6986,9/16/21,10/16/21,42,42.6,0.6,4.77,6.39,1.62
484,Field Soil,PEN,4,Vegetated,None,PEN-V,12/13/22,0.2204,,,9/16/21,10/16/21,,,0,47.89,48.95,1.06
764,Field Soil,SSJ,4,Roadside,Bromus,SSJ-R,12/13/22,0.0362,-1.502234078,0.3799,9/16/21,10/16/21,40,33.7,-6.3,30.49,30.62,0.13
636,Field Soil,SSJ,4,Roadside,Festuca,SSJ-R,12/13/22,0.0051,-3.462052657,0.3822,9/16/21,10/16/21,38.5,40.6,2.1,9.75,16.5,6.75
508,Field Soil,SSJ,4,Roadside,None,SSJ-R,12/12/22,0.1626,,,9/16/21,10/16/21,,,0,36.16,49.71,13.55
756,Field Soil,SSJ,4,Vegetated,Bromus,SSJ-V,12/12/22,0.0027,-3.818932582,0.4029,9/16/21,10/16/21,41.7,41.2,-0.5,7.98,10.29,2.31
628,Field Soil,SSJ,4,Vegetated,Festuca,SSJ-V,12/12/22,0.0009,-4.917544871,1.121,9/16/21,10/16/21,57.6,57,-0.6,6.33,7.94,1.61
500,Field Soil,SSJ,4,Vegetated,None,SSJ-V,12/12/22,0.123,,,9/16/21,10/16/21,,,0,33.99,49.95,15.96
653,Field Soil,BAY,5,Roadside,Bromus,BAY-R,12/15/22,0.0133,-2.718521501,0.2221,9/16/21,10/16/21,33.7,33.5,-0.2,13.98,24.03,10.05
525,Field Soil,BAY,5,Roadside,Festuca,BAY-R,12/15/22,0.0019,-4.66443165,0.4819,9/16/21,10/16/21,42.1,41.6,-0.5,5.57,6.25,0.68
397,Field Soil,BAY,5,Roadside,None,BAY-R,12/15/22,0.2016,,,9/16/21,10/16/21,,,0,56.44,62.15,5.71
645,Field Soil,BAY,5,Vegetated,Bromus,BAY-V,12/11/22,0.0011,-5.048106226,0.2687,9/16/21,10/16/21,35.3,35.1,-0.2,8.12,10.95,2.83
517,Field Soil,BAY,5,Vegetated,Festuca,BAY-V,12/15/22,0.0015,-4.737951297,0.4768,9/16/21,10/16/21,59.3,59.6,0.3,3.46,4.08,0.62
389,Field Soil,BAY,5,Vegetated,None,BAY-V,12/15/22,0.1713,,,9/16/21,10/16/21,,,0,27.88,49.65,21.77
669,Field Soil,CHE,5,Roadside,Bromus,CHE-R,12/15/22,0.0158,-2.227697849,0.2173,9/16/21,10/16/21,34,33.5,-0.5,13.1,18.92,5.82
541,Field Soil,CHE,5,Roadside,Festuca,CHE-R,12/15/22,0.0026,-4.032196344,0.5005,9/16/21,10/16/21,37.9,38.3,0.4,5.68,6.81,1.13
413,Field Soil,CHE,5,Roadside,None,CHE-R,12/11/22,0.1466,,,9/16/21,10/16/21,,,0,33.38,50.28,16.9
661,Field Soil,CHE,5,Vegetated,Bromus,CHE-V,12/11/22,0.0077,-2.79108543,0.1995,9/16/21,10/16/21,36.2,35.7,-0.5,9.89,18.79,8.9
533,Field Soil,CHE,5,Vegetated,Festuca,CHE-V,12/15/22,0.0025,-3.916015027,0.5704,9/16/21,10/16/21,43.2,40.2,-3,7.07,11.06,3.99
405,Field Soil,CHE,5,Vegetated,None,CHE-V,12/11/22,0.1255,,,9/16/21,10/16/21,,,0,26.86,51.9,25.04
685,Field Soil,GUA,5,Roadside,Bromus,GUA-R,12/11/22,0.0045,-3.059228585,0.2171,9/16/21,10/16/21,35.1,34.6,-0.5,8.19,13.55,5.36
557,Field Soil,GUA,5,Roadside,Festuca,GUA-R,12/11/22,0.0011,-4.467995802,0.9182,9/16/21,10/16/21,44.6,44,-0.6,4.22,4.79,0.57
429,Field Soil,GUA,5,Roadside,None,GUA-R,12/11/22,0.0959,,,9/16/21,10/16/21,,,0,20.03,47.03,27
677,Field Soil,GUA,5,Vegetated,Bromus,GUA-V,12/15/22,0.0331,-1.735311661,0.1802,9/16/21,10/16/21,26.4,33.4,7,18.08,28.46,10.38
549,Field Soil,GUA,5,Vegetated,Festuca,GUA-V,12/11/22,0.0028,-4.205225526,0.7887,9/16/21,10/16/21,71.5,72.4,0.9,5.69,9.81,4.12
421,Field Soil,GUA,5,Vegetated,None,GUA-V,12/11/22,0.1877,,,9/16/21,10/16/21,,,0,29.73,66.67,36.94
701,Field Soil,LEX,5,Roadside,Bromus,LEX-R,12/11/22,0.006,-3.503051758,0.4397,9/16/21,10/16/21,36.9,34.7,-2.2,10.16,10.75,0.59
573,Field Soil,LEX,5,Roadside,Festuca,LEX-R,12/11/22,0.0027,-4.301559454,1.2035,9/16/21,10/16/21,54.1,51.3,-2.8,7.81,9.95,2.14
445,Field Soil,LEX,5,Roadside,None,LEX-R,12/15/22,0.1993,,,9/16/21,10/16/21,,,0,51.86,54.56,2.7
693,Field Soil,LEX,5,Vegetated,Bromus,LEX-V,12/15/22,0.0027,-4.187969822,0.4975,9/16/21,10/16/21,39.1,35.3,-3.8,6.44,11.24,4.8
565,Field Soil,LEX,5,Vegetated,Festuca,LEX-V,12/15/22,0.0027,-4.187969822,0.8924,9/16/21,10/16/21,50.7,81.9,31.2,7.06,7.86,0.8
437,Field Soil,LEX,5,Vegetated,None,LEX-V,12/11/22,0.1779,,,9/16/21,10/16/21,,,0,39.06,48.77,9.71
717,Field Soil,OAP,5,Roadside,Bromus,OAP-R,12/15/22,0.0037,-3.713572067,0.5466,9/16/21,10/16/21,41.7,41.1,-0.6,7.46,11.21,3.75
589,Field Soil,OAP,5,Roadside,Festuca,OAP-R,12/11/22,0.0012,-4.83958333,1.0781,9/16/21,10/16/21,43.7,43.2,-0.5,5.66,5.05,-0.61
461,Field Soil,OAP,5,Roadside,None,OAP-R,12/15/22,0.1517,,,9/16/21,10/16/21,,,0,40.88,47.64,6.76
709,Field Soil,OAP,5,Vegetated,Bromus,OAP-V,12/15/22,0.0065,-3.340957301,0.4538,9/16/21,10/16/21,36.5,37.3,0.8,9.64,10.81,1.17
581,Field Soil,OAP,5,Vegetated,Festuca,OAP-V,12/11/22,0.0022,-4.424302118,0.8839,9/16/21,10/16/21,47.5,42.5,-5,6.55,6.28,-0.27
453,Field Soil,OAP,5,Vegetated,None,OAP-V,12/15/22,0.1836,,,9/16/21,10/16/21,,,0,52.82,63.81,10.99
733,Field Soil,PAR,5,Roadside,Bromus,PAR-R,12/11/22,0.0121,-2.904957249,0.3644,9/16/21,10/16/21,36,38.6,2.6,12.12,15.1,2.98
605,Field Soil,PAR,5,Roadside,Festuca,PAR-R,12/11/22,0.0096,-3.136399603,0.6436,9/16/21,10/16/21,64.1,28.5,-35.6,12.33,17.59,5.26
477,Field Soil,PAR,5,Roadside,None,PAR-R,12/15/22,0.221,,,9/16/21,10/16/21,,,0,48.9,40.03,-8.87
725,Field Soil,PAR,5,Vegetated,Bromus,PAR-V,12/15/22,0.0129,-2.954991025,0.365,9/16/21,10/16/21,39.2,38.3,-0.9,19.94,23.27,3.33
597,Field Soil,PAR,5,Vegetated,Festuca,PAR-V,12/11/22,0.005,-3.902780424,0.7895,9/16/21,10/16/21,45.6,45,-0.6,9.22,11.51,2.29
469,Field Soil,PAR,5,Vegetated,None,PAR-V,12/11/22,0.2477,,,9/16/21,10/16/21,,,0,55.08,61.78,6.7
749,Field Soil,PEN,5,Roadside,Bromus,PEN-R,12/11/22,0.014,-1.971100398,0.309,9/16/21,10/16/21,36.7,34.8,-1.9,13.96,19.74,5.78
621,Field Soil,PEN,5,Roadside,Festuca,PEN-R,12/11/22,,,0.8345,9/16/21,10/16/21,48.1,47.6,-0.5,4.83,,-4.83
493,Field Soil,PEN,5,Roadside,None,PEN-R,12/15/22,0.1005,,,9/16/21,10/16/21,,,0,27.33,43.97,16.64
741,Field Soil,PEN,5,Vegetated,Bromus,PEN-V,12/11/22,0.0066,-3.289080084,0.3504,9/16/21,10/16/21,41,40.5,-0.5,9.65,16.7,7.05
613,Field Soil,PEN,5,Vegetated,Festuca,PEN-V,12/15/22,0.0042,-3.741065207,0.6767,9/16/21,10/16/21,40.1,40.4,0.3,9.63,10.94,1.31
485,Field Soil,PEN,5,Vegetated,None,PEN-V,12/15/22,0.177,,,9/16/21,10/16/21,,,0,39.64,42.07,2.43
765,Field Soil,SSJ,5,Roadside,Bromus,SSJ-R,12/15/22,0.0411,-1.436126735,0.3668,9/16/21,10/16/21,39.5,37.2,-2.3,24.28,30.28,6
637,Field Soil,SSJ,5,Roadside,Festuca,SSJ-R,12/15/22,0.0011,-5.056824677,1.8158,9/16/21,10/16/21,64.2,60.3,-3.9,4.51,4.31,-0.2
509,Field Soil,SSJ,5,Roadside,None,SSJ-R,12/11/22,0.1728,,,9/16/21,10/16/21,,,0,41.87,57.65,15.78
757,Field Soil,SSJ,5,Vegetated,Bromus,SSJ-V,12/15/22,0.0313,-1.586819824,0.2553,9/16/21,10/16/21,37.3,37.1,-0.2,23.02,21.3,-1.72
629,Field Soil,SSJ,5,Vegetated,Festuca,SSJ-V,12/11/22,0.0009,-5.135798437,0.9406,9/16/21,10/16/21,53.1,52.5,-0.6,5.19,7.43,2.24
501,Field Soil,SSJ,5,Vegetated,None,SSJ-V,12/11/22,0.153,,,9/16/21,10/16/21,,,0,47.78,45.84,-1.94
654,Field Soil,BAY,6,Roadside,Bromus,BAY-R,12/11/22,0.0054,-3.965037041,0.2564,9/16/21,10/17/21,23.8,23.5,-0.3,7.97,14.54,6.57
526,Field Soil,BAY,6,Roadside,Festuca,BAY-R,12/11/22,0.0027,-4.658184221,0.8688,9/16/21,10/17/21,47.5,57.3,9.8,7.72,7.79,0.07
398,Field Soil,BAY,6,Roadside,None,BAY-R,12/11/22,0.2847,,,9/16/21,10/17/21,,,0,78.13,62.2,-15.93
646,Field Soil,BAY,6,Vegetated,Bromus,BAY-V,12/11/22,0.0018,-4.2603297,0.2969,9/16/21,10/17/21,27.5,29.8,2.3,4.26,9.51,5.25
518,Field Soil,BAY,6,Vegetated,Festuca,BAY-V,12/12/22,0.0068,-2.931193752,0.5735,9/16/21,10/17/21,48.3,48.4,0.1,9.57,13.56,3.99
390,Field Soil,BAY,6,Vegetated,None,BAY-V,12/12/22,0.1275,,,9/16/21,10/17/21,,,0,24.83,55.79,30.96
670,Field Soil,CHE,6,Roadside,Bromus,CHE-R,12/12/22,0.0079,-3.671321142,0.3155,9/16/21,10/17/21,36,35.5,-0.5,7.41,20.56,13.15
542,Field Soil,CHE,6,Roadside,Festuca,CHE-R,12/12/22,0.0036,-4.457250056,0.6908,9/16/21,10/17/21,69.3,69.4,0.1,4.11,9.5,5.39
414,Field Soil,CHE,6,Roadside,None,CHE-R,12/11/22,0.3105,,,9/16/21,10/17/21,,,0,62.86,58.19,-4.67
662,Field Soil,CHE,6,Vegetated,Bromus,CHE-V,12/12/22,0.0075,-3.279908207,0.2449,9/16/21,10/17/21,29.3,30.6,1.3,10.31,16.86,6.55
534,Field Soil,CHE,6,Vegetated,Festuca,CHE-V,12/12/22,0.0018,-4.707024562,0.5122,9/16/21,10/17/21,47.7,46,-1.7,7.16,6.92,-0.24
406,Field Soil,CHE,6,Vegetated,None,CHE-V,12/12/22,0.1993,,,9/16/21,10/17/21,,,0,41.76,54.24,12.48
686,Field Soil,GUA,6,Roadside,Bromus,GUA-R,12/12/22,0.0062,-2.708050201,0.2485,9/16/21,10/17/21,32.4,40.3,7.9,8.37,14.47,6.1
558,Field Soil,GUA,6,Roadside,Festuca,GUA-R,12/12/22,0.0017,-4.001971242,1.052,9/16/21,10/17/21,48.5,50.5,2,4.2,8.95,4.75
430,Field Soil,GUA,6,Roadside,None,GUA-R,12/12/22,0.093,,,9/16/21,10/17/21,,,0,20.84,41.49,20.65
678,Field Soil,GUA,6,Vegetated,Bromus,GUA-V,12/12/22,0.0289,-1.934475771,0.2408,9/16/21,10/17/21,35.4,34.9,-0.5,17.95,27.36,9.41
550,Field Soil,GUA,6,Vegetated,Festuca,GUA-V,12/12/22,0.0025,-4.382026635,0.9348,9/16/21,10/17/21,48.9,67.9,19,6.97,8.57,1.6
422,Field Soil,GUA,6,Vegetated,None,GUA-V,12/12/22,0.2,,,9/16/21,10/17/21,,,0,41.15,56.6,15.45
702,Field Soil,LEX,6,Roadside,Bromus,LEX-R,12/11/22,0.0114,-3.573232294,0.4089,9/16/21,10/17/21,33.9,33.3,-0.6,8.15,7.81,-0.34
574,Field Soil,LEX,6,Roadside,Festuca,LEX-R,12/11/22,0.0003,-7.210818453,1.2252,9/16/21,10/17/21,54.3,49.3,-5,4.4,6.66,2.26
446,Field Soil,LEX,6,Roadside,None,LEX-R,12/11/22,0.4062,,,9/16/21,10/17/21,,,0,67.1,63.6,-3.5
694,Field Soil,LEX,6,Vegetated,Bromus,LEX-V,12/12/22,0.0056,-3.713136432,0.3152,9/16/21,10/17/21,33,35.8,2.8,10.8,14.13,3.33
566,Field Soil,LEX,6,Vegetated,Festuca,LEX-V,12/12/22,0.0021,-4.693965685,1.0102,9/16/21,10/17/21,58.5,58.3,-0.2,6.18,10.45,4.27
438,Field Soil,LEX,6,Vegetated,None,LEX-V,12/12/22,0.2295,,,9/16/21,10/17/21,,,0,52.45,49.47,-2.98
718,Field Soil,OAP,6,Roadside,Bromus,OAP-R,12/11/22,0.0166,-2.830729752,0.3691,9/16/21,10/17/21,40.5,37.8,-2.7,16.61,23,6.39
590,Field Soil,OAP,6,Roadside,Festuca,OAP-R,12/12/22,0.0525,-1.679319278,0.354,9/16/21,10/17/21,62.3,62.2,-0.1,12.66,38.39,25.73
462,Field Soil,OAP,6,Roadside,None,OAP-R,12/12/22,0.2815,,,9/16/21,10/17/21,,,0,42.03,71.37,29.34
710,Field Soil,OAP,6,Vegetated,Bromus,OAP-V,12/12/22,0.0051,-3.54294655,0.4727,9/16/21,10/17/21,38.9,36.1,-2.8,7.31,13.5,6.19
582,Field Soil,OAP,6,Vegetated,Festuca,OAP-V,12/11/22,0.0005,-5.86533427,0.8229,9/16/21,10/17/21,51,47.5,-3.5,4.23,5.13,0.9
454,Field Soil,OAP,6,Vegetated,None,OAP-V,12/12/22,0.1763,,,9/16/21,10/17/21,,,0,32.17,47.17,15
734,Field Soil,PAR,6,Roadside,Bromus,PAR-R,12/11/22,0.0468,-2.464762084,0.3995,9/16/21,10/17/21,38.9,38.5,-0.4,25.39,32.02,6.63
606,Field Soil,PAR,6,Roadside,Festuca,PAR-R,12/11/22,0.0094,-4.069935597,0.4996,9/16/21,10/17/21,42.4,42,-0.4,14.8,15.12,0.32
478,Field Soil,PAR,6,Roadside,None,PAR-R,12/9/22,0.5504,,,9/16/21,10/17/21,,,0,73.21,61.14,-12.07
726,Field Soil,PAR,6,Vegetated,Bromus,PAR-V,12/11/22,0.0302,-2.142012068,0.3172,9/16/21,10/17/21,39.5,31.9,-7.6,22.06,32.49,10.43
598,Field Soil,PAR,6,Vegetated,Festuca,PAR-V,12/12/22,0.0023,-4.716944869,0.8439,9/16/21,10/17/21,45.3,44.6,-0.7,8.05,9.01,0.96
470,Field Soil,PAR,6,Vegetated,None,PAR-V,12/11/22,0.2572,,,9/16/21,10/17/21,,,0,46.85,57.39,10.54
750,Field Soil,PEN,6,Roadside,Bromus,PEN-R,12/11/22,0.0051,-3.306671208,0.3405,9/16/21,10/17/21,30,29.2,-0.8,9.84,10.34,0.5
622,Field Soil,PEN,6,Roadside,Festuca,PEN-R,12/12/22,0.0025,-4.019621016,0.7765,9/16/21,10/17/21,42.1,36.6,-5.5,6.13,10.42,4.29
494,Field Soil,PEN,6,Roadside,None,PEN-R,12/11/22,0.1392,,,9/16/21,10/17/21,,,0,33.38,48.48,15.1
742,Field Soil,PEN,6,Vegetated,Bromus,PEN-V,12/11/22,0.0133,-2.545678688,0.3318,9/16/21,10/17/21,36.6,34.2,-2.4,12.87,20.47,7.6
614,Field Soil,PEN,6,Vegetated,Festuca,PEN-V,12/12/22,0.0012,-4.951121167,0.886,9/16/21,10/17/21,39.6,62.2,22.6,5.2,5.41,0.21
486,Field Soil,PEN,6,Vegetated,None,PEN-V,12/11/22,0.1696,,,9/16/21,10/17/21,,,0,33.85,47.1,13.25
766,Field Soil,SSJ,6,Roadside,Bromus,SSJ-R,12/12/22,0.0383,-1.131991511,0.4691,9/16/21,10/17/21,40.5,39.8,-0.7,19.51,30.86,11.35
638,Field Soil,SSJ,6,Roadside,Festuca,SSJ-R,12/11/22,0.0009,-4.882801923,1.9061,9/16/21,10/17/21,57.1,57,-0.1,4.24,5.21,0.97
510,Field Soil,SSJ,6,Roadside,None,SSJ-R,12/12/22,0.1188,,,9/16/21,10/17/21,,,0,30.78,44.43,13.65
758,Field Soil,SSJ,6,Vegetated,Bromus,SSJ-V,12/12/22,0.0095,-2.73573363,0.2883,9/16/21,10/17/21,31.7,31,-0.7,12.89,17.27,4.38
630,Field Soil,SSJ,6,Vegetated,Festuca,SSJ-V,12/11/22,0.0068,-3.070102816,0.9346,9/16/21,10/17/21,60.6,70.2,9.6,7.59,13.45,5.86
502,Field Soil,SSJ,6,Vegetated,None,SSJ-V,12/11/22,0.1465,,,9/16/21,10/17/21,,,0,35.5,46.3,10.8
655,Field Soil,BAY,7,Roadside,Bromus,BAY-R,12/14/22,0.0048,-4.090866298,0.2023,9/16/21,10/17/21,26.6,31,4.4,7.57,14.63,7.06
527,Field Soil,BAY,7,Roadside,Festuca,BAY-R,12/14/22,0.0023,-4.826573093,0.8902,9/16/21,10/17/21,76.4,90.8,14.4,5.89,7.89,2
399,Field Soil,BAY,7,Roadside,None,BAY-R,12/14/22,0.287,,,9/16/21,10/17/21,,,0,47.76,72.21,24.45
647,Field Soil,BAY,7,Vegetated,Bromus,BAY-V,12/14/22,0.0042,-3.10180682,0.297,9/16/21,10/17/21,33.9,33.7,-0.2,8.23,12.64,4.41
519,Field Soil,BAY,7,Vegetated,Festuca,BAY-V,12/14/22,0.0022,-3.748433985,0.58,9/16/21,10/17/21,53,63.2,10.2,5.11,9.93,4.82
391,Field Soil,BAY,7,Vegetated,None,BAY-V,12/14/22,0.0934,,,9/16/21,10/17/21,,,0,26.7,51.16,24.46
671,Field Soil,CHE,7,Roadside,Bromus,CHE-R,12/14/22,0.0146,-2.304637779,0.2264,9/16/21,10/17/21,33.1,33.4,0.3,10.04,21.04,11
543,Field Soil,CHE,7,Roadside,Festuca,CHE-R,12/14/22,0.0013,-4.723295044,0.8153,9/16/21,10/17/21,43,43.2,0.2,5.05,5.27,0.22
415,Field Soil,CHE,7,Roadside,None,CHE-R,12/14/22,0.1463,,,9/16/21,10/17/21,,,0,27.54,52.44,24.9
663,Field Soil,CHE,7,Vegetated,Bromus,CHE-V,12/14/22,0.0117,-2.967561397,0.2231,9/16/21,10/17/21,31.7,34,2.3,14.08,18.43,4.35
535,Field Soil,CHE,7,Vegetated,Festuca,CHE-V,12/14/22,0.0023,-4.594241115,0.8186,9/16/21,10/17/21,78.1,78.2,0.1,5.54,7.8,2.26
407,Field Soil,CHE,7,Vegetated,None,CHE-V,12/14/22,0.2275,,,9/16/21,10/17/21,,,0,49.45,57,7.55
687,Field Soil,GUA,7,Roadside,Bromus,GUA-R,12/14/22,0.0056,-3.180283486,0.33,9/16/21,10/17/21,35.1,34.7,-0.4,9.01,15.03,6.02
559,Field Soil,GUA,7,Roadside,Festuca,GUA-R,12/14/22,0.0014,-4.566577847,0.6324,9/16/21,10/17/21,45.1,43.1,-2,5,7.28,2.28
431,Field Soil,GUA,7,Roadside,None,GUA-R,12/14/22,0.1347,,,9/16/21,10/17/21,,,0,30.74,62.72,31.98
679,Field Soil,GUA,7,Vegetated,Bromus,GUA-V,12/14/22,0.0153,-2.715862741,0.275,9/16/21,10/17/21,37,42.2,5.2,12.22,21.13,8.91
551,Field Soil,GUA,7,Vegetated,Festuca,GUA-V,12/14/22,0.014,-2.80465824,0.4641,9/16/21,10/17/21,60.5,60.5,0,11.54,21.1,9.56
423,Field Soil,GUA,7,Vegetated,None,GUA-V,12/14/22,0.2313,,,9/16/21,10/17/21,,,0,42.91,74.79,31.88
703,Field Soil,LEX,7,Roadside,Bromus,LEX-R,12/14/22,0.0069,-3.284500712,0.3711,9/16/21,10/17/21,33.2,35.8,2.6,12.15,13.73,1.58
575,Field Soil,LEX,7,Roadside,Festuca,LEX-R,12/14/22,0.0012,-5.033700567,1.0264,9/16/21,10/17/21,49.2,49.1,-0.1,5.91,6.64,0.73
447,Field Soil,LEX,7,Roadside,None,LEX-R,12/14/22,0.1842,,,9/16/21,10/17/21,,,0,41.75,44.21,2.46
695,Field Soil,LEX,7,Vegetated,Bromus,LEX-V,12/14/22,0.0029,-4.309177816,0.4181,9/16/21,10/17/21,38.5,36.1,-2.4,5.68,11.53,5.85
567,Field Soil,LEX,7,Vegetated,Festuca,LEX-V,12/14/22,0.0014,-5.037416317,1.1932,9/16/21,10/17/21,48.5,48.5,0,4.97,5.64,0.67
439,Field Soil,LEX,7,Vegetated,None,LEX-V,12/14/22,0.2157,,,9/16/21,10/17/21,,,0,43.43,66.33,22.9
719,Field Soil,OAP,7,Roadside,Bromus,OAP-R,12/14/22,0.0136,-3.11905549,0.3553,9/16/21,10/17/21,37.1,34.5,-2.6,16.46,18.92,2.46
591,Field Soil,OAP,7,Roadside,Festuca,OAP-R,12/14/22,0.0017,-5.198497031,0.8965,9/16/21,10/17/21,43.9,64.9,21,6.72,6.58,-0.14
463,Field Soil,OAP,7,Roadside,None,OAP-R,12/14/22,0.3077,,,9/16/21,10/17/21,,,0,57.27,65.73,8.46
711,Field Soil,OAP,7,Vegetated,Bromus,OAP-V,12/14/22,0.0072,-3.47609869,0.4054,9/16/21,10/17/21,42.7,42.3,-0.4,11.04,14.93,3.89
583,Field Soil,OAP,7,Vegetated,Festuca,OAP-V,12/14/22,0.0019,-4.80832583,0.7396,9/16/21,10/17/21,36.6,39.2,2.6,3.85,3.67,-0.18
455,Field Soil,OAP,7,Vegetated,None,OAP-V,12/14/22,0.2328,,,9/16/21,10/17/21,,,0,50.64,56.91,6.27
735,Field Soil,PAR,7,Roadside,Bromus,PAR-R,12/14/22,0.0446,-1.805491361,0.4231,9/16/21,10/17/21,38.5,33.8,-4.7,30.36,27.74,-2.62
607,Field Soil,PAR,7,Roadside,Festuca,PAR-R,12/14/22,0.0018,-5.015438555,1.7619,9/16/21,10/17/21,57.1,49.7,-7.4,6.03,7.04,1.01
479,Field Soil,PAR,7,Roadside,None,PAR-R,12/14/22,0.2713,,,9/16/21,10/17/21,,,0,47.69,56.78,9.09
727,Field Soil,PAR,7,Vegetated,Bromus,PAR-V,12/14/22,0.0147,-1.413141611,0.3725,9/16/21,10/17/21,42.6,42.8,0.2,17.16,18.98,1.82
599,Field Soil,PAR,7,Vegetated,Festuca,PAR-V,12/14/22,0.0008,-4.324132656,0.5937,9/16/21,10/17/21,39.7,49.7,10,5.18,8.46,3.28
471,Field Soil,PAR,7,Vegetated,None,PAR-V,12/14/22,0.0604,,,9/16/21,10/17/21,,,0,27.69,42.94,15.25
751,Field Soil,PEN,7,Roadside,Bromus,PEN-R,12/14/22,0.0048,-3.409496184,0.5351,9/16/21,10/17/21,37.6,38.3,0.7,11.64,11.16,-0.48
623,Field Soil,PEN,7,Roadside,Festuca,PEN-R,12/14/22,0.0021,-4.236174758,1.1706,9/16/21,10/17/21,54.1,53.7,-0.4,10.75,6.35,-4.4
495,Field Soil,PEN,7,Roadside,None,PEN-R,12/14/22,0.1452,,,9/16/21,10/17/21,,,0,39.16,53.47,14.31
743,Field Soil,PEN,7,Vegetated,Bromus,PEN-V,12/14/22,0.0129,-2.600677901,0.368,9/16/21,10/17/21,34.8,34.7,-0.1,15.2,21.87,6.67
615,Field Soil,PEN,7,Vegetated,Festuca,PEN-V,12/14/22,0.0025,-4.241614481,1.1646,9/16/21,10/17/21,51.4,52.2,0.8,11.87,8.95,-2.92
487,Field Soil,PEN,7,Vegetated,None,PEN-V,12/14/22,0.1738,,,9/16/21,10/17/21,,,0,38.44,50.45,12.01
767,Field Soil,SSJ,7,Roadside,Bromus,SSJ-R,12/14/22,0.0406,-1.904970859,0.3097,9/16/21,10/17/21,41.2,42.7,1.5,26.28,27.26,0.98
639,Field Soil,SSJ,7,Roadside,Festuca,SSJ-R,12/14/22,0.0016,-5.138735297,1.1678,9/16/21,10/17/21,50.3,47.1,-3.2,7.46,5.76,-1.7
511,Field Soil,SSJ,7,Roadside,None,SSJ-R,12/14/22,0.2728,,,9/16/21,10/17/21,,,0,56.07,69.2,13.13
759,Field Soil,SSJ,7,Vegetated,Bromus,SSJ-V,12/14/22,0.0074,-2.932993933,0.4217,9/16/21,10/17/21,26.1,27.6,1.5,9.74,15.46,5.72
631,Field Soil,SSJ,7,Vegetated,Festuca,SSJ-V,12/14/22,0.0057,-3.194007758,1.1611,9/16/21,10/17/21,64.4,73.7,9.3,11.35,12,0.65
503,Field Soil,SSJ,7,Vegetated,None,SSJ-V,12/14/22,0.139,,,9/16/21,10/17/21,,,0,27.5,56.95,29.45
656,Field Soil,BAY,8,Roadside,Bromus,BAY-R,12/11/22,0.0084,-3.594045351,0.2203,9/16/21,10/17/21,31.6,31.4,-0.2,9.19,12.95,3.76
528,Field Soil,BAY,8,Roadside,Festuca,BAY-R,12/11/22,0.0018,-5.134490392,1.0065,9/16/21,10/17/21,48.2,48.1,-0.1,4.13,3.7,-0.43
400,Field Soil,BAY,8,Roadside,None,BAY-R,12/14/22,0.3056,,,9/16/21,10/17/21,,,0,64.12,57.34,-6.78
648,Field Soil,BAY,8,Vegetated,Bromus,BAY-V,12/11/22,0.0063,-2.837871014,0.2734,9/16/21,10/17/21,29.9,31.5,1.6,8.08,16.23,8.15
520,Field Soil,BAY,8,Vegetated,Festuca,BAY-V,12/11/22,0.0026,-3.722909203,0.6294,9/16/21,10/17/21,37.8,36.3,-1.5,5.62,8.24,2.62
392,Field Soil,BAY,8,Vegetated,None,BAY-V,12/11/22,0.1076,,,9/16/21,10/17/21,,,0,20.45,49.11,28.66
672,Field Soil,CHE,8,Roadside,Bromus,CHE-R,12/14/22,0.0108,-2.751535313,0.2285,9/16/21,10/17/21,28,27.2,-0.8,8.47,14.46,5.99
544,Field Soil,CHE,8,Roadside,Festuca,CHE-R,12/14/22,0.0014,-4.794609211,1.0173,9/16/21,10/17/21,52.6,46.1,-6.5,3.83,4.73,0.9
416,Field Soil,CHE,8,Roadside,None,CHE-R,12/11/22,0.1692,,,9/16/21,10/17/21,,,0,39.7,50.11,10.41
664,Field Soil,CHE,8,Vegetated,Bromus,CHE-V,12/14/22,0.0118,-3.589620811,0.1262,9/16/21,10/17/21,27.2,27,-0.2,12.35,17.24,4.89
536,Field Soil,CHE,8,Vegetated,Festuca,CHE-V,12/14/22,0.0005,-6.750867523,0.7668,9/16/21,10/17/21,41.8,41.6,-0.2,4.23,5.12,0.89
408,Field Soil,CHE,8,Vegetated,None,CHE-V,12/11/22,0.4274,,,9/16/21,10/17/21,,,0,61.73,65.16,3.43
688,Field Soil,GUA,8,Roadside,Bromus,GUA-R,12/14/22,0.0034,-3.088365076,0.2742,9/16/21,10/17/21,28.8,30.6,1.8,8.15,10.62,2.47
560,Field Soil,GUA,8,Roadside,Festuca,GUA-R,12/11/22,0.0007,-4.668815451,0.9558,9/16/21,10/17/21,36.2,33.3,-2.9,2.94,3.98,1.04
432,Field Soil,GUA,8,Roadside,None,GUA-R,12/14/22,0.0746,,,9/16/21,10/17/21,,,0,17.68,34.11,16.43
680,Field Soil,GUA,8,Vegetated,Bromus,GUA-V,12/11/22,0.0179,-2.51967685,0.2487,9/16/21,10/17/21,35.6,36.1,0.5,15.36,24.72,9.36
552,Field Soil,GUA,8,Vegetated,Festuca,GUA-V,12/14/22,0.0015,-4.999012454,0.9206,9/16/21,10/17/21,47,46.8,-0.2,5.48,5.53,0.05
424,Field Soil,GUA,8,Vegetated,None,GUA-V,12/11/22,0.2224,,,9/16/21,10/17/21,,,0,45.71,65.5,19.79
704,Field Soil,LEX,8,Roadside,Bromus,LEX-R,12/14/22,0.0061,-3.804109142,0.3354,9/16/21,10/17/21,31.9,31.6,-0.3,8.95,9.51,0.56
576,Field Soil,LEX,8,Roadside,Festuca,LEX-R,12/11/22,0.0016,-5.142394284,1.2803,9/16/21,10/17/21,44.6,45.9,1.3,6.54,5.62,-0.92
448,Field Soil,LEX,8,Roadside,None,LEX-R,12/14/22,0.2738,,,9/16/21,10/17/21,,,0,49.16,57.69,8.53
696,Field Soil,LEX,8,Vegetated,Bromus,LEX-V,12/11/22,0.0023,-4.842473877,0.4342,9/16/21,10/17/21,38.7,38.1,-0.6,4.83,6.97,2.14
568,Field Soil,LEX,8,Vegetated,Festuca,LEX-V,12/14/22,0.002,-4.98223582,1.0721,9/16/21,10/17/21,52.6,61.1,8.5,3.29,5.81,2.52
440,Field Soil,LEX,8,Vegetated,None,LEX-V,12/11/22,0.2916,,,9/16/21,10/17/21,,,0,56.71,65.5,8.79
720,Field Soil,OAP,8,Roadside,Bromus,OAP-R,12/14/22,0.0053,-3.852953777,0.3585,9/16/21,10/17/21,39.3,36,-3.3,10.35,11.23,0.88
592,Field Soil,OAP,8,Roadside,Festuca,OAP-R,12/14/22,0.0003,-6.724633402,0.7341,9/16/21,10/17/21,37.6,38.5,0.9,5.23,8.31,3.08
464,Field Soil,OAP,8,Roadside,None,OAP-R,12/11/22,0.2498,,,9/16/21,10/17/21,,,0,53.5,59.89,6.39
712,Field Soil,OAP,8,Vegetated,Bromus,OAP-V,12/14/22,0.0073,-3.384158056,0.4791,9/16/21,10/17/21,41.1,31,-10.1,8.05,8.64,0.59
584,Field Soil,OAP,8,Vegetated,Festuca,OAP-V,12/11/22,0.0016,-4.902028775,1.7405,9/16/21,10/17/21,76.3,75.5,-0.8,3.79,5.18,1.39
456,Field Soil,OAP,8,Vegetated,None,OAP-V,12/14/22,0.2153,,,9/16/21,10/17/21,,,0,41.99,53.21,11.22
736,Field Soil,PAR,8,Roadside,Bromus,PAR-R,12/14/22,0.0449,-1.841362397,0.3908,9/16/21,10/17/21,42.4,41.7,-0.7,28.25,20.81,-7.44
608,Field Soil,PAR,8,Roadside,Festuca,PAR-R,12/14/22,0.0047,-4.098237683,0.8317,9/16/21,10/17/21,39.3,34.2,-5.1,7.98,7.3,-0.68
480,Field Soil,PAR,8,Roadside,None,PAR-R,12/11/22,0.2831,,,9/16/21,10/17/21,,,0,63.1,63,-0.1
728,Field Soil,PAR,8,Vegetated,Bromus,PAR-V,12/11/22,0.0376,-2.187126481,0.3387,9/16/21,10/17/21,39.6,38.9,-0.7,24.65,25.67,1.02
600,Field Soil,PAR,8,Vegetated,Festuca,PAR-V,12/11/22,0.0016,-5.344126903,1.3941,9/16/21,10/17/21,56.5,58.8,2.3,4.32,5.25,0.93
472,Field Soil,PAR,8,Vegetated,None,PAR-V,12/11/22,0.335,,,9/16/21,10/17/21,,,0,74.78,61.14,-13.64
752,Field Soil,PEN,8,Roadside,Bromus,PEN-R,12/11/22,0.0056,-3.777674953,0.3047,9/16/21,10/17/21,28.5,28,-0.5,7.07,13.63,6.56
624,Field Soil,PEN,8,Roadside,Festuca,PEN-R,12/11/22,0.0023,-4.667532428,0.6145,9/16/21,10/17/21,44.9,39.5,-5.4,9.73,7.95,-1.78
496,Field Soil,PEN,8,Roadside,None,PEN-R,12/11/22,0.2448,,,9/16/21,10/17/21,,,0,52.52,59.66,7.14
744,Field Soil,PEN,8,Vegetated,Bromus,PEN-V,12/11/22,0.0177,-2.26634299,0.5536,9/16/21,10/17/21,39.8,43.4,3.6,19.84,20.37,0.53
616,Field Soil,PEN,8,Vegetated,Festuca,PEN-V,12/11/22,0.0032,-3.97675682,0.9318,9/16/21,10/17/21,40,59.9,19.9,6.71,7.92,1.21
488,Field Soil,PEN,8,Vegetated,None,PEN-V,12/11/22,0.1707,,,9/16/21,10/17/21,,,0,40.44,45.6,5.16
768,Field Soil,SSJ,8,Roadside,Bromus,SSJ-R,12/14/22,0.0002,-7.714677474,0.2796,9/16/21,10/17/21,20.2,19.2,-1,4.67,6.47,1.8
640,Field Soil,SSJ,8,Roadside,Festuca,SSJ-R,12/11/22,0.0007,-6.461914505,0.9072,9/16/21,10/17/21,46.2,62.2,16,5.15,4.16,-0.99
512,Field Soil,SSJ,8,Roadside,None,SSJ-R,12/14/22,0.4482,,,9/16/21,10/17/21,,,0,67.26,64.75,-2.51
760,Field Soil,SSJ,8,Vegetated,Bromus,SSJ-V,12/11/22,0.0089,-3.232268882,0.4557,9/16/21,10/17/21,38.7,24.6,-14.1,11.47,14.12,2.65
632,Field Soil,SSJ,8,Vegetated,Festuca,SSJ-V,12/11/22,0.0033,-4.22439769,0.8104,9/16/21,10/17/21,62.8,62.5,-0.3,6.18,6.73,0.55
504,Field Soil,SSJ,8,Vegetated,None,SSJ-V,12/14/22,0.2255,,,9/16/21,10/17/21,,,0,48.48,55.14,6.66