Pot ID,Block,Soil,Competition,Population,Site,Habitat,Biomass_date,Dittrichia_biomass,Grass_biomass,MeasurementDate_2,MeasurementDate_3,GrassHeight_cm_2,GrassHeight_cm_3,GrassGrowth,DittrichiaLLL_mm_2,DittrichiaLLL_mm_3,DittrichiaGrowth
1,1,Construction Soil,None,BAY-V,BAY,Vegetated,12/16/22,0.0015,,9/14/21,10/15/21,,,0,5.54,5.67,0.13
2,2,Construction Soil,None,BAY-V,BAY,Vegetated,12/9/22,0.0021,,9/15/21,10/16/21,,,0,7.58,6.09,-1.49
3,3,Construction Soil,None,BAY-V,BAY,Vegetated,12/13/22,0.0056,,9/15/21,10/16/21,,,0,10.42,13.34,2.92
4,4,Construction Soil,None,BAY-V,BAY,Vegetated,12/13/22,0.0073,,9/16/21,10/16/21,,,0,12.82,11.59,-1.23
5,5,Construction Soil,None,BAY-V,BAY,Vegetated,12/15/22,0.0065,,9/16/21,10/16/21,,,0,7.25,8.63,1.38
6,6,Construction Soil,None,BAY-V,BAY,Vegetated,12/12/22,0.0034,,9/16/21,10/17/21,,,0,7.1,6.96,-0.14
7,7,Construction Soil,None,BAY-V,BAY,Vegetated,12/14/22,0.0019,,9/16/21,10/17/21,,,0,11.05,5.84,-5.21
8,8,Construction Soil,None,BAY-V,BAY,Vegetated,12/11/22,0.005,,9/16/21,10/17/21,,,0,11.59,9.36,-2.23
9,1,Construction Soil,None,BAY-R,BAY,Roadside,12/16/22,0.0033,,9/14/21,10/15/21,,,0,8.73,7.53,-1.2
10,2,Construction Soil,None,BAY-R,BAY,Roadside,12/9/22,0.002,,9/15/21,10/16/21,,,0,11.55,6.19,-5.36
11,3,Construction Soil,None,BAY-R,BAY,Roadside,12/13/22,0.0036,,9/15/21,10/16/21,,,0,8.32,9.14,0.82
12,4,Construction Soil,None,BAY-R,BAY,Roadside,12/13/22,0.0007,,9/16/21,10/16/21,,,0,2.85,2.76,-0.09
13,5,Construction Soil,None,BAY-R,BAY,Roadside,12/11/22,0.0024,,9/16/21,10/16/21,,,0,7.32,5.14,-2.18
14,6,Construction Soil,None,BAY-R,BAY,Roadside,12/11/22,0.0051,,9/16/21,10/17/21,,,0,7.37,11.74,4.37
15,7,Construction Soil,None,BAY-R,BAY,Roadside,12/14/22,0.0045,,9/16/21,10/17/21,,,0,6.48,9.66,3.18
16,8,Construction Soil,None,BAY-R,BAY,Roadside,12/11/22,0.0017,,9/16/21,10/17/21,,,0,6.17,6.89,0.72
17,1,Construction Soil,None,CHE-V,CHE,Vegetated,12/16/22,0.0021,,9/14/21,10/15/21,,,0,8.59,6.47,-2.12
18,2,Construction Soil,None,CHE-V,CHE,Vegetated,12/9/22,0.001,,9/15/21,10/16/21,,,0,4.69,5.32,0.63
19,3,Construction Soil,None,CHE-V,CHE,Vegetated,12/13/22,0.0009,,9/15/21,10/16/21,,,0,5.06,4.22,-0.84
20,4,Construction Soil,None,CHE-V,CHE,Vegetated,12/12/22,0.0009,,9/16/21,10/16/21,,,0,3.65,4.23,0.58
21,5,Construction Soil,None,CHE-V,CHE,Vegetated,12/11/22,0.0007,,9/16/21,10/16/21,,,0,3.65,3.67,0.02
22,6,Construction Soil,None,CHE-V,CHE,Vegetated,12/12/22,0.0012,,9/16/21,10/17/21,,,0,3.34,4.21,0.87
23,7,Construction Soil,None,CHE-V,CHE,Vegetated,12/14/22,0.0008,,9/16/21,10/17/21,,,0,3.91,2.94,-0.97
24,8,Construction Soil,None,CHE-V,CHE,Vegetated,12/14/22,0.0027,,9/16/21,10/17/21,,,0,7.61,7.07,-0.54
25,1,Construction Soil,None,CHE-R,CHE,Roadside,12/15/22,0.0018,,9/15/21,10/15/21,,,0,6.52,5.65,-0.87
26,2,Construction Soil,None,CHE-R,CHE,Roadside,12/9/22,0.0041,,9/15/21,10/16/21,,,0,8.97,8.96,-0.01
27,3,Construction Soil,None,CHE-R,CHE,Roadside,12/13/22,0.0027,,9/15/21,10/16/21,,,0,7.57,6.21,-1.36
28,4,Construction Soil,None,CHE-R,CHE,Roadside,12/13/22,0.0013,,9/16/21,10/16/21,,,0,6.35,7.04,0.69
29,5,Construction Soil,None,CHE-R,CHE,Roadside,12/15/22,0.0015,,9/16/21,10/16/21,,,0,5.42,5.84,0.42
30,6,Construction Soil,None,CHE-R,CHE,Roadside,12/12/22,0.0016,,9/16/21,10/17/21,,,0,6.08,5.8,-0.28
31,7,Construction Soil,None,CHE-R,CHE,Roadside,12/14/22,0.0013,,9/16/21,10/17/21,,,0,4.62,3.85,-0.77
32,8,Construction Soil,None,CHE-R,CHE,Roadside,12/11/22,0.0012,,9/16/21,10/17/21,,,0,5.81,3.98,-1.83
33,1,Construction Soil,None,GUA-V,GUA,Vegetated,12/16/22,0.0032,,9/15/21,10/15/21,,,0,10.82,8.48,-2.34
34,2,Construction Soil,None,GUA-V,GUA,Vegetated,12/10/22,0.002,,9/15/21,10/15/21,,,0,5.55,7.95,2.4
35,3,Construction Soil,None,GUA-V,GUA,Vegetated,12/13/22,0.0026,,9/15/21,10/16/21,,,0,7.65,8.58,0.93
36,4,Construction Soil,None,GUA-V,GUA,Vegetated,12/12/22,0.0026,,9/16/21,10/16/21,,,0,5.39,5.96,0.57
37,5,Construction Soil,None,GUA-V,GUA,Vegetated,12/15/22,0.0011,,9/16/21,10/16/21,,,0,4.79,4.8,0.01
38,6,Construction Soil,None,GUA-V,GUA,Vegetated,12/11/22,0.0014,,9/16/21,10/17/21,,,0,5.55,6.49,0.94
39,7,Construction Soil,None,GUA-V,GUA,Vegetated,12/14/22,0.0016,,9/16/21,10/17/21,,,0,8.59,6.93,-1.66
40,8,Construction Soil,None,GUA-V,GUA,Vegetated,12/14/22,0.0044,,9/16/21,10/17/21,,,0,5.93,6.57,0.64
41,1,Construction Soil,None,GUA-R,GUA,Roadside,12/15/22,0.0016,,9/15/21,10/15/21,,,0,2.17,2.24,0.07
42,2,Construction Soil,None,GUA-R,GUA,Roadside,12/10/22,0.001,,9/15/21,10/15/21,,,0,4.24,5.91,1.67
43,3,Construction Soil,None,GUA-R,GUA,Roadside,12/13/22,0.0016,,9/15/21,10/16/21,,,0,4.19,4.91,0.72
44,4,Construction Soil,None,GUA-R,GUA,Roadside,12/12/22,0.002,,9/16/21,10/16/21,,,0,8.58,8.02,-0.56
45,5,Construction Soil,None,GUA-R,GUA,Roadside,12/15/22,0.0008,,9/16/21,10/16/21,,,0,5.16,4.62,-0.54
46,6,Construction Soil,None,GUA-R,GUA,Roadside,12/12/22,0.0012,,9/16/21,10/17/21,,,0,6.19,4.79,-1.4
47,7,Construction Soil,None,GUA-R,GUA,Roadside,12/14/22,0.0031,,9/16/21,10/17/21,,,0,6.12,7.09,0.97
48,8,Construction Soil,None,GUA-R,GUA,Roadside,12/11/22,0.0016,,9/16/21,10/17/21,,,0,6.57,5.34,-1.23
49,1,Construction Soil,None,LEX-V,LEX,Vegetated,12/16/22,0.0013,,9/14/21,10/15/21,,,0,3.82,4.69,0.87
50,2,Construction Soil,None,LEX-V,LEX,Vegetated,12/10/22,0.0042,,9/15/21,10/15/21,,,0,4.7,6.11,1.41
51,3,Construction Soil,None,LEX-V,LEX,Vegetated,12/13/22,0.0019,,9/15/21,10/16/21,,,0,6.23,5.11,-1.12
52,4,Construction Soil,None,LEX-V,LEX,Vegetated,12/12/22,0.0031,,9/16/21,10/16/21,,,0,7.08,6.83,-0.25
53,5,Construction Soil,None,LEX-V,LEX,Vegetated,12/15/22,0.0014,,9/16/21,10/16/21,,,0,5.37,5.12,-0.25
54,6,Construction Soil,None,LEX-V,LEX,Vegetated,12/12/22,0.0021,,9/16/21,10/17/21,,,0,5.55,5.71,0.16
55,7,Construction Soil,None,LEX-V,LEX,Vegetated,12/14/22,0.0021,,9/16/21,10/17/21,,,0,4.19,8.48,4.29
56,8,Construction Soil,None,LEX-V,LEX,Vegetated,12/14/22,0.006,,9/16/21,10/17/21,,,0,9.11,14.75,5.64
57,1,Construction Soil,None,LEX-R,LEX,Roadside,12/16/22,0.0006,,9/14/21,10/15/21,,,0,3.11,2.91,-0.2
58,2,Construction Soil,None,LEX-R,LEX,Roadside,12/9/22,0.0019,,9/15/21,10/16/21,,,0,6.14,7.53,1.39
59,3,Construction Soil,None,LEX-R,LEX,Roadside,12/13/22,0.0023,0.0186,9/15/21,10/16/21,,,0,6.87,6.1,-0.77
60,4,Construction Soil,None,LEX-R,LEX,Roadside,12/13/22,0.0027,,9/16/21,10/16/21,,,0,6.94,5.07,-1.87
61,5,Construction Soil,None,LEX-R,LEX,Roadside,12/11/22,0.0027,,9/16/21,10/16/21,,,0,4.62,5.07,0.45
62,6,Construction Soil,None,LEX-R,LEX,Roadside,12/11/22,0.0029,,9/16/21,10/17/21,,,0,2.89,3.52,0.63
63,7,Construction Soil,None,LEX-R,LEX,Roadside,12/14/22,0.0014,,9/16/21,10/17/21,,,0,9.63,5.84,-3.79
64,8,Construction Soil,None,LEX-R,LEX,Roadside,12/14/22,0.0027,,9/16/21,10/17/21,,,0,7.56,7.16,-0.4
65,1,Construction Soil,None,OAP-V,OAP,Vegetated,12/15/22,0.0028,,9/15/21,10/15/21,,,0,6.25,4.93,-1.32
66,2,Construction Soil,None,OAP-V,OAP,Vegetated,12/9/22,0.0021,,9/15/21,10/16/21,,,0,6.62,4.76,-1.86
67,3,Construction Soil,None,OAP-V,OAP,Vegetated,12/13/22,0.0017,,9/15/21,10/16/21,,,0,5.27,5.27,0
68,4,Construction Soil,None,OAP-V,OAP,Vegetated,12/12/22,0.0011,,9/16/21,10/16/21,,,0,4.65,4.83,0.18
69,5,Construction Soil,None,OAP-V,OAP,Vegetated,12/15/22,0.0013,,9/16/21,10/16/21,,,0,4.69,3.2,-1.49
70,6,Construction Soil,None,OAP-V,OAP,Vegetated,12/11/22,0.0006,,9/16/21,10/17/21,,,0,3.91,5.23,1.32
71,7,Construction Soil,None,OAP-V,OAP,Vegetated,12/14/22,0.0012,,9/16/21,10/17/21,,,0,4.71,4.94,0.23
72,8,Construction Soil,None,OAP-V,OAP,Vegetated,12/14/22,0.0024,,9/16/21,10/17/21,,,0,9.98,10.19,0.21
73,1,Construction Soil,None,OAP-R,OAP,Roadside,12/15/22,0.0019,,9/15/21,10/15/21,,,0,6.85,7.9,1.05
74,2,Construction Soil,None,OAP-R,OAP,Roadside,12/10/22,0.0027,,9/15/21,10/15/21,,,0,6.78,6.3,-0.48
75,3,Construction Soil,None,OAP-R,OAP,Roadside,12/13/22,0.00016,,9/15/21,10/16/21,,,0,3.36,4.35,0.99
76,4,Construction Soil,None,OAP-R,OAP,Roadside,12/12/22,0.0006,,9/16/21,10/16/21,,,0,3.41,3.83,0.42
77,5,Construction Soil,None,OAP-R,OAP,Roadside,12/15/22,0.0032,,9/16/21,10/16/21,,,0,7.43,10.2,2.77
78,6,Construction Soil,None,OAP-R,OAP,Roadside,12/11/22,0.0019,,9/16/21,10/17/21,,,0,4.1,3.52,-0.58
79,7,Construction Soil,None,OAP-R,OAP,Roadside,12/14/22,0.0014,,9/16/21,10/17/21,,,0,4.23,3.95,-0.28
80,8,Construction Soil,None,OAP-R,OAP,Roadside,12/11/22,0.0012,,9/16/21,10/17/21,,,0,7.65,5.72,-1.93
81,1,Construction Soil,None,PAR-V,PAR,Vegetated,12/15/22,0.0015,,9/15/21,10/15/21,,,0,9.51,5.86,-3.65
82,2,Construction Soil,None,PAR-V,PAR,Vegetated,12/9/22,0.0003,,9/15/21,10/16/21,,,0,2.77,2.5,-0.27
83,3,Construction Soil,None,PAR-V,PAR,Vegetated,12/13/22,0.002,,9/15/21,10/16/21,,,0,6.02,4.76,-1.26
84,4,Construction Soil,None,PAR-V,PAR,Vegetated,12/13/22,0.0021,,9/16/21,10/16/21,,,0,7.32,6.34,-0.98
85,5,Construction Soil,None,PAR-V,PAR,Vegetated,12/15/22,0.0021,,9/16/21,10/16/21,,,0,6.62,6.81,0.19
86,6,Construction Soil,None,PAR-V,PAR,Vegetated,12/11/22,0.0019,,9/16/21,10/17/21,,,0,6.03,6.6,0.57
87,7,Construction Soil,None,PAR-V,PAR,Vegetated,12/14/22,0.002,,9/16/21,10/17/21,,,0,4.21,3.49,-0.72
88,8,Construction Soil,None,PAR-V,PAR,Vegetated,12/11/22,0.0018,,9/16/21,10/17/21,,,0,6.95,4.87,-2.08
89,1,Construction Soil,None,PAR-R,PAR,Roadside,12/16/22,0.0037,,9/14/21,10/15/21,,,0,8.51,7.46,-1.05
90,2,Construction Soil,None,PAR-R,PAR,Roadside,12/9/22,0.0043,,9/15/21,10/16/21,,,0,9.37,6.97,-2.4
91,3,Construction Soil,None,PAR-R,PAR,Roadside,12/13/22,0.0023,,9/15/21,10/16/21,,,0,6.82,5.2,-1.62
92,4,Construction Soil,None,PAR-R,PAR,Roadside,12/12/22,0.0024,,9/16/21,10/16/21,,,0,5.88,8.16,2.28
93,5,Construction Soil,None,PAR-R,PAR,Roadside,12/11/22,0.0022,,9/16/21,10/16/21,,,0,5.7,5.14,-0.56
94,6,Construction Soil,None,PAR-R,PAR,Roadside,12/11/22,0.0026,,9/16/21,10/17/21,,,0,4.34,3.54,-0.8
95,7,Construction Soil,None,PAR-R,PAR,Roadside,12/14/22,0.0011,,9/16/21,10/17/21,,,0,4.63,4.22,-0.41
96,8,Construction Soil,None,PAR-R,PAR,Roadside,12/14/22,0.0018,,9/16/21,10/17/21,,,0,2.7,3.46,0.76
97,1,Construction Soil,None,PEN-V,PEN,Vegetated,12/16/22,0.0024,,9/14/21,10/15/21,,,0,7.29,4.87,-2.42
98,2,Construction Soil,None,PEN-V,PEN,Vegetated,12/10/22,0.0037,,9/15/21,10/15/21,,,0,8.75,6.3,-2.45
99,3,Construction Soil,None,PEN-V,PEN,Vegetated,12/13/22,0.0031,,9/15/21,10/16/21,,,0,8.86,5.53,-3.33
100,4,Construction Soil,None,PEN-V,PEN,Vegetated,12/13/22,0.0018,,9/16/21,10/16/21,,,0,5.73,4.18,-1.55
101,5,Construction Soil,None,PEN-V,PEN,Vegetated,12/15/22,0.0032,,9/16/21,10/16/21,,,0,8.03,4.94,-3.09
102,6,Construction Soil,None,PEN-V,PEN,Vegetated,12/11/22,0.0023,,9/16/21,10/17/21,,,0,6.08,6.05,-0.03
103,7,Construction Soil,None,PEN-V,PEN,Vegetated,12/14/22,0.0008,,9/16/21,10/17/21,,,0,4,4.73,0.73
104,8,Construction Soil,None,PEN-V,PEN,Vegetated,12/14/22,0.0006,,9/16/21,10/17/21,,,0,5.59,4.23,-1.36
105,1,Construction Soil,None,PEN-R,PEN,Roadside,12/15/22,0.0066,,9/15/21,10/15/21,,,0,13.67,18.37,4.7
106,2,Construction Soil,None,PEN-R,PEN,Roadside,12/10/22,0.0012,,9/15/21,10/15/21,,,0,10.6,6.15,-4.45
107,3,Construction Soil,None,PEN-R,PEN,Roadside,12/13/22,0.0018,,9/15/21,10/16/21,,,0,9.81,5.65,-4.16
108,4,Construction Soil,None,PEN-R,PEN,Roadside,12/13/22,0.0016,,9/16/21,10/16/21,,,0,7.8,3.28,-4.52
109,5,Construction Soil,None,PEN-R,PEN,Roadside,12/15/22,0.0036,,9/16/21,10/16/21,,,0,7.71,7.05,-0.66
110,6,Construction Soil,None,PEN-R,PEN,Roadside,12/11/22,0.0006,,9/16/21,10/17/21,,,0,5.03,4.21,-0.82
111,7,Construction Soil,None,PEN-R,PEN,Roadside,12/14/22,0.002,,9/16/21,10/17/21,,,0,6.5,9.43,2.93
112,8,Construction Soil,None,PEN-R,PEN,Roadside,12/11/22,0.0018,,9/16/21,10/17/21,,,0,3.87,3.88,0.01
113,1,Construction Soil,None,SSJ-V,SSJ,Vegetated,12/16/22,0.0052,,9/14/21,10/15/21,,,0,8.26,8.84,0.58
114,2,Construction Soil,None,SSJ-V,SSJ,Vegetated,12/10/22,0.0018,,9/15/21,10/15/21,,,0,10.27,6.78,-3.49
115,3,Construction Soil,None,SSJ-V,SSJ,Vegetated,12/13/22,0.0024,,9/15/21,10/16/21,,,0,5.62,5.46,-0.16
116,4,Construction Soil,None,SSJ-V,SSJ,Vegetated,12/13/22,0.0029,,9/16/21,10/16/21,,,0,8.94,7.36,-1.58
117,5,Construction Soil,None,SSJ-V,SSJ,Vegetated,12/15/22,0.0025,,9/16/21,10/16/21,,,0,5.48,4.28,-1.2
118,6,Construction Soil,None,SSJ-V,SSJ,Vegetated,12/11/22,0.0008,,9/16/21,10/17/21,,,0,7.18,6.46,-0.72
119,7,Construction Soil,None,SSJ-V,SSJ,Vegetated,12/14/22,0.0014,,9/16/21,10/17/21,,,0,7.65,3.72,-3.93
120,8,Construction Soil,None,SSJ-V,SSJ,Vegetated,12/14/22,0.0008,,9/16/21,10/17/21,,,0,3.1,4.28,1.18
121,1,Construction Soil,None,SSJ-R,SSJ,Roadside,12/15/22,0.0094,,9/15/21,10/15/21,,,0,9.46,24.41,14.95
122,2,Construction Soil,None,SSJ-R,SSJ,Roadside,12/9/22,0.0033,,9/15/21,10/15/21,,,0,10.45,8.19,-2.26
123,3,Construction Soil,None,SSJ-R,SSJ,Roadside,12/13/22,0.0021,,9/15/21,10/16/21,,,0,6.2,6.92,0.72
124,4,Construction Soil,None,SSJ-R,SSJ,Roadside,12/9/22,0.0028,,9/16/21,10/16/21,,,0,6.68,7.27,0.59
125,5,Construction Soil,None,SSJ-R,SSJ,Roadside,12/15/22,0.0053,,9/16/21,10/16/21,,,0,7.43,15.63,8.2
126,6,Construction Soil,None,SSJ-R,SSJ,Roadside,12/11/22,0.0026,,9/16/21,10/17/21,,,0,6.94,5.18,-1.76
127,7,Construction Soil,None,SSJ-R,SSJ,Roadside,12/14/22,0.0018,,9/16/21,10/17/21,,,0,5.63,4.36,-1.27
128,8,Construction Soil,None,SSJ-R,SSJ,Roadside,12/11/22,0.004,,9/16/21,10/17/21,,,0,11.74,10.52,-1.22
129,1,Construction Soil,Festuca,BAY-V,BAY,Vegetated,12/16/22,0.0013,0.0673,9/14/21,10/15/21,19.3,19,-0.3,5.88,6.88,1
130,2,Construction Soil,Festuca,BAY-V,BAY,Vegetated,12/10/22,0.0017,0.0571,9/15/21,10/15/21,32.1,17.3,-14.8,4.95,8.99,4.04
131,3,Construction Soil,Festuca,BAY-V,BAY,Vegetated,12/13/22,0.0016,0.0689,9/15/21,10/16/21,24.1,25.5,1.4,4.64,7.18,2.54
132,4,Construction Soil,Festuca,BAY-V,BAY,Vegetated,12/12/22,0.0011,0.0694,9/16/21,10/16/21,27.1,27.1,0,4.57,5.9,1.33
133,5,Construction Soil,Festuca,BAY-V,BAY,Vegetated,12/15/22,0.0011,0.0626,9/16/21,10/16/21,18.1,17.6,-0.5,4.77,4.31,-0.46
134,6,Construction Soil,Festuca,BAY-V,BAY,Vegetated,12/11/22,0.0018,0.0731,9/16/21,10/17/21,34.5,34.7,0.2,3.16,4.3,1.14
135,7,Construction Soil,Festuca,BAY-V,BAY,Vegetated,12/14/22,0.0007,0.1084,9/16/21,10/17/21,46.6,47,0.4,3.2,3.47,0.27
136,8,Construction Soil,Festuca,BAY-V,BAY,Vegetated,12/11/22,0.0015,0.0777,9/16/21,10/17/21,41.6,41.5,-0.1,4.44,9.08,4.64
137,1,Construction Soil,Festuca,BAY-R,BAY,Roadside,12/16/22,0.001,0.1004,9/14/21,10/15/21,24.1,22.9,-1.2,4.84,3.88,-0.96
138,2,Construction Soil,Festuca,BAY-R,BAY,Roadside,12/9/22,0.0003,0.0971,9/15/21,10/16/21,26,31.2,5.2,5.3,5.96,0.66
139,3,Construction Soil,Festuca,BAY-R,BAY,Roadside,12/13/22,0.0009,0.0746,9/15/21,10/16/21,22.5,23.2,0.7,7.16,7.01,-0.15
140,4,Construction Soil,Festuca,BAY-R,BAY,Roadside,12/12/22,0.0009,0.1154,9/16/21,10/16/21,25.5,25.8,0.3,3.82,4.71,0.89
141,5,Construction Soil,Festuca,BAY-R,BAY,Roadside,12/11/22,0.0018,0.0905,9/16/21,10/16/21,24.9,18.3,-6.6,5.28,8.54,3.26
142,6,Construction Soil,Festuca,BAY-R,BAY,Roadside,12/12/22,0.0008,0.1036,9/16/21,10/17/21,48.9,48.9,0,6.25,6.34,0.09
143,7,Construction Soil,Festuca,BAY-R,BAY,Roadside,12/14/22,0.0008,0.1448,9/16/21,10/17/21,23.8,24.5,0.7,4.78,3.89,-0.89
144,8,Construction Soil,Festuca,BAY-R,BAY,Roadside,12/14/22,0.0015,0.0608,9/16/21,10/17/21,28.7,28.2,-0.5,6.08,5.41,-0.67
145,1,Construction Soil,Festuca,CHE-V,CHE,Vegetated,12/16/22,0.0017,0.0984,9/14/21,10/15/21,27.1,44.7,17.6,3.26,3.09,-0.17
146,2,Construction Soil,Festuca,CHE-V,CHE,Vegetated,12/10/22,0.0017,0.0976,9/15/21,10/15/21,26,25.1,-0.9,4.63,6.12,1.49
147,3,Construction Soil,Festuca,CHE-V,CHE,Vegetated,12/13/22,0.0013,0.0874,9/15/21,10/16/21,25,27.9,2.9,4.99,5.95,0.96
148,4,Construction Soil,Festuca,CHE-V,CHE,Vegetated,12/13/22,0.001,0.1178,9/16/21,10/16/21,33.4,38.5,5.1,5.18,5.38,0.2
149,5,Construction Soil,Festuca,CHE-V,CHE,Vegetated,12/11/22,0.0008,0.1127,9/16/21,10/16/21,27.7,31.2,3.5,4.46,6.21,1.75
150,6,Construction Soil,Festuca,CHE-V,CHE,Vegetated,12/11/22,0.0033,0.1502,9/16/21,10/17/21,50,49.9,-0.1,4.38,7.18,2.8
151,7,Construction Soil,Festuca,CHE-V,CHE,Vegetated,12/14/22,0.0004,0.0837,9/16/21,10/17/21,27.8,27.6,-0.2,4.22,5.79,1.57
152,8,Construction Soil,Festuca,CHE-V,CHE,Vegetated,12/14/22,0.0012,0.1146,9/16/21,10/17/21,31.6,31.4,-0.2,5.7,4.86,-0.84
153,1,Construction Soil,Festuca,CHE-R,CHE,Roadside,12/16/22,0.0022,0.1619,9/14/21,10/15/21,51.8,52.2,0.4,4.44,3.91,-0.53
154,2,Construction Soil,Festuca,CHE-R,CHE,Roadside,12/10/22,0.0013,0.1429,9/15/21,10/15/21,24.4,27.6,3.2,4.62,5.23,0.61
155,3,Construction Soil,Festuca,CHE-R,CHE,Roadside,12/13/22,0.001,0.1411,9/15/21,10/16/21,35.6,35.9,0.3,6.95,5.96,-0.99
156,4,Construction Soil,Festuca,CHE-R,CHE,Roadside,12/12/22,0.0007,0.1358,9/16/21,10/16/21,39.2,39.1,-0.1,3.57,5.42,1.85
157,5,Construction Soil,Festuca,CHE-R,CHE,Roadside,12/15/22,0.0014,0.1315,9/16/21,10/16/21,43.6,43.4,-0.2,4.34,4.94,0.6
158,6,Construction Soil,Festuca,CHE-R,CHE,Roadside,12/12/22,0.0012,0.0546,9/16/21,10/17/21,26.3,26.2,-0.1,6.28,5.33,-0.95
159,7,Construction Soil,Festuca,CHE-R,CHE,Roadside,12/14/22,0.0011,0.0904,9/16/21,10/17/21,41,41.2,0.2,4.49,6.92,2.43
160,8,Construction Soil,Festuca,CHE-R,CHE,Roadside,12/14/22,0.0018,0.1714,9/16/21,10/17/21,33.6,33.5,-0.1,4.51,2.84,-1.67
161,1,Construction Soil,Festuca,GUA-V,GUA,Vegetated,12/16/22,0.0012,0.0817,9/14/21,10/15/21,23.2,23,-0.2,4.53,5.77,1.24
162,2,Construction Soil,Festuca,GUA-V,GUA,Vegetated,12/10/22,0.0008,0.0736,9/15/21,10/15/21,28.4,28.5,0.1,3.97,4.45,0.48
163,3,Construction Soil,Festuca,GUA-V,GUA,Vegetated,12/13/22,0.0013,0.113,9/15/21,10/16/21,24.8,24.7,-0.1,5.36,5.35,-0.01
164,4,Construction Soil,Festuca,GUA-V,GUA,Vegetated,12/13/22,0.0012,0.0965,9/16/21,10/16/21,38.2,38.2,0,4.23,5.43,1.2
165,5,Construction Soil,Festuca,GUA-V,GUA,Vegetated,12/11/22,0.0007,0.1145,9/16/21,10/16/21,26.4,26,-0.4,2.83,5.38,2.55
166,6,Construction Soil,Festuca,GUA-V,GUA,Vegetated,12/12/22,0.0007,0.113,9/16/21,10/17/21,36.7,37,0.3,3.83,5.56,1.73
167,7,Construction Soil,Festuca,GUA-V,GUA,Vegetated,12/14/22,0.0012,0.1035,9/16/21,10/17/21,49.6,49.6,0,5.41,7.76,2.35
168,8,Construction Soil,Festuca,GUA-V,GUA,Vegetated,12/14/22,0.0022,0.0896,9/16/21,10/17/21,47.8,47.5,-0.3,6.09,5.96,-0.13
169,1,Construction Soil,Festuca,GUA-R,GUA,Roadside,12/15/22,0.0004,0.0742,9/15/21,10/15/21,21.7,21.6,-0.1,3.54,3.33,-0.21
170,2,Construction Soil,Festuca,GUA-R,GUA,Roadside,12/10/22,0.0018,0.0449,9/15/21,10/15/21,17.6,22.9,5.3,2.32,3.95,1.63
171,3,Construction Soil,Festuca,GUA-R,GUA,Roadside,12/13/22,0.0007,0.0697,9/15/21,10/16/21,24.8,24.8,0,3.45,4.25,0.8
172,4,Construction Soil,Festuca,GUA-R,GUA,Roadside,12/12/22,0.0009,0.0761,9/16/21,10/16/21,22.2,22.1,-0.1,3.66,5.38,1.72
173,5,Construction Soil,Festuca,GUA-R,GUA,Roadside,12/15/22,0.0007,0.0887,9/16/21,10/16/21,18.4,24.2,5.8,2.36,2.58,0.22
174,6,Construction Soil,Festuca,GUA-R,GUA,Roadside,12/12/22,0.001,0.1538,9/16/21,10/17/21,28.8,29.8,1,4.57,4.22,-0.35
175,7,Construction Soil,Festuca,GUA-R,GUA,Roadside,12/14/22,0.0015,0.1113,9/16/21,10/17/21,31.6,31.5,-0.1,2.83,5.42,2.59
176,8,Construction Soil,Festuca,GUA-R,GUA,Roadside,12/14/22,0.0014,0.1963,9/16/21,10/17/21,26.2,34.5,8.3,3.02,4.79,1.77
177,1,Construction Soil,Festuca,LEX-V,LEX,Vegetated,12/16/22,0.0014,0.0973,9/14/21,10/15/21,24.9,22.9,-2,2.45,2.83,0.38
178,2,Construction Soil,Festuca,LEX-V,LEX,Vegetated,12/10/22,0.0014,0.1394,9/15/21,10/15/21,27.3,28.2,0.9,4.04,4.68,0.64
179,3,Construction Soil,Festuca,LEX-V,LEX,Vegetated,12/13/22,0.0016,0.0649,9/15/21,10/16/21,24.9,27.6,2.7,3.38,4.22,0.84
180,4,Construction Soil,Festuca,LEX-V,LEX,Vegetated,12/13/22,0.0005,0.1034,9/16/21,10/16/21,22.5,22.8,0.3,2.85,3.8,0.95
181,5,Construction Soil,Festuca,LEX-V,LEX,Vegetated,12/11/22,0.001,0.164,9/16/21,10/16/21,46.6,46.3,-0.3,1.01,2.21,1.2
182,6,Construction Soil,Festuca,LEX-V,LEX,Vegetated,12/11/22,0.0024,0.1476,9/16/21,10/17/21,25.3,28.3,3,3.51,5.22,1.71
183,7,Construction Soil,Festuca,LEX-V,LEX,Vegetated,12/14/22,0.0004,0.2514,9/16/21,10/17/21,29.6,27.1,-2.5,2.55,3.06,0.51
184,8,Construction Soil,Festuca,LEX-V,LEX,Vegetated,12/11/22,0.0006,0.1093,9/16/21,10/17/21,27.2,30.5,3.3,3.22,4.4,1.18
185,1,Construction Soil,Festuca,LEX-R,LEX,Roadside,12/15/22,0.0007,0.1121,9/15/21,10/15/21,23,22.3,-0.7,3.08,3.81,0.73
186,2,Construction Soil,Festuca,LEX-R,LEX,Roadside,12/10/22,0.0008,0.1212,9/15/21,10/15/21,32.7,33.3,0.6,2.32,4.22,1.9
187,3,Construction Soil,Festuca,LEX-R,LEX,Roadside,12/13/22,0.0018,0.0794,9/15/21,10/16/21,40,39.8,-0.2,2.73,5.63,2.9
188,4,Construction Soil,Festuca,LEX-R,LEX,Roadside,12/12/22,0.0022,0.104,9/20/21,10/16/21,35.6,35.5,-0.1,3.47,4.27,0.8
189,5,Construction Soil,Festuca,LEX-R,LEX,Roadside,12/11/22,0.0003,0.1358,9/16/21,10/16/21,25.3,27.3,2,2.92,3.3,0.38
190,6,Construction Soil,Festuca,LEX-R,LEX,Roadside,12/11/22,0.0009,0.1723,9/16/21,10/17/21,32,32.6,0.6,3.14,4.16,1.02
191,7,Construction Soil,Festuca,LEX-R,LEX,Roadside,12/14/22,0.0014,0.1122,9/16/21,10/17/21,30,30.5,0.5,4.31,5.32,1.01
192,8,Construction Soil,Festuca,LEX-R,LEX,Roadside,12/11/22,0.0011,0.1575,9/16/21,10/17/21,35.5,35,-0.5,4.09,4.08,-0.01
193,1,Construction Soil,Festuca,OAP-V,OAP,Vegetated,12/16/22,0.0007,0.062,9/14/21,10/15/21,23.7,23.2,-0.5,4.5,4.78,0.28
194,2,Construction Soil,Festuca,OAP-V,OAP,Vegetated,12/9/22,0.0014,0.1692,9/15/21,10/16/21,54.2,61.3,7.1,4.97,3.91,-1.06
195,3,Construction Soil,Festuca,OAP-V,OAP,Vegetated,12/13/22,0.0013,0.0744,9/15/21,10/16/21,22.7,23.7,1,4.88,5.16,0.28
196,4,Construction Soil,Festuca,OAP-V,OAP,Vegetated,12/13/22,0.0022,0.1209,9/16/21,10/16/21,36.2,43.8,7.6,6.23,8.17,1.94
197,5,Construction Soil,Festuca,OAP-V,OAP,Vegetated,12/11/22,0.0018,0.1672,9/16/21,10/16/21,33.3,29.9,-3.4,5.53,4.91,-0.62
198,6,Construction Soil,Festuca,OAP-V,OAP,Vegetated,12/11/22,0.0004,0.1621,9/16/21,10/17/21,29.6,30.6,1,4.45,3.86,-0.59
199,7,Construction Soil,Festuca,OAP-V,OAP,Vegetated,12/14/22,0.0003,0.1332,9/16/21,10/17/21,27.4,35,7.6,3.78,3.22,-0.56
200,8,Construction Soil,Festuca,OAP-V,OAP,Vegetated,12/11/22,0.0012,0.0584,9/16/21,10/17/21,27,29,2,6.13,6.09,-0.04
201,1,Construction Soil,Festuca,OAP-R,OAP,Roadside,12/15/22,0.0002,0.1553,9/15/21,10/15/21,32.7,32.8,0.1,3.73,4.52,0.79
202,2,Construction Soil,Festuca,OAP-R,OAP,Roadside,12/9/22,0.0011,0.1508,9/15/21,10/15/21,36,35.6,-0.4,3.16,3.45,0.29
203,3,Construction Soil,Festuca,OAP-R,OAP,Roadside,12/13/22,0.0008,0.0714,9/15/21,10/16/21,27.4,27.7,0.3,3.71,4.27,0.56
204,4,Construction Soil,Festuca,OAP-R,OAP,Roadside,12/12/22,0.0013,0.1408,9/16/21,10/16/21,24.3,26.5,2.2,2.61,4.59,1.98
205,5,Construction Soil,Festuca,OAP-R,OAP,Roadside,12/11/22,0.0002,0.1034,9/16/21,10/16/21,29.5,32.2,2.7,3.87,3.42,-0.45
206,6,Construction Soil,Festuca,OAP-R,OAP,Roadside,12/11/22,0.0003,0.1079,9/20/21,10/17/21,24.5,24.4,-0.1,3.14,3.36,0.22
207,7,Construction Soil,Festuca,OAP-R,OAP,Roadside,12/14/22,0.0017,0.0363,9/16/21,10/17/21,18.3,18.3,0,4.79,4.83,0.04
208,8,Construction Soil,Festuca,OAP-R,OAP,Roadside,12/11/22,0.0008,0.091,9/16/21,10/17/21,47.2,46.6,-0.6,3.76,4.51,0.75
209,1,Construction Soil,Festuca,PAR-V,PAR,Vegetated,12/16/22,0.0006,0.0337,9/14/21,10/15/21,30.9,31.1,0.2,4.23,3.72,-0.51
210,2,Construction Soil,Festuca,PAR-V,PAR,Vegetated,12/9/22,0.0013,0.0789,9/15/21,10/16/21,26.7,26.6,-0.1,7.51,4.83,-2.68
211,3,Construction Soil,Festuca,PAR-V,PAR,Vegetated,12/13/22,0.0014,0.1214,9/15/21,10/16/21,53.8,54,0.2,4.33,3.94,-0.39
212,4,Construction Soil,Festuca,PAR-V,PAR,Vegetated,12/12/22,0.0008,0.0398,9/16/21,10/16/21,19.4,20.3,0.9,4.54,3.8,-0.74
213,5,Construction Soil,Festuca,PAR-V,PAR,Vegetated,12/15/22,0.0009,0.0563,9/16/21,10/16/21,23.5,23.2,-0.3,3.91,7.41,3.5
214,6,Construction Soil,Festuca,PAR-V,PAR,Vegetated,12/12/22,0.0011,0.0499,9/16/21,10/17/21,28,27.8,-0.2,4.21,3.25,-0.96
215,7,Construction Soil,Festuca,PAR-V,PAR,Vegetated,12/14/22,0.0008,0.1606,9/16/21,10/17/21,29.1,28.8,-0.3,4.79,5.51,0.72
216,8,Construction Soil,Festuca,PAR-V,PAR,Vegetated,12/14/22,0.0008,0.0436,9/16/21,10/17/21,26.4,28.7,2.3,5.91,3.16,-2.75
217,1,Construction Soil,Festuca,PAR-R,PAR,Roadside,12/16/22,0.0021,0.0612,9/14/21,10/15/21,25.8,24.8,-1,5.4,4.77,-0.63
218,2,Construction Soil,Festuca,PAR-R,PAR,Roadside,12/10/22,0.0015,0.0527,9/15/21,10/15/21,25.2,24.5,-0.7,4.44,4.22,-0.22
219,3,Construction Soil,Festuca,PAR-R,PAR,Roadside,12/13/22,0.0013,0.0419,9/15/21,10/16/21,26.4,26.3,-0.1,4.97,3.67,-1.3
220,4,Construction Soil,Festuca,PAR-R,PAR,Roadside,12/13/22,0.0006,0.0528,9/16/21,10/16/21,25.1,25.1,0,2.77,3.14,0.37
221,5,Construction Soil,Festuca,PAR-R,PAR,Roadside,12/11/22,0.0005,0.0598,9/16/21,10/16/21,27.2,29.3,2.1,4.03,5.87,1.84
222,6,Construction Soil,Festuca,PAR-R,PAR,Roadside,12/11/22,0.0014,0.039,9/16/21,10/17/21,24.1,24.6,0.5,3.81,4.81,1
223,7,Construction Soil,Festuca,PAR-R,PAR,Roadside,12/14/22,0.0016,0.0637,9/16/21,10/17/21,32.3,32,-0.3,7.3,5.49,-1.81
224,8,Construction Soil,Festuca,PAR-R,PAR,Roadside,12/14/22,0.0021,0.0988,9/16/21,10/17/21,27.9,27.6,-0.3,4.8,6.84,2.04
225,1,Construction Soil,Festuca,PEN-V,PEN,Vegetated,12/15/22,0.0031,0.0417,9/15/21,10/15/21,28.6,31.7,3.1,3.81,4.1,0.29
226,2,Construction Soil,Festuca,PEN-V,PEN,Vegetated,12/10/22,0.0013,0.0944,9/15/21,10/15/21,18.3,20.4,2.1,2.93,3.97,1.04
227,3,Construction Soil,Festuca,PEN-V,PEN,Vegetated,12/13/22,0.0017,0.0809,9/15/21,10/16/21,25.5,25.7,0.2,5.85,7.01,1.16
228,4,Construction Soil,Festuca,PEN-V,PEN,Vegetated,12/13/22,0.0008,0.0489,9/16/21,10/16/21,28.3,28.3,0,4.2,3.78,-0.42
229,5,Construction Soil,Festuca,PEN-V,PEN,Vegetated,12/11/22,0.001,0.0538,9/16/21,10/16/21,23,22.9,-0.1,4.37,4.52,0.15
230,6,Construction Soil,Festuca,PEN-V,PEN,Vegetated,12/12/22,0.0005,0.0951,9/16/21,10/17/21,27.5,31.5,4,3.54,4.46,0.92
231,7,Construction Soil,Festuca,PEN-V,PEN,Vegetated,12/14/22,0.0015,0.0455,9/16/21,10/17/21,16.2,18.4,2.2,4.51,3.66,-0.85
232,8,Construction Soil,Festuca,PEN-V,PEN,Vegetated,12/14/22,0.0011,0.1715,9/16/21,10/17/21,31.5,33.8,2.3,4.06,2.95,-1.11
233,1,Construction Soil,Festuca,PEN-R,PEN,Roadside,12/15/22,0.0012,0.1001,9/15/21,10/15/21,32,33.5,1.5,3.87,4.15,0.28
234,2,Construction Soil,Festuca,PEN-R,PEN,Roadside,12/9/22,0.0011,0.0922,9/15/21,10/16/21,30.6,26.6,-4,5.58,5.47,-0.11
235,3,Construction Soil,Festuca,PEN-R,PEN,Roadside,12/13/22,,0.1067,9/15/21,10/16/21,30.9,31,0.1,2.87,4.37,1.5
236,4,Construction Soil,Festuca,PEN-R,PEN,Roadside,12/13/22,0.0005,0.1265,9/16/21,10/16/21,27,32,5,6.13,6.11,-0.02
237,5,Construction Soil,Festuca,PEN-R,PEN,Roadside,12/15/22,0.0007,0.0614,9/16/21,10/16/21,23.3,24.9,1.6,4.13,5.43,1.3
238,6,Construction Soil,Festuca,PEN-R,PEN,Roadside,12/12/22,0.0011,0.0383,9/16/21,10/17/21,18.2,18.4,0.2,4.07,4.59,0.52
239,7,Construction Soil,Festuca,PEN-R,PEN,Roadside,12/14/22,0.0015,0.0846,9/16/21,10/17/21,25,25.8,0.8,4.32,4.28,-0.04
240,8,Construction Soil,Festuca,PEN-R,PEN,Roadside,12/14/22,0.002,0.0438,9/16/21,10/17/21,20.9,22.7,1.8,4.73,3.66,-1.07
241,1,Construction Soil,Festuca,SSJ-V,SSJ,Vegetated,12/15/22,0.0023,0.0588,9/15/21,10/15/21,18.8,21.6,2.8,6.07,4.92,-1.15
242,2,Construction Soil,Festuca,SSJ-V,SSJ,Vegetated,12/9/22,0.003,0.0775,9/20/21,10/16/21,29.6,34,4.4,7.38,8.86,1.48
243,3,Construction Soil,Festuca,SSJ-V,SSJ,Vegetated,12/13/22,0.0015,0.0425,9/15/21,10/16/21,24.5,26.1,1.6,5.76,4.95,-0.81
244,4,Construction Soil,Festuca,SSJ-V,SSJ,Vegetated,12/12/22,0.0007,0.0818,9/16/21,10/16/21,24,20.5,-3.5,4.57,4.36,-0.21
245,5,Construction Soil,Festuca,SSJ-V,SSJ,Vegetated,12/11/22,0.0015,0.081,9/16/21,10/16/21,32,33.6,1.6,5.67,6.07,0.4
246,6,Construction Soil,Festuca,SSJ-V,SSJ,Vegetated,12/12/22,0.002,0.0594,9/16/21,10/17/21,30.8,31.1,0.3,4.44,6.72,2.28
247,7,Construction Soil,Festuca,SSJ-V,SSJ,Vegetated,12/14/22,0.0011,0.0692,9/16/21,10/17/21,22.5,33.9,11.4,5.25,3.77,-1.48
248,8,Construction Soil,Festuca,SSJ-V,SSJ,Vegetated,12/11/22,0.0008,0.0307,9/16/21,10/17/21,19.5,19.9,0.4,6.39,4.56,-1.83
249,1,Construction Soil,Festuca,SSJ-R,SSJ,Roadside,12/16/22,0.0016,0.0337,9/14/21,10/15/21,24,23.6,-0.4,4.31,4.63,0.32
250,2,Construction Soil,Festuca,SSJ-R,SSJ,Roadside,12/10/22,0.0011,0.0569,9/15/21,10/15/21,29.1,28.9,-0.2,5.85,6.62,0.77
251,3,Construction Soil,Festuca,SSJ-R,SSJ,Roadside,12/13/22,0.001,0.0361,9/15/21,10/16/21,24.5,24.6,0.1,3.73,4.31,0.58
252,4,Construction Soil,Festuca,SSJ-R,SSJ,Roadside,12/12/22,0.0017,0.0861,9/16/21,10/16/21,23,22.1,-0.9,5.5,4.53,-0.97
253,5,Construction Soil,Festuca,SSJ-R,SSJ,Roadside,12/15/22,0.0022,0.1107,9/16/21,10/16/21,31.7,36.4,4.7,5.57,4.82,-0.75
254,6,Construction Soil,Festuca,SSJ-R,SSJ,Roadside,12/12/22,0.0018,0.0729,9/16/21,10/17/21,32.3,37,4.7,6.56,7.35,0.79
255,7,Construction Soil,Festuca,SSJ-R,SSJ,Roadside,12/14/22,0.0015,0.1269,9/16/21,10/17/21,41.2,41.4,0.2,4.95,5.38,0.43
256,8,Construction Soil,Festuca,SSJ-R,SSJ,Roadside,12/14/22,0.0015,0.1168,9/16/21,10/17/21,22.5,24.7,2.2,5.05,4.54,-0.51
257,1,Construction Soil,Bromus,BAY-V,BAY,Vegetated,12/15/22,0.0013,0.0281,9/15/21,10/15/21,12,12,0,4.36,4.19,-0.17
258,2,Construction Soil,Bromus,BAY-V,BAY,Vegetated,12/9/22,0.0006,0.022,9/15/21,10/16/21,11.3,13.9,2.6,3.65,4.06,0.41
259,3,Construction Soil,Bromus,BAY-V,BAY,Vegetated,12/13/22,0.0005,0.0239,9/15/21,10/16/21,13.2,12,-1.2,4.28,5.31,1.03
260,4,Construction Soil,Bromus,BAY-V,BAY,Vegetated,12/13/22,0.0006,0.0251,9/16/21,10/16/21,11.6,12.9,1.3,4.23,5.15,0.92
261,5,Construction Soil,Bromus,BAY-V,BAY,Vegetated,12/15/22,0.0013,0.0189,9/16/21,10/16/21,11.1,16.1,5,4.47,6.74,2.27
262,6,Construction Soil,Bromus,BAY-V,BAY,Vegetated,12/12/22,0.0005,0.0206,9/16/21,10/17/21,13.4,12.4,-1,2.74,3.86,1.12
263,7,Construction Soil,Bromus,BAY-V,BAY,Vegetated,12/14/22,0.0022,0.0308,9/16/21,10/17/21,11.1,12.6,1.5,4.45,5.01,0.56
264,8,Construction Soil,Bromus,BAY-V,BAY,Vegetated,12/14/22,0.0017,0.0278,9/16/21,10/17/21,12.4,12.9,0.5,4.32,4.21,-0.11
265,1,Construction Soil,Bromus,BAY-R,BAY,Roadside,12/16/22,0.0003,0.0344,9/14/21,10/15/21,12,13.2,1.2,4.22,4.98,0.76
266,2,Construction Soil,Bromus,BAY-R,BAY,Roadside,12/10/22,0.0014,0.0302,9/15/21,10/15/21,13.1,13.2,0.1,4.91,6.48,1.57
267,3,Construction Soil,Bromus,BAY-R,BAY,Roadside,12/13/22,0.0016,0.0311,9/15/21,10/16/21,11.3,13.5,2.2,4.75,3.55,-1.2
268,4,Construction Soil,Bromus,BAY-R,BAY,Roadside,12/13/22,0.0013,0.0335,9/16/21,10/16/21,13.2,13.6,0.4,3.67,4.19,0.52
269,5,Construction Soil,Bromus,BAY-R,BAY,Roadside,12/11/22,0.0005,0.0194,9/16/21,10/16/21,10.7,11.4,0.7,2.74,3.98,1.24
270,6,Construction Soil,Bromus,BAY-R,BAY,Roadside,12/12/22,0.0012,0.0164,9/16/21,10/17/21,9.8,11,1.2,4.21,5.45,1.24
271,7,Construction Soil,Bromus,BAY-R,BAY,Roadside,12/14/22,0.0015,0.0137,9/16/21,10/17/21,9.4,8.8,-0.6,5.71,4.84,-0.87
272,8,Construction Soil,Bromus,BAY-R,BAY,Roadside,12/14/22,0.0013,0.0302,9/16/21,10/17/21,14,13.2,-0.8,4.78,4.24,-0.54
273,1,Construction Soil,Bromus,CHE-V,CHE,Vegetated,12/15/22,0.0021,0.0462,9/15/21,10/15/21,14,15.1,1.1,5.23,5.56,0.33
274,2,Construction Soil,Bromus,CHE-V,CHE,Vegetated,12/9/22,0.0008,0.0215,9/15/21,10/16/21,12.1,13.5,1.4,3.02,3.47,0.45
275,3,Construction Soil,Bromus,CHE-V,CHE,Vegetated,12/13/22,0.0013,0.0257,9/15/21,10/16/21,10,11.4,1.4,4.23,5.07,0.84
276,4,Construction Soil,Bromus,CHE-V,CHE,Vegetated,12/13/22,0.0009,0.0257,9/16/21,10/16/21,13.5,15.9,2.4,4.72,5.51,0.79
277,5,Construction Soil,Bromus,CHE-V,CHE,Vegetated,12/15/22,0.0012,0.0275,9/16/21,10/16/21,14,15.2,1.2,4.59,3.59,-1
278,6,Construction Soil,Bromus,CHE-V,CHE,Vegetated,12/11/22,0.0004,0.0272,9/16/21,10/17/21,10.9,11.1,0.2,1.57,2.67,1.1
279,7,Construction Soil,Bromus,CHE-V,CHE,Vegetated,12/14/22,0.0008,0.0066,9/16/21,10/17/21,9,8,-1,4.26,3.38,-0.88
280,8,Construction Soil,Bromus,CHE-V,CHE,Vegetated,12/11/22,0.0009,0.0263,9/16/21,10/17/21,13.6,13.2,-0.4,5.18,4.23,-0.95
281,1,Construction Soil,Bromus,CHE-R,CHE,Roadside,12/16/22,0.0013,0.0476,9/15/21,10/15/21,16.7,16.5,-0.2,4.41,5.6,1.19
282,2,Construction Soil,Bromus,CHE-R,CHE,Roadside,12/10/22,0.0014,0.0325,9/15/21,10/15/21,13.6,13.2,-0.4,4.94,5.13,0.19
283,3,Construction Soil,Bromus,CHE-R,CHE,Roadside,12/13/22,0.0003,0.0272,9/15/21,10/16/21,14.3,15,0.7,4.1,3.99,-0.11
284,4,Construction Soil,Bromus,CHE-R,CHE,Roadside,12/12/22,0.0014,0.0259,9/16/21,10/16/21,12.1,11.9,-0.2,4.23,5.4,1.17
285,5,Construction Soil,Bromus,CHE-R,CHE,Roadside,12/11/22,0.0005,0.0169,9/16/21,10/16/21,10,10,0,2.72,3.03,0.31
286,6,Construction Soil,Bromus,CHE-R,CHE,Roadside,12/11/22,0.0015,0.0275,9/16/21,10/17/21,13.1,12.1,-1,5.12,4.31,-0.81
287,7,Construction Soil,Bromus,CHE-R,CHE,Roadside,12/14/22,0.0008,0.0215,9/16/21,10/17/21,12.6,12.6,0,3.3,3.37,0.07
288,8,Construction Soil,Bromus,CHE-R,CHE,Roadside,12/14/22,0.0034,0.0197,9/16/21,10/17/21,12,12,0,4.68,4.58,-0.1
289,1,Construction Soil,Bromus,GUA-V,GUA,Vegetated,12/15/22,,0.0467,9/15/21,10/15/21,16.5,17.9,1.4,5.64,10.89,5.25
290,2,Construction Soil,Bromus,GUA-V,GUA,Vegetated,12/10/22,0.0006,0.0422,9/15/21,10/15/21,16.9,16.9,0,2.78,5.75,2.97
291,3,Construction Soil,Bromus,GUA-V,GUA,Vegetated,12/13/22,0.0017,0.0375,9/15/21,10/16/21,16.5,19.2,2.7,5.53,5.8,0.27
292,4,Construction Soil,Bromus,GUA-V,GUA,Vegetated,12/13/22,0.0012,0.0257,9/16/21,10/16/21,13.2,14.5,1.3,3.71,3.46,-0.25
293,5,Construction Soil,Bromus,GUA-V,GUA,Vegetated,12/11/22,0.0007,0.0267,9/16/21,10/16/21,12.2,14.8,2.6,4.23,4.26,0.03
294,6,Construction Soil,Bromus,GUA-V,GUA,Vegetated,12/11/22,0.0014,0.0197,9/16/21,10/17/21,12.1,11.9,-0.2,4.18,4.26,0.08
295,7,Construction Soil,Bromus,GUA-V,GUA,Vegetated,12/14/22,0.0014,0.0225,9/16/21,10/17/21,13.1,13.4,0.3,4.32,4.48,0.16
296,8,Construction Soil,Bromus,GUA-V,GUA,Vegetated,12/11/22,0.0015,0.024,9/16/21,10/17/21,12.9,12.6,-0.3,4.98,5.29,0.31
297,1,Construction Soil,Bromus,GUA-R,GUA,Roadside,12/15/22,0.0017,0.0167,9/15/21,10/15/21,9.4,11.5,2.1,2.15,3.38,1.23
298,2,Construction Soil,Bromus,GUA-R,GUA,Roadside,12/9/22,0.0029,0.0201,9/15/21,10/16/21,9.2,10.9,1.7,7.74,5.41,-2.33
299,3,Construction Soil,Bromus,GUA-R,GUA,Roadside,12/13/22,0.0008,0.0335,9/15/21,10/16/21,12.5,12.4,-0.1,3.54,3.77,0.23
300,4,Construction Soil,Bromus,GUA-R,GUA,Roadside,12/13/22,0.0008,0.0308,9/16/21,10/16/21,11.1,17,5.9,5.21,4.31,-0.9
301,5,Construction Soil,Bromus,GUA-R,GUA,Roadside,12/15/22,0.0018,0.0159,9/16/21,10/16/21,10.3,12.2,1.9,3.36,3.18,-0.18
302,6,Construction Soil,Bromus,GUA-R,GUA,Roadside,12/11/22,0.0024,0.0281,9/16/21,10/17/21,13.1,11.5,-1.6,4.81,4.71,-0.1
303,7,Construction Soil,Bromus,GUA-R,GUA,Roadside,12/14/22,0.0015,0.0443,9/16/21,10/17/21,17.4,17.2,-0.2,4.36,4.35,-0.01
304,8,Construction Soil,Bromus,GUA-R,GUA,Roadside,12/11/22,0.0011,0.0154,9/16/21,10/17/21,13,14.6,1.6,5.7,7.02,1.32
305,1,Construction Soil,Bromus,LEX-V,LEX,Vegetated,12/16/22,0.0014,0.0202,9/14/21,10/15/21,9.4,10.7,1.3,6.77,6.59,-0.18
306,2,Construction Soil,Bromus,LEX-V,LEX,Vegetated,12/9/22,0.002,0.0272,9/15/21,10/16/21,13.3,13.5,0.2,3.85,3.69,-0.16
307,3,Construction Soil,Bromus,LEX-V,LEX,Vegetated,12/13/22,0.0012,0.0312,9/15/21,10/16/21,13.3,13.8,0.5,3.47,5.1,1.63
308,4,Construction Soil,Bromus,LEX-V,LEX,Vegetated,12/12/22,0.0015,0.0326,9/16/21,10/16/21,13.3,14.6,1.3,5.03,6.1,1.07
309,5,Construction Soil,Bromus,LEX-V,LEX,Vegetated,12/15/22,0.001,0.0318,9/16/21,10/16/21,14.7,15.6,0.9,4.3,4.21,-0.09
310,6,Construction Soil,Bromus,LEX-V,LEX,Vegetated,12/11/22,0.0018,0.0093,9/16/21,10/17/21,8.6,9.4,0.8,3.66,4.23,0.57
311,7,Construction Soil,Bromus,LEX-V,LEX,Vegetated,12/14/22,0.0019,0.0226,9/16/21,10/17/21,13.2,14.7,1.5,4.81,5.77,0.96
312,8,Construction Soil,Bromus,LEX-V,LEX,Vegetated,12/11/22,0.0004,0.015,9/16/21,10/17/21,10.5,11.3,0.8,4.22,2.1,-2.12
313,1,Construction Soil,Bromus,LEX-R,LEX,Roadside,12/15/22,0.0032,0.0149,9/15/21,10/15/21,8.8,8.7,-0.1,4.32,7.65,3.33
314,2,Construction Soil,Bromus,LEX-R,LEX,Roadside,12/9/22,0.0017,0.0247,9/15/21,10/16/21,12.5,12.8,0.3,5.54,6.47,0.93
315,3,Construction Soil,Bromus,LEX-R,LEX,Roadside,12/13/22,0.0012,0.0161,9/15/21,10/16/21,12,12.4,0.4,4.99,4.84,-0.15
316,4,Construction Soil,Bromus,LEX-R,LEX,Roadside,12/13/22,0.001,0.0184,9/16/21,10/16/21,8.4,11,2.6,3.63,3.86,0.23
317,5,Construction Soil,Bromus,LEX-R,LEX,Roadside,12/15/22,0.0025,0.0727,9/16/21,10/16/21,23.8,23.4,-0.4,9.13,6.54,-2.59
318,6,Construction Soil,Bromus,LEX-R,LEX,Roadside,12/12/22,0.0011,0.0229,9/16/21,10/17/21,13.6,13.8,0.2,4.1,3.39,-0.71
319,7,Construction Soil,Bromus,LEX-R,LEX,Roadside,12/14/22,0.0016,0.0244,9/16/21,10/17/21,18.3,18.1,-0.2,5.01,6.84,1.83
320,8,Construction Soil,Bromus,LEX-R,LEX,Roadside,12/11/22,0.0017,0.0274,9/16/21,10/17/21,13.9,12.6,-1.3,5.44,5.24,-0.2
321,1,Construction Soil,Bromus,OAP-V,OAP,Vegetated,12/16/22,0.0016,0.0173,9/14/21,10/15/21,10.1,10.2,0.1,6.7,6.09,-0.61
322,2,Construction Soil,Bromus,OAP-V,OAP,Vegetated,12/9/22,0.0022,0.0298,9/15/21,10/16/21,14.4,14.5,0.1,8.73,7.36,-1.37
323,3,Construction Soil,Bromus,OAP-V,OAP,Vegetated,12/13/22,0.0014,0.0256,9/15/21,10/16/21,15.7,15.2,-0.5,6.34,5.45,-0.89
324,4,Construction Soil,Bromus,OAP-V,OAP,Vegetated,12/13/22,0.0011,0.0242,9/16/21,10/16/21,12.1,11.3,-0.8,4.89,4.68,-0.21
325,5,Construction Soil,Bromus,OAP-V,OAP,Vegetated,12/15/22,0.0013,0.0356,9/16/21,10/16/21,15.2,16.4,1.2,5.75,4.4,-1.35
326,6,Construction Soil,Bromus,OAP-V,OAP,Vegetated,12/11/22,0.002,0.0257,9/16/21,10/17/21,9.6,11.5,1.9,4.26,4.79,0.53
327,7,Construction Soil,Bromus,OAP-V,OAP,Vegetated,12/14/22,0.0027,0.0062,9/16/21,10/17/21,7.8,7.8,0,7.31,5.02,-2.29
328,8,Construction Soil,Bromus,OAP-V,OAP,Vegetated,12/11/22,0.0012,0.0193,9/16/21,10/17/21,11,13.7,2.7,4.79,3.97,-0.82
329,1,Construction Soil,Bromus,OAP-R,OAP,Roadside,12/16/22,0.0009,0.0233,9/14/21,10/15/21,10,13,3,6.58,6.04,-0.54
330,2,Construction Soil,Bromus,OAP-R,OAP,Roadside,12/10/22,0.0017,0.0193,9/15/21,10/15/21,11.7,11.7,0,6.74,8.12,1.38
331,3,Construction Soil,Bromus,OAP-R,OAP,Roadside,12/13/22,0.0003,0.0187,9/15/21,10/16/21,10.8,12.3,1.5,3.87,4.37,0.5
332,4,Construction Soil,Bromus,OAP-R,OAP,Roadside,12/12/22,0.0009,0.0124,9/16/21,10/16/21,7,10.4,3.4,4.98,4.73,-0.25
333,5,Construction Soil,Bromus,OAP-R,OAP,Roadside,12/11/22,0.0008,0.0144,9/16/21,10/16/21,10.1,8.4,-1.7,3.3,3.41,0.11
334,6,Construction Soil,Bromus,OAP-R,OAP,Roadside,12/11/22,0.0015,0.0294,9/16/21,10/17/21,12.4,12.4,0,4.44,3.8,-0.64
335,7,Construction Soil,Bromus,OAP-R,OAP,Roadside,12/14/22,0.0013,0.0263,9/16/21,10/17/21,13.1,13.5,0.4,4.88,3.96,-0.92
336,8,Construction Soil,Bromus,OAP-R,OAP,Roadside,12/14/22,0.001,0.0214,9/16/21,10/17/21,13.6,13.2,-0.4,2.85,2.47,-0.38
337,1,Construction Soil,Bromus,PAR-V,PAR,Vegetated,12/16/22,0.0005,0.0326,9/14/21,10/15/21,15.6,16,0.4,4.55,4.15,-0.4
338,2,Construction Soil,Bromus,PAR-V,PAR,Vegetated,12/9/22,0.0004,0.0245,9/15/21,10/16/21,17.1,17.1,0,3.65,3.65,0
339,3,Construction Soil,Bromus,PAR-V,PAR,Vegetated,12/13/22,0.0002,0.0251,9/15/21,10/16/21,12.5,15.4,2.9,3.36,4.18,0.82
340,4,Construction Soil,Bromus,PAR-V,PAR,Vegetated,12/13/22,0.0008,0.029,9/16/21,10/16/21,12.5,12.5,0,4.23,6.47,2.24
341,5,Construction Soil,Bromus,PAR-V,PAR,Vegetated,12/15/22,0.0014,0.0138,9/16/21,10/16/21,9.1,11.3,2.2,5.11,7.33,2.22
342,6,Construction Soil,Bromus,PAR-V,PAR,Vegetated,12/11/22,0.0014,0.0028,9/16/21,10/17/21,8.4,9.3,0.9,2.66,4.61,1.95
343,7,Construction Soil,Bromus,PAR-V,PAR,Vegetated,12/14/22,0.0013,0.015,9/16/21,10/17/21,10.4,12.3,1.9,2.92,3.53,0.61
344,8,Construction Soil,Bromus,PAR-V,PAR,Vegetated,12/14/22,0.0009,0.0193,9/16/21,10/17/21,12.1,12.5,0.4,3.31,3.65,0.34
345,1,Construction Soil,Bromus,PAR-R,PAR,Roadside,12/16/22,0.0006,0.0214,9/14/21,10/15/21,10.5,12.1,1.6,5.3,5.7,0.4
346,2,Construction Soil,Bromus,PAR-R,PAR,Roadside,12/9/22,0.0024,0.0128,9/15/21,10/16/21,9.3,11.5,2.2,4.87,5.42,0.55
347,3,Construction Soil,Bromus,PAR-R,PAR,Roadside,12/13/22,0.001,0.0166,9/15/21,10/16/21,14.9,15.2,0.3,7.04,6.97,-0.07
348,4,Construction Soil,Bromus,PAR-R,PAR,Roadside,12/12/22,0.0018,0.0179,9/16/21,10/16/21,10.7,11.5,0.8,7.45,5.22,-2.23
349,5,Construction Soil,Bromus,PAR-R,PAR,Roadside,12/15/22,0.0012,0.0194,9/16/21,10/16/21,9.8,11.7,1.9,5.87,4.6,-1.27
350,6,Construction Soil,Bromus,PAR-R,PAR,Roadside,12/11/22,0.0011,0.0172,9/16/21,10/17/21,14.8,14.8,0,4.21,5.62,1.41
351,7,Construction Soil,Bromus,PAR-R,PAR,Roadside,12/14/22,0.0015,0.0152,9/16/21,10/17/21,8.5,9.5,1,3.68,3.93,0.25
352,8,Construction Soil,Bromus,PAR-R,PAR,Roadside,12/11/22,0.0013,0.0111,9/16/21,10/17/21,7.9,6.4,-1.5,5.11,6.48,1.37
353,1,Construction Soil,Bromus,PEN-V,PEN,Vegetated,12/16/22,0.0012,0.0201,9/14/21,10/15/21,11.1,10.4,-0.7,4.34,4.41,0.07
354,2,Construction Soil,Bromus,PEN-V,PEN,Vegetated,12/10/22,0.0021,0.0253,9/15/21,10/15/21,13.9,12.5,-1.4,6.02,6.13,0.11
355,3,Construction Soil,Bromus,PEN-V,PEN,Vegetated,12/13/22,0.0015,0.00203,9/15/21,10/16/21,13,13.6,0.6,7.81,7.71,-0.1
356,4,Construction Soil,Bromus,PEN-V,PEN,Vegetated,12/13/22,0.0018,0.0126,9/16/21,10/16/21,8.8,12.5,3.7,5.91,4.81,-1.1
357,5,Construction Soil,Bromus,PEN-V,PEN,Vegetated,12/15/22,0.0013,0.0248,9/16/21,10/16/21,14,14,0,4.04,5.3,1.26
358,6,Construction Soil,Bromus,PEN-V,PEN,Vegetated,12/11/22,0.001,0.0313,9/16/21,10/17/21,10.5,9.8,-0.7,4.5,4.4,-0.1
359,7,Construction Soil,Bromus,PEN-V,PEN,Vegetated,12/14/22,0.0022,0.0134,9/16/21,10/17/21,6.9,9.4,2.5,4.85,4.18,-0.67
360,8,Construction Soil,Bromus,PEN-V,PEN,Vegetated,12/11/22,0.0016,0.0092,9/16/21,10/17/21,8,8.8,0.8,6,5.03,-0.97
361,1,Construction Soil,Bromus,PEN-R,PEN,Roadside,12/16/22,0.0013,0.0231,9/14/21,10/15/21,11.2,11.3,0.1,3.41,4.27,0.86
362,2,Construction Soil,Bromus,PEN-R,PEN,Roadside,12/9/22,0.0006,0.0172,9/15/21,10/16/21,11.7,12.1,0.4,5.09,4.15,-0.94
363,3,Construction Soil,Bromus,PEN-R,PEN,Roadside,12/13/22,0.0004,,9/15/21,10/16/21,13.3,14,0.7,4.81,7.3,2.49
364,4,Construction Soil,Bromus,PEN-R,PEN,Roadside,12/13/22,0.001,0.0082,9/16/21,10/16/21,7.4,8.5,1.1,3.54,3.7,0.16
365,5,Construction Soil,Bromus,PEN-R,PEN,Roadside,12/11/22,0.0015,0.031,9/16/21,10/16/21,14.8,16.3,1.5,4.45,6.76,2.31
366,6,Construction Soil,Bromus,PEN-R,PEN,Roadside,12/12/22,0.0008,0.0207,9/16/21,10/17/21,12.7,13.3,0.6,1.45,1.98,0.53
367,7,Construction Soil,Bromus,PEN-R,PEN,Roadside,12/14/22,0.0007,0.0211,9/16/21,10/17/21,12.6,12.5,-0.1,3.8,4.22,0.42
368,8,Construction Soil,Bromus,PEN-R,PEN,Roadside,12/14/22,0.0014,0.0201,9/16/21,10/17/21,10,12.4,2.4,4.65,5.87,1.22
369,1,Construction Soil,Bromus,SSJ-V,SSJ,Vegetated,12/16/22,0.0014,0.0274,9/14/21,10/15/21,12.8,12.6,-0.2,7.18,5.95,-1.23
370,2,Construction Soil,Bromus,SSJ-V,SSJ,Vegetated,12/10/22,0.0027,0.03,9/15/21,10/15/21,8.3,8.3,0,6.07,5.98,-0.09
371,3,Construction Soil,Bromus,SSJ-V,SSJ,Vegetated,12/13/22,0.0015,0.0176,9/15/21,10/16/21,10.4,11.5,1.1,3.79,6.64,2.85
372,4,Construction Soil,Bromus,SSJ-V,SSJ,Vegetated,12/12/22,0.0014,0.0184,9/16/21,10/16/21,10.9,14.8,3.9,4.56,4.22,-0.34
373,5,Construction Soil,Bromus,SSJ-V,SSJ,Vegetated,12/11/22,0.0022,0.0177,9/16/21,10/16/21,10.4,10.4,0,4.83,6.09,1.26
374,6,Construction Soil,Bromus,SSJ-V,SSJ,Vegetated,12/11/22,0.001,0.0068,9/16/21,10/17/21,6.3,6.6,0.3,4.1,3.76,-0.34
375,7,Construction Soil,Bromus,SSJ-V,SSJ,Vegetated,12/14/22,0.0022,0.0217,9/16/21,10/17/21,12.8,13.5,0.7,7.08,4.71,-2.37
376,8,Construction Soil,Bromus,SSJ-V,SSJ,Vegetated,12/14/22,0.0004,0.013,9/16/21,10/17/21,8.9,9,0.1,4.83,5.29,0.46
377,1,Construction Soil,Bromus,SSJ-R,SSJ,Roadside,12/16/22,0.0012,0.0205,9/15/21,10/15/21,11.3,12.1,0.8,4.88,4.8,-0.08
378,2,Construction Soil,Bromus,SSJ-R,SSJ,Roadside,12/10/22,0.001,0.0176,9/15/21,10/15/21,10.8,12.4,1.6,3.48,5.01,1.53
379,3,Construction Soil,Bromus,SSJ-R,SSJ,Roadside,12/13/22,0.0019,0.0226,9/15/21,10/16/21,14.5,14.3,-0.2,6.07,6.59,0.52
380,4,Construction Soil,Bromus,SSJ-R,SSJ,Roadside,12/12/22,0.0011,0.0217,9/16/21,10/16/21,13.5,13.1,-0.4,3.57,5.08,1.51
381,5,Construction Soil,Bromus,SSJ-R,SSJ,Roadside,12/11/22,0.0011,0.0215,9/16/21,10/16/21,13.4,13.6,0.2,5.28,4.4,-0.88
382,6,Construction Soil,Bromus,SSJ-R,SSJ,Roadside,12/11/22,0.0025,0.0282,9/16/21,10/17/21,12.6,14.3,1.7,4.15,3.06,-1.09
383,7,Construction Soil,Bromus,SSJ-R,SSJ,Roadside,12/14/22,0.0021,0.033,9/16/21,10/17/21,12.4,12.4,0,4.41,6.15,1.74
384,8,Construction Soil,Bromus,SSJ-R,SSJ,Roadside,12/14/22,0.0012,0.0224,9/16/21,10/17/21,13.6,13.5,-0.1,5.17,4.87,-0.3
385,1,Field Soil,None,BAY-V,BAY,Vegetated,12/15/22,0.2327,,9/15/21,10/15/21,,,0,54.42,46.79,-7.63
386,2,Field Soil,None,BAY-V,BAY,Vegetated,12/9/22,0.2891,,9/15/21,10/16/21,,,0,56.34,63.89,7.55
387,3,Field Soil,None,BAY-V,BAY,Vegetated,12/13/22,0.2908,,9/15/21,10/16/21,,,0,54.93,61.86,6.93
388,4,Field Soil,None,BAY-V,BAY,Vegetated,12/12/22,0.2053,,9/16/21,10/16/21,,,0,25.47,55.17,29.7
389,5,Field Soil,None,BAY-V,BAY,Vegetated,12/15/22,0.1713,,9/16/21,10/16/21,,,0,27.88,49.65,21.77
390,6,Field Soil,None,BAY-V,BAY,Vegetated,12/12/22,0.1275,,9/16/21,10/17/21,,,0,24.83,55.79,30.96
391,7,Field Soil,None,BAY-V,BAY,Vegetated,12/14/22,0.0934,,9/16/21,10/17/21,,,0,26.7,51.16,24.46
392,8,Field Soil,None,BAY-V,BAY,Vegetated,12/11/22,0.1076,,9/16/21,10/17/21,,,0,20.45,49.11,28.66
393,1,Field Soil,None,BAY-R,BAY,Roadside,12/16/22,0.2456,,9/14/21,10/15/21,,,0,50.59,59.48,8.89
394,2,Field Soil,None,BAY-R,BAY,Roadside,12/10/22,0.2355,,9/15/21,10/15/21,,,0,52.08,70.51,18.43
395,3,Field Soil,None,BAY-R,BAY,Roadside,12/13/22,0.0354,,9/15/21,10/16/21,,,0,10.03,33.37,23.34
396,4,Field Soil,None,BAY-R,BAY,Roadside,12/13/22,0.3102,,9/16/21,10/16/21,,,0,63.39,62.53,-0.86
397,5,Field Soil,None,BAY-R,BAY,Roadside,12/15/22,0.2016,,9/16/21,10/16/21,,,0,56.44,62.15,5.71
398,6,Field Soil,None,BAY-R,BAY,Roadside,12/11/22,0.2847,,9/16/21,10/17/21,,,0,78.13,62.2,-15.93
399,7,Field Soil,None,BAY-R,BAY,Roadside,12/14/22,0.287,,9/16/21,10/17/21,,,0,47.76,72.21,24.45
400,8,Field Soil,None,BAY-R,BAY,Roadside,12/14/22,0.3056,,9/16/21,10/17/21,,,0,64.12,57.34,-6.78
401,1,Field Soil,None,CHE-V,CHE,Vegetated,12/15/22,0.1712,,9/15/21,10/15/21,,,0,36.63,45.94,9.31
402,2,Field Soil,None,CHE-V,CHE,Vegetated,12/10/22,0.1514,,9/15/21,10/15/21,,,0,31.15,46.7,15.55
403,3,Field Soil,None,CHE-V,CHE,Vegetated,12/13/22,0.1682,,9/15/21,10/16/21,,,0,36.13,47.23,11.1
404,4,Field Soil,None,CHE-V,CHE,Vegetated,12/13/22,0.1398,,9/16/21,10/16/21,,,0,32.24,44.17,11.93
405,5,Field Soil,None,CHE-V,CHE,Vegetated,12/11/22,0.1255,,9/16/21,10/16/21,,,0,26.86,51.9,25.04
406,6,Field Soil,None,CHE-V,CHE,Vegetated,12/12/22,0.1993,,9/16/21,10/17/21,,,0,41.76,54.24,12.48
407,7,Field Soil,None,CHE-V,CHE,Vegetated,12/14/22,0.2275,,9/16/21,10/17/21,,,0,49.45,57,7.55
408,8,Field Soil,None,CHE-V,CHE,Vegetated,12/11/22,0.4274,,9/16/21,10/17/21,,,0,61.73,65.16,3.43
409,1,Field Soil,None,CHE-R,CHE,Roadside,12/16/22,0.1235,,9/14/21,10/15/21,,,0,24.81,48.46,23.65
410,2,Field Soil,None,CHE-R,CHE,Roadside,12/10/22,0.1575,,9/15/21,10/15/21,,,0,24.84,58.35,33.51
411,3,Field Soil,None,CHE-R,CHE,Roadside,12/13/22,0.1639,,9/15/21,10/16/21,,,0,30.28,50.42,20.14
412,4,Field Soil,None,CHE-R,CHE,Roadside,12/13/22,0.1652,,9/16/21,10/16/21,,,0,35.26,44.14,8.88
413,5,Field Soil,None,CHE-R,CHE,Roadside,12/11/22,0.1466,,9/16/21,10/16/21,,,0,33.38,50.28,16.9
414,6,Field Soil,None,CHE-R,CHE,Roadside,12/11/22,0.3105,,9/16/21,10/17/21,,,0,62.86,58.19,-4.67
415,7,Field Soil,None,CHE-R,CHE,Roadside,12/14/22,0.1463,,9/16/21,10/17/21,,,0,27.54,52.44,24.9
416,8,Field Soil,None,CHE-R,CHE,Roadside,12/11/22,0.1692,,9/16/21,10/17/21,,,0,39.7,50.11,10.41
417,1,Field Soil,None,GUA-V,GUA,Vegetated,12/15/22,0.2781,,9/15/21,10/15/21,,,0,50.84,71.7,20.86
418,2,Field Soil,None,GUA-V,GUA,Vegetated,12/9/22,0.19,,9/15/21,10/16/21,,,0,34.82,70.39,35.57
419,3,Field Soil,None,GUA-V,GUA,Vegetated,12/13/22,0.193,,9/15/21,10/16/21,,,0,43.39,52.81,9.42
420,4,Field Soil,None,GUA-V,GUA,Vegetated,12/12/22,0.1891,,9/16/21,10/16/21,,,0,36.27,59.13,22.86
421,5,Field Soil,None,GUA-V,GUA,Vegetated,12/11/22,0.1877,,9/16/21,10/16/21,,,0,29.73,66.67,36.94
422,6,Field Soil,None,GUA-V,GUA,Vegetated,12/12/22,0.2,,9/16/21,10/17/21,,,0,41.15,56.6,15.45
423,7,Field Soil,None,GUA-V,GUA,Vegetated,12/14/22,0.2313,,9/16/21,10/17/21,,,0,42.91,74.79,31.88
424,8,Field Soil,None,GUA-V,GUA,Vegetated,12/11/22,0.2224,,9/16/21,10/17/21,,,0,45.71,65.5,19.79
425,1,Field Soil,None,GUA-R,GUA,Roadside,12/16/22,0.1032,,9/14/21,10/15/21,,,0,32.98,48.47,15.49
426,2,Field Soil,None,GUA-R,GUA,Roadside,12/10/22,0.1251,,9/15/21,10/15/21,,,0,33.69,48.85,15.16
427,3,Field Soil,None,GUA-R,GUA,Roadside,12/13/22,0.1506,,9/15/21,10/16/21,,,0,24.92,49.91,24.99
428,4,Field Soil,None,GUA-R,GUA,Roadside,12/13/22,0.0791,,9/16/21,10/16/21,,,0,19,48.59,29.59
429,5,Field Soil,None,GUA-R,GUA,Roadside,12/11/22,0.0959,,9/16/21,10/16/21,,,0,20.03,47.03,27
430,6,Field Soil,None,GUA-R,GUA,Roadside,12/12/22,0.093,,9/16/21,10/17/21,,,0,20.84,41.49,20.65
431,7,Field Soil,None,GUA-R,GUA,Roadside,12/14/22,0.1347,,9/16/21,10/17/21,,,0,30.74,62.72,31.98
432,8,Field Soil,None,GUA-R,GUA,Roadside,12/14/22,0.0746,,9/16/21,10/17/21,,,0,17.68,34.11,16.43
433,1,Field Soil,None,LEX-V,LEX,Vegetated,12/16/22,0.2081,,9/14/21,10/15/21,,,0,40.08,51.94,11.86
434,2,Field Soil,None,LEX-V,LEX,Vegetated,12/10/22,0.1842,,9/15/21,10/15/21,,,0,44.75,48.74,3.99
435,3,Field Soil,None,LEX-V,LEX,Vegetated,12/13/22,0.1493,,9/15/21,10/16/21,,,0,36.59,50.47,13.88
436,4,Field Soil,None,LEX-V,LEX,Vegetated,12/12/22,0.2284,,9/16/21,10/16/21,,,0,54.43,60.46,6.03
437,5,Field Soil,None,LEX-V,LEX,Vegetated,12/11/22,0.1779,,9/16/21,10/16/21,,,0,39.06,48.77,9.71
438,6,Field Soil,None,LEX-V,LEX,Vegetated,12/12/22,0.2295,,9/16/21,10/17/21,,,0,52.45,49.47,-2.98
439,7,Field Soil,None,LEX-V,LEX,Vegetated,12/14/22,0.2157,,9/16/21,10/17/21,,,0,43.43,66.33,22.9
440,8,Field Soil,None,LEX-V,LEX,Vegetated,12/11/22,0.2916,,9/16/21,10/17/21,,,0,56.71,65.5,8.79
441,1,Field Soil,None,LEX-R,LEX,Roadside,12/16/22,0.1955,,9/14/21,10/15/21,,,0,43,53.43,10.43
442,2,Field Soil,None,LEX-R,LEX,Roadside,12/9/22,0.2306,,9/15/21,10/16/21,,,0,49.47,55.01,5.54
443,3,Field Soil,None,LEX-R,LEX,Roadside,12/13/22,0.2612,,9/15/21,10/16/21,,,0,56.94,65.15,8.21
444,4,Field Soil,None,LEX-R,LEX,Roadside,12/9/22,0.0355,,9/16/21,10/16/21,,,0,6.06,18.86,12.8
445,5,Field Soil,None,LEX-R,LEX,Roadside,12/15/22,0.1993,,9/16/21,10/16/21,,,0,51.86,54.56,2.7
446,6,Field Soil,None,LEX-R,LEX,Roadside,12/11/22,0.4062,,9/16/21,10/17/21,,,0,67.1,63.6,-3.5
447,7,Field Soil,None,LEX-R,LEX,Roadside,12/14/22,0.1842,,9/16/21,10/17/21,,,0,41.75,44.21,2.46
448,8,Field Soil,None,LEX-R,LEX,Roadside,12/14/22,0.2738,,9/16/21,10/17/21,,,0,49.16,57.69,8.53
449,1,Field Soil,None,OAP-V,OAP,Vegetated,12/15/22,0.3066,,9/15/21,10/15/21,,,0,53.91,57.46,3.55
450,2,Field Soil,None,OAP-V,OAP,Vegetated,12/10/22,0.141,,9/15/21,10/15/21,,,0,28.67,41.88,13.21
451,3,Field Soil,None,OAP-V,OAP,Vegetated,12/13/22,0.1746,,9/15/21,10/16/21,,,0,40.96,52.38,11.42
452,4,Field Soil,None,OAP-V,OAP,Vegetated,12/13/22,0.2292,,9/16/21,10/16/21,,,0,57.2,53.31,-3.89
453,5,Field Soil,None,OAP-V,OAP,Vegetated,12/15/22,0.1836,,9/16/21,10/16/21,,,0,52.82,63.81,10.99
454,6,Field Soil,None,OAP-V,OAP,Vegetated,12/12/22,0.1763,,9/16/21,10/17/21,,,0,32.17,47.17,15
455,7,Field Soil,None,OAP-V,OAP,Vegetated,12/14/22,0.2328,,9/16/21,10/17/21,,,0,50.64,56.91,6.27
456,8,Field Soil,None,OAP-V,OAP,Vegetated,12/14/22,0.2153,,9/16/21,10/17/21,,,0,41.99,53.21,11.22
457,1,Field Soil,None,OAP-R,OAP,Roadside,12/15/22,0.2388,,9/15/21,10/15/21,,,0,48.52,51.85,3.33
458,2,Field Soil,None,OAP-R,OAP,Roadside,12/10/22,0.2495,,9/15/21,10/15/21,,,0,53.07,61.69,8.62
459,3,Field Soil,None,OAP-R,OAP,Roadside,12/13/22,0.2355,,9/15/21,10/16/21,,,0,51.88,52.55,0.67
460,4,Field Soil,None,OAP-R,OAP,Roadside,12/12/22,0.1669,,9/16/21,10/16/21,,,0,39.68,52.36,12.68
461,5,Field Soil,None,OAP-R,OAP,Roadside,12/15/22,0.1517,,9/16/21,10/16/21,,,0,40.88,47.64,6.76
462,6,Field Soil,None,OAP-R,OAP,Roadside,12/12/22,0.2815,,9/16/21,10/17/21,,,0,42.03,71.37,29.34
463,7,Field Soil,None,OAP-R,OAP,Roadside,12/14/22,0.3077,,9/16/21,10/17/21,,,0,57.27,65.73,8.46
464,8,Field Soil,None,OAP-R,OAP,Roadside,12/11/22,0.2498,,9/16/21,10/17/21,,,0,53.5,59.89,6.39
465,1,Field Soil,None,PAR-V,PAR,Vegetated,12/16/22,0.2342,,9/14/21,10/15/21,,,0,54.96,56.43,1.47
466,2,Field Soil,None,PAR-V,PAR,Vegetated,12/9/22,0.2342,,9/15/21,10/16/21,,,0,49.53,54.89,5.36
467,3,Field Soil,None,PAR-V,PAR,Vegetated,12/13/22,0.3049,,9/15/21,10/16/21,,,0,55.86,63.18,7.32
468,4,Field Soil,None,PAR-V,PAR,Vegetated,12/13/22,0.2245,,9/16/21,10/16/21,,,0,45.56,51.84,6.28
469,5,Field Soil,None,PAR-V,PAR,Vegetated,12/11/22,0.2477,,9/16/21,10/16/21,,,0,55.08,61.78,6.7
470,6,Field Soil,None,PAR-V,PAR,Vegetated,12/11/22,0.2572,,9/16/21,10/17/21,,,0,46.85,57.39,10.54
471,7,Field Soil,None,PAR-V,PAR,Vegetated,12/14/22,0.0604,,9/16/21,10/17/21,,,0,27.69,42.94,15.25
472,8,Field Soil,None,PAR-V,PAR,Vegetated,12/11/22,0.335,,9/16/21,10/17/21,,,0,74.78,61.14,-13.64
473,1,Field Soil,None,PAR-R,PAR,Roadside,12/16/22,0.3002,,9/14/21,10/15/21,,,0,49.61,57.97,8.36
474,2,Field Soil,None,PAR-R,PAR,Roadside,12/10/22,0.2264,,9/15/21,10/15/21,,,0,45.2,52.38,7.18
475,3,Field Soil,None,PAR-R,PAR,Roadside,12/13/22,0.3236,,9/15/21,10/16/21,,,0,53.25,75.87,22.62
476,4,Field Soil,None,PAR-R,PAR,Roadside,12/12/22,0.3125,,9/16/21,10/16/21,,,0,62.21,64.84,2.63
477,5,Field Soil,None,PAR-R,PAR,Roadside,12/15/22,0.221,,9/16/21,10/16/21,,,0,48.9,40.03,-8.87
478,6,Field Soil,None,PAR-R,PAR,Roadside,12/9/22,0.5504,,9/16/21,10/17/21,,,0,73.21,61.14,-12.07
479,7,Field Soil,None,PAR-R,PAR,Roadside,12/14/22,0.2713,,9/16/21,10/17/21,,,0,47.69,56.78,9.09
480,8,Field Soil,None,PAR-R,PAR,Roadside,12/11/22,0.2831,,9/16/21,10/17/21,,,0,63.1,63,-0.1
481,1,Field Soil,None,PEN-V,PEN,Vegetated,12/16/22,0.1912,,9/14/21,10/15/21,,,0,45.13,55.65,10.52
482,2,Field Soil,None,PEN-V,PEN,Vegetated,12/9/22,0.1859,,9/15/21,10/16/21,,,0,43.11,58.59,15.48
483,3,Field Soil,None,PEN-V,PEN,Vegetated,12/13/22,0.1753,,9/15/21,10/16/21,,,0,35.95,49.73,13.78
484,4,Field Soil,None,PEN-V,PEN,Vegetated,12/13/22,0.2204,,9/16/21,10/16/21,,,0,47.89,48.95,1.06
485,5,Field Soil,None,PEN-V,PEN,Vegetated,12/15/22,0.177,,9/16/21,10/16/21,,,0,39.64,42.07,2.43
486,6,Field Soil,None,PEN-V,PEN,Vegetated,12/11/22,0.1696,,9/16/21,10/17/21,,,0,33.85,47.1,13.25
487,7,Field Soil,None,PEN-V,PEN,Vegetated,12/14/22,0.1738,,9/16/21,10/17/21,,,0,38.44,50.45,12.01
488,8,Field Soil,None,PEN-V,PEN,Vegetated,12/11/22,0.1707,,9/16/21,10/17/21,,,0,40.44,45.6,5.16
489,1,Field Soil,None,PEN-R,PEN,Roadside,12/16/22,0.2132,,9/14/21,10/15/21,,,0,39.85,57.16,17.31
490,2,Field Soil,None,PEN-R,PEN,Roadside,12/10/22,0.1984,,9/15/21,10/15/21,,,0,37.04,50.39,13.35
491,3,Field Soil,None,PEN-R,PEN,Roadside,12/13/22,0.1563,,9/15/21,10/16/21,,,0,35.22,51.01,15.79
492,4,Field Soil,None,PEN-R,PEN,Roadside,12/13/22,0.1201,,9/16/21,10/16/21,,,0,35.47,41.86,6.39
493,5,Field Soil,None,PEN-R,PEN,Roadside,12/15/22,0.1005,,9/16/21,10/16/21,,,0,27.33,43.97,16.64
494,6,Field Soil,None,PEN-R,PEN,Roadside,12/11/22,0.1392,,9/16/21,10/17/21,,,0,33.38,48.48,15.1
495,7,Field Soil,None,PEN-R,PEN,Roadside,12/14/22,0.1452,,9/16/21,10/17/21,,,0,39.16,53.47,14.31
496,8,Field Soil,None,PEN-R,PEN,Roadside,12/11/22,0.2448,,9/16/21,10/17/21,,,0,52.52,59.66,7.14
497,1,Field Soil,None,SSJ-V,SSJ,Vegetated,12/15/22,0.2546,,9/15/21,10/15/21,,,0,52.88,63.97,11.09
498,2,Field Soil,None,SSJ-V,SSJ,Vegetated,12/10/22,0.2047,,9/15/21,10/15/21,,,0,44.43,60.35,15.92
499,3,Field Soil,None,SSJ-V,SSJ,Vegetated,12/13/22,0.1605,,9/15/21,10/16/21,,,0,36.77,58.3,21.53
500,4,Field Soil,None,SSJ-V,SSJ,Vegetated,12/12/22,0.123,,9/16/21,10/16/21,,,0,33.99,49.95,15.96
501,5,Field Soil,None,SSJ-V,SSJ,Vegetated,12/11/22,0.153,,9/16/21,10/16/21,,,0,47.78,45.84,-1.94
502,6,Field Soil,None,SSJ-V,SSJ,Vegetated,12/11/22,0.1465,,9/16/21,10/17/21,,,0,35.5,46.3,10.8
503,7,Field Soil,None,SSJ-V,SSJ,Vegetated,12/14/22,0.139,,9/16/21,10/17/21,,,0,27.5,56.95,29.45
504,8,Field Soil,None,SSJ-V,SSJ,Vegetated,12/14/22,0.2255,,9/16/21,10/17/21,,,0,48.48,55.14,6.66
505,1,Field Soil,None,SSJ-R,SSJ,Roadside,12/15/22,0.3007,,9/15/21,10/15/21,,,0,61.76,64.92,3.16
506,2,Field Soil,None,SSJ-R,SSJ,Roadside,12/9/22,0.2935,,9/15/21,10/16/21,,,0,50.38,64.41,14.03
507,3,Field Soil,None,SSJ-R,SSJ,Roadside,12/13/22,0.1972,,9/15/21,10/16/21,,,0,46.23,55.95,9.72
508,4,Field Soil,None,SSJ-R,SSJ,Roadside,12/12/22,0.1626,,9/16/21,10/16/21,,,0,36.16,49.71,13.55
509,5,Field Soil,None,SSJ-R,SSJ,Roadside,12/11/22,0.1728,,9/16/21,10/16/21,,,0,41.87,57.65,15.78
510,6,Field Soil,None,SSJ-R,SSJ,Roadside,12/12/22,0.1188,,9/16/21,10/17/21,,,0,30.78,44.43,13.65
511,7,Field Soil,None,SSJ-R,SSJ,Roadside,12/14/22,0.2728,,9/16/21,10/17/21,,,0,56.07,69.2,13.13
512,8,Field Soil,None,SSJ-R,SSJ,Roadside,12/14/22,0.4482,,9/16/21,10/17/21,,,0,67.26,64.75,-2.51
513,1,Field Soil,Festuca,BAY-V,BAY,Vegetated,12/16/22,0.0024,0.6312,9/14/21,10/15/21,55,65.1,10.1,7.75,9.71,1.96
514,2,Field Soil,Festuca,BAY-V,BAY,Vegetated,12/9/22,0.002,0.6737,9/15/21,10/16/21,76.5,76.5,0,4.8,4.27,-0.53
515,3,Field Soil,Festuca,BAY-V,BAY,Vegetated,12/13/22,0.0027,0.3329,9/15/21,10/16/21,44.1,44.1,0,8.39,9.1,0.71
516,4,Field Soil,Festuca,BAY-V,BAY,Vegetated,12/13/22,0.0013,0.5208,9/16/21,10/16/21,43.8,51.8,8,4.04,8.41,4.37
517,5,Field Soil,Festuca,BAY-V,BAY,Vegetated,12/15/22,0.0015,0.4768,9/16/21,10/16/21,59.3,59.6,0.3,3.46,4.08,0.62
518,6,Field Soil,Festuca,BAY-V,BAY,Vegetated,12/12/22,0.0068,0.5735,9/16/21,10/17/21,48.3,48.4,0.1,9.57,13.56,3.99
519,7,Field Soil,Festuca,BAY-V,BAY,Vegetated,12/14/22,0.0022,0.58,9/16/21,10/17/21,53,63.2,10.2,5.11,9.93,4.82
520,8,Field Soil,Festuca,BAY-V,BAY,Vegetated,12/11/22,0.0026,0.6294,9/16/21,10/17/21,37.8,36.3,-1.5,5.62,8.24,2.62
521,1,Field Soil,Festuca,BAY-R,BAY,Roadside,12/16/22,0.0068,0.4136,9/15/21,10/15/21,53.6,71.8,18.2,7.39,9.48,2.09
522,2,Field Soil,Festuca,BAY-R,BAY,Roadside,12/9/22,0.0133,0.3206,9/15/21,10/16/21,43.4,42.5,-0.9,10.99,20.64,9.65
523,3,Field Soil,Festuca,BAY-R,BAY,Roadside,12/13/22,0.0046,0.4082,9/15/21,10/16/21,48.1,50.6,2.5,8.24,11.3,3.06
524,4,Field Soil,Festuca,BAY-R,BAY,Roadside,12/13/22,0.0032,0.4068,9/16/21,10/16/21,37.9,42.1,4.2,9.32,10.19,0.87
525,5,Field Soil,Festuca,BAY-R,BAY,Roadside,12/15/22,0.0019,0.4819,9/16/21,10/16/21,42.1,41.6,-0.5,5.57,6.25,0.68
526,6,Field Soil,Festuca,BAY-R,BAY,Roadside,12/11/22,0.0027,0.8688,9/16/21,10/17/21,47.5,57.3,9.8,7.72,7.79,0.07
527,7,Field Soil,Festuca,BAY-R,BAY,Roadside,12/14/22,0.0023,0.8902,9/16/21,10/17/21,76.4,90.8,14.4,5.89,7.89,2
528,8,Field Soil,Festuca,BAY-R,BAY,Roadside,12/11/22,0.0018,1.0065,9/16/21,10/17/21,48.2,48.1,-0.1,4.13,3.7,-0.43
529,1,Field Soil,Festuca,CHE-V,CHE,Vegetated,12/16/22,0.0007,0.7109,9/14/21,10/15/21,51.5,51.2,-0.3,4.86,7.36,2.5
530,2,Field Soil,Festuca,CHE-V,CHE,Vegetated,12/10/22,0.0035,0.3945,9/15/21,10/15/21,32.5,32.3,-0.2,7.07,11.5,4.43
531,3,Field Soil,Festuca,CHE-V,CHE,Vegetated,12/13/22,0.0027,0.5209,9/15/21,10/16/21,44.5,39.8,-4.7,6.92,7.21,0.29
532,4,Field Soil,Festuca,CHE-V,CHE,Vegetated,12/12/22,0.0027,0.4292,9/16/21,10/16/21,47.2,47,-0.2,6.08,10.31,4.23
533,5,Field Soil,Festuca,CHE-V,CHE,Vegetated,12/15/22,0.0025,0.5704,9/16/21,10/16/21,43.2,40.2,-3,7.07,11.06,3.99
534,6,Field Soil,Festuca,CHE-V,CHE,Vegetated,12/12/22,0.0018,0.5122,9/16/21,10/17/21,47.7,46,-1.7,7.16,6.92,-0.24
535,7,Field Soil,Festuca,CHE-V,CHE,Vegetated,12/14/22,0.0023,0.8186,9/16/21,10/17/21,78.1,78.2,0.1,5.54,7.8,2.26
536,8,Field Soil,Festuca,CHE-V,CHE,Vegetated,12/14/22,0.0005,0.7668,9/16/21,10/17/21,41.8,41.6,-0.2,4.23,5.12,0.89
537,1,Field Soil,Festuca,CHE-R,CHE,Roadside,12/16/22,0.0011,0.9425,9/14/21,10/15/21,44.9,43.5,-1.4,3.22,4.68,1.46
538,2,Field Soil,Festuca,CHE-R,CHE,Roadside,12/9/22,0.0018,0.4402,9/15/21,10/16/21,42.3,46.9,4.6,6.02,8.51,2.49
539,3,Field Soil,Festuca,CHE-R,CHE,Roadside,12/13/22,0.0017,1.2351,9/15/21,10/16/21,80.9,68.3,-12.6,3.62,9.09,5.47
540,4,Field Soil,Festuca,CHE-R,CHE,Roadside,12/12/22,0.0007,0.8948,9/16/21,10/16/21,43.3,43.5,0.2,3.54,4.5,0.96
541,5,Field Soil,Festuca,CHE-R,CHE,Roadside,12/15/22,0.0026,0.5005,9/16/21,10/16/21,37.9,38.3,0.4,5.68,6.81,1.13
542,6,Field Soil,Festuca,CHE-R,CHE,Roadside,12/12/22,0.0036,0.6908,9/16/21,10/17/21,69.3,69.4,0.1,4.11,9.5,5.39
543,7,Field Soil,Festuca,CHE-R,CHE,Roadside,12/14/22,0.0013,0.8153,9/16/21,10/17/21,43,43.2,0.2,5.05,5.27,0.22
544,8,Field Soil,Festuca,CHE-R,CHE,Roadside,12/14/22,0.0014,1.0173,9/16/21,10/17/21,52.6,46.1,-6.5,3.83,4.73,0.9
545,1,Field Soil,Festuca,GUA-V,GUA,Vegetated,12/15/22,0.0027,0.8403,9/15/21,10/15/21,55.2,62.5,7.3,5.21,10.16,4.95
546,2,Field Soil,Festuca,GUA-V,GUA,Vegetated,12/10/22,0.0035,0.5756,9/15/21,10/15/21,37.6,32.2,-5.4,7.62,12.46,4.84
547,3,Field Soil,Festuca,GUA-V,GUA,Vegetated,12/13/22,0.0039,0.6372,9/15/21,10/16/21,35.3,29.7,-5.6,7.55,8.77,1.22
548,4,Field Soil,Festuca,GUA-V,GUA,Vegetated,12/12/22,0.002,0.7921,9/16/21,10/16/21,40.3,39.2,-1.1,5.28,8.07,2.79
549,5,Field Soil,Festuca,GUA-V,GUA,Vegetated,12/11/22,0.0028,0.7887,9/16/21,10/16/21,71.5,72.4,0.9,5.69,9.81,4.12
550,6,Field Soil,Festuca,GUA-V,GUA,Vegetated,12/12/22,0.0025,0.9348,9/16/21,10/17/21,48.9,67.9,19,6.97,8.57,1.6
551,7,Field Soil,Festuca,GUA-V,GUA,Vegetated,12/14/22,0.014,0.4641,9/16/21,10/17/21,60.5,60.5,0,11.54,21.1,9.56
552,8,Field Soil,Festuca,GUA-V,GUA,Vegetated,12/14/22,0.0015,0.9206,9/16/21,10/17/21,47,46.8,-0.2,5.48,5.53,0.05
553,1,Field Soil,Festuca,GUA-R,GUA,Roadside,12/15/22,0.0016,1.0852,9/15/21,10/15/21,52.1,56.1,4,6.54,7.29,0.75
554,2,Field Soil,Festuca,GUA-R,GUA,Roadside,12/9/22,0.0102,0.6653,9/15/21,10/16/21,55.3,56.5,1.2,7.76,15.44,7.68
555,3,Field Soil,Festuca,GUA-R,GUA,Roadside,12/13/22,0.0013,0.8641,9/15/21,10/16/21,52.2,49.1,-3.1,4.37,6.66,2.29
556,4,Field Soil,Festuca,GUA-R,GUA,Roadside,12/13/22,0.0023,1.069,9/16/21,10/16/21,71.8,78,6.2,6.61,8.6,1.99
557,5,Field Soil,Festuca,GUA-R,GUA,Roadside,12/11/22,0.0011,0.9182,9/16/21,10/16/21,44.6,44,-0.6,4.22,4.79,0.57
558,6,Field Soil,Festuca,GUA-R,GUA,Roadside,12/12/22,0.0017,1.052,9/16/21,10/17/21,48.5,50.5,2,4.2,8.95,4.75
559,7,Field Soil,Festuca,GUA-R,GUA,Roadside,12/14/22,0.0014,0.6324,9/16/21,10/17/21,45.1,43.1,-2,5,7.28,2.28
560,8,Field Soil,Festuca,GUA-R,GUA,Roadside,12/11/22,0.0007,0.9558,9/16/21,10/17/21,36.2,33.3,-2.9,2.94,3.98,1.04
561,1,Field Soil,Festuca,LEX-V,LEX,Vegetated,12/16/22,0.0046,0.5023,9/14/21,10/15/21,42,46.3,4.3,8.19,13.58,5.39
562,2,Field Soil,Festuca,LEX-V,LEX,Vegetated,12/10/22,0.0021,1.1382,9/15/21,10/15/21,49,46.3,-2.7,4.22,7.76,3.54
563,3,Field Soil,Festuca,LEX-V,LEX,Vegetated,12/13/22,,0.6515,9/15/21,10/16/21,43,37.1,-5.9,,,0
564,4,Field Soil,Festuca,LEX-V,LEX,Vegetated,12/12/22,0.0059,0.8191,9/16/21,10/16/21,57.9,57.3,-0.6,5.57,10.71,5.14
565,5,Field Soil,Festuca,LEX-V,LEX,Vegetated,12/15/22,0.0027,0.8924,9/16/21,10/16/21,50.7,81.9,31.2,7.06,7.86,0.8
566,6,Field Soil,Festuca,LEX-V,LEX,Vegetated,12/12/22,0.0021,1.0102,9/16/21,10/17/21,58.5,58.3,-0.2,6.18,10.45,4.27
567,7,Field Soil,Festuca,LEX-V,LEX,Vegetated,12/14/22,0.0014,1.1932,9/16/21,10/17/21,48.5,48.5,0,4.97,5.64,0.67
568,8,Field Soil,Festuca,LEX-V,LEX,Vegetated,12/14/22,0.002,1.0721,9/16/21,10/17/21,52.6,61.1,8.5,3.29,5.81,2.52
569,1,Field Soil,Festuca,LEX-R,LEX,Roadside,12/15/22,0.0025,0.7246,9/15/21,10/15/21,43,43.9,0.9,5.39,9.92,4.53
570,2,Field Soil,Festuca,LEX-R,LEX,Roadside,12/9/22,0.0059,0.886,9/15/21,10/16/21,53.5,54.5,1,7.6,14.61,7.01
571,3,Field Soil,Festuca,LEX-R,LEX,Roadside,12/13/22,0.0029,1.0334,9/15/21,10/16/21,83.6,31.5,-52.1,6.03,11.26,5.23
572,4,Field Soil,Festuca,LEX-R,LEX,Roadside,12/13/22,0.0011,0.8341,9/16/21,10/16/21,37,35.4,-1.6,5.25,4.69,-0.56
573,5,Field Soil,Festuca,LEX-R,LEX,Roadside,12/11/22,0.0027,1.2035,9/16/21,10/16/21,54.1,51.3,-2.8,7.81,9.95,2.14
574,6,Field Soil,Festuca,LEX-R,LEX,Roadside,12/11/22,0.0003,1.2252,9/16/21,10/17/21,54.3,49.3,-5,4.4,6.66,2.26
575,7,Field Soil,Festuca,LEX-R,LEX,Roadside,12/14/22,0.0012,1.0264,9/16/21,10/17/21,49.2,49.1,-0.1,5.91,6.64,0.73
576,8,Field Soil,Festuca,LEX-R,LEX,Roadside,12/11/22,0.0016,1.2803,9/16/21,10/17/21,44.6,45.9,1.3,6.54,5.62,-0.92
577,1,Field Soil,Festuca,OAP-V,OAP,Vegetated,12/16/22,0.0212,0.9979,9/14/21,10/15/21,70.3,40.6,-29.7,7.41,22.95,15.54
578,2,Field Soil,Festuca,OAP-V,OAP,Vegetated,12/9/22,0.0025,0.9224,9/15/21,10/16/21,57.5,56.7,-0.8,7.11,8.01,0.9
579,3,Field Soil,Festuca,OAP-V,OAP,Vegetated,12/13/22,0.0204,0.6472,9/15/21,10/16/21,51.5,53.9,2.4,17.12,22.2,5.08
580,4,Field Soil,Festuca,OAP-V,OAP,Vegetated,12/12/22,0.0046,0.7924,9/16/21,10/16/21,83,83,0,7.82,10.02,2.2
581,5,Field Soil,Festuca,OAP-V,OAP,Vegetated,12/11/22,0.0022,0.8839,9/16/21,10/16/21,47.5,42.5,-5,6.55,6.28,-0.27
582,6,Field Soil,Festuca,OAP-V,OAP,Vegetated,12/11/22,0.0005,0.8229,9/16/21,10/17/21,51,47.5,-3.5,4.23,5.13,0.9
583,7,Field Soil,Festuca,OAP-V,OAP,Vegetated,12/14/22,0.0019,0.7396,9/16/21,10/17/21,36.6,39.2,2.6,3.85,3.67,-0.18
584,8,Field Soil,Festuca,OAP-V,OAP,Vegetated,12/11/22,0.0016,1.7405,9/16/21,10/17/21,76.3,75.5,-0.8,3.79,5.18,1.39
585,1,Field Soil,Festuca,OAP-R,OAP,Roadside,12/15/22,0.0016,0.774,9/15/21,10/15/21,46.1,46.2,0.1,7.98,8.45,0.47
586,2,Field Soil,Festuca,OAP-R,OAP,Roadside,12/9/22,0.0003,0.9726,9/15/21,10/16/21,62.3,67,4.7,5.08,7.04,1.96
587,3,Field Soil,Festuca,OAP-R,OAP,Roadside,12/13/22,0.0013,0.9022,9/15/21,10/16/21,45.3,44.9,-0.4,6.51,9.02,2.51
588,4,Field Soil,Festuca,OAP-R,OAP,Roadside,12/12/22,0.0029,0.8854,9/16/21,10/16/21,48.2,47.8,-0.4,8,9.77,1.77
589,5,Field Soil,Festuca,OAP-R,OAP,Roadside,12/11/22,0.0012,1.0781,9/16/21,10/16/21,43.7,43.2,-0.5,5.66,5.05,-0.61
590,6,Field Soil,Festuca,OAP-R,OAP,Roadside,12/12/22,0.0525,0.354,9/16/21,10/17/21,62.3,62.2,-0.1,12.66,38.39,25.73
591,7,Field Soil,Festuca,OAP-R,OAP,Roadside,12/14/22,0.0017,0.8965,9/16/21,10/17/21,43.9,64.9,21,6.72,6.58,-0.14
592,8,Field Soil,Festuca,OAP-R,OAP,Roadside,12/14/22,0.0003,0.7341,9/16/21,10/17/21,37.6,38.5,0.9,5.23,8.31,3.08
593,1,Field Soil,Festuca,PAR-V,PAR,Vegetated,12/16/22,0.0011,1.8682,9/14/21,10/15/21,44.8,48.5,3.7,5.25,4.43,-0.82
594,2,Field Soil,Festuca,PAR-V,PAR,Vegetated,12/9/22,0.0013,1.5175,9/15/21,10/16/21,64.9,64.3,-0.6,4.29,5.41,1.12
595,3,Field Soil,Festuca,PAR-V,PAR,Vegetated,12/13/22,0.0006,1.357,9/15/21,10/16/21,51.4,51,-0.4,4.25,4.47,0.22
596,4,Field Soil,Festuca,PAR-V,PAR,Vegetated,12/13/22,0.0018,0.5717,9/16/21,10/16/21,50.3,42.5,-7.8,6.11,6.93,0.82
597,5,Field Soil,Festuca,PAR-V,PAR,Vegetated,12/11/22,0.005,0.7895,9/16/21,10/16/21,45.6,45,-0.6,9.22,11.51,2.29
598,6,Field Soil,Festuca,PAR-V,PAR,Vegetated,12/12/22,0.0023,0.8439,9/16/21,10/17/21,45.3,44.6,-0.7,8.05,9.01,0.96
599,7,Field Soil,Festuca,PAR-V,PAR,Vegetated,12/14/22,0.0008,0.5937,9/16/21,10/17/21,39.7,49.7,10,5.18,8.46,3.28
600,8,Field Soil,Festuca,PAR-V,PAR,Vegetated,12/11/22,0.0016,1.3941,9/16/21,10/17/21,56.5,58.8,2.3,4.32,5.25,0.93
601,1,Field Soil,Festuca,PAR-R,PAR,Roadside,12/15/22,0.0021,0.963,9/15/21,10/15/21,36.2,32.5,-3.7,3.55,5.08,1.53
602,2,Field Soil,Festuca,PAR-R,PAR,Roadside,12/9/22,0.0015,1.784,9/15/21,10/16/21,49.2,45.3,-3.9,4.16,5.54,1.38
603,3,Field Soil,Festuca,PAR-R,PAR,Roadside,12/13/22,0.0034,1.0691,9/15/21,10/16/21,29.8,90.5,60.7,5.53,5.91,0.38
604,4,Field Soil,Festuca,PAR-R,PAR,Roadside,12/13/22,0.005,0.5239,9/16/21,10/16/21,44.5,57.5,13,8.72,9.94,1.22
605,5,Field Soil,Festuca,PAR-R,PAR,Roadside,12/11/22,0.0096,0.6436,9/16/21,10/16/21,64.1,28.5,-35.6,12.33,17.59,5.26
606,6,Field Soil,Festuca,PAR-R,PAR,Roadside,12/11/22,0.0094,0.4996,9/16/21,10/17/21,42.4,42,-0.4,14.8,15.12,0.32
607,7,Field Soil,Festuca,PAR-R,PAR,Roadside,12/14/22,0.0018,1.7619,9/16/21,10/17/21,57.1,49.7,-7.4,6.03,7.04,1.01
608,8,Field Soil,Festuca,PAR-R,PAR,Roadside,12/14/22,0.0047,0.8317,9/16/21,10/17/21,39.3,34.2,-5.1,7.98,7.3,-0.68
609,1,Field Soil,Festuca,PEN-V,PEN,Vegetated,12/16/22,0.0015,1.9038,9/15/21,10/15/21,49.3,48.9,-0.4,6.29,5.07,-1.22
610,2,Field Soil,Festuca,PEN-V,PEN,Vegetated,12/10/22,0.0005,1.2619,9/15/21,10/15/21,58.7,49.2,-9.5,3.51,4.85,1.34
611,3,Field Soil,Festuca,PEN-V,PEN,Vegetated,12/13/22,0.0017,1.6637,9/15/21,10/16/21,46.7,81,34.3,6.67,6.38,-0.29
612,4,Field Soil,Festuca,PEN-V,PEN,Vegetated,12/13/22,0.0021,0.6986,9/16/21,10/16/21,42,42.6,0.6,4.77,6.39,1.62
613,5,Field Soil,Festuca,PEN-V,PEN,Vegetated,12/15/22,0.0042,0.6767,9/16/21,10/16/21,40.1,40.4,0.3,9.63,10.94,1.31
614,6,Field Soil,Festuca,PEN-V,PEN,Vegetated,12/12/22,0.0012,0.886,9/16/21,10/17/21,39.6,62.2,22.6,5.2,5.41,0.21
615,7,Field Soil,Festuca,PEN-V,PEN,Vegetated,12/14/22,0.0025,1.1646,9/16/21,10/17/21,51.4,52.2,0.8,11.87,8.95,-2.92
616,8,Field Soil,Festuca,PEN-V,PEN,Vegetated,12/11/22,0.0032,0.9318,9/16/21,10/17/21,40,59.9,19.9,6.71,7.92,1.21
617,1,Field Soil,Festuca,PEN-R,PEN,Roadside,12/16/22,0.0077,1.0695,9/15/21,10/15/21,77.3,77.7,0.4,6.61,13.11,6.5
618,2,Field Soil,Festuca,PEN-R,PEN,Roadside,12/10/22,0.0006,1.0472,9/15/21,10/15/21,59.7,59.2,-0.5,3.14,5.98,2.84
619,3,Field Soil,Festuca,PEN-R,PEN,Roadside,12/13/22,0.0012,0.7818,9/15/21,10/16/21,45,45.8,0.8,7.52,8.58,1.06
620,4,Field Soil,Festuca,PEN-R,PEN,Roadside,12/12/22,0.0006,1.0015,9/16/21,10/16/21,54.9,54.6,-0.3,4.98,5.55,0.57
621,5,Field Soil,Festuca,PEN-R,PEN,Roadside,12/11/22,,0.8345,9/16/21,10/16/21,48.1,47.6,-0.5,4.83,,-4.83
622,6,Field Soil,Festuca,PEN-R,PEN,Roadside,12/12/22,0.0025,0.7765,9/16/21,10/17/21,42.1,36.6,-5.5,6.13,10.42,4.29
623,7,Field Soil,Festuca,PEN-R,PEN,Roadside,12/14/22,0.0021,1.1706,9/16/21,10/17/21,54.1,53.7,-0.4,10.75,6.35,-4.4
624,8,Field Soil,Festuca,PEN-R,PEN,Roadside,12/11/22,0.0023,0.6145,9/16/21,10/17/21,44.9,39.5,-5.4,9.73,7.95,-1.78
625,1,Field Soil,Festuca,SSJ-V,SSJ,Vegetated,12/15/22,0.0109,0.8525,9/15/21,10/15/21,74.1,72.7,-1.4,11.33,17.11,5.78
626,2,Field Soil,Festuca,SSJ-V,SSJ,Vegetated,12/9/22,0.0141,0.8104,9/15/21,10/16/21,51.8,42.2,-9.6,15.2,12.68,-2.52
627,3,Field Soil,Festuca,SSJ-V,SSJ,Vegetated,12/13/22,0.0067,1.0716,9/15/21,10/16/21,46.6,46.1,-0.5,13.48,10.37,-3.11
628,4,Field Soil,Festuca,SSJ-V,SSJ,Vegetated,12/12/22,0.0009,1.121,9/16/21,10/16/21,57.6,57,-0.6,6.33,7.94,1.61
629,5,Field Soil,Festuca,SSJ-V,SSJ,Vegetated,12/11/22,0.0009,0.9406,9/16/21,10/16/21,53.1,52.5,-0.6,5.19,7.43,2.24
630,6,Field Soil,Festuca,SSJ-V,SSJ,Vegetated,12/11/22,0.0068,0.9346,9/16/21,10/17/21,60.6,70.2,9.6,7.59,13.45,5.86
631,7,Field Soil,Festuca,SSJ-V,SSJ,Vegetated,12/14/22,0.0057,1.1611,9/16/21,10/17/21,64.4,73.7,9.3,11.35,12,0.65
632,8,Field Soil,Festuca,SSJ-V,SSJ,Vegetated,12/11/22,0.0033,0.8104,9/16/21,10/17/21,62.8,62.5,-0.3,6.18,6.73,0.55
633,1,Field Soil,Festuca,SSJ-R,SSJ,Roadside,12/15/22,0.0023,0.7302,9/15/21,10/15/21,46.4,46.2,-0.2,6.03,6.61,0.58
634,2,Field Soil,Festuca,SSJ-R,SSJ,Roadside,12/10/22,0.0251,0.2823,9/15/21,10/15/21,37.8,36.6,-1.2,19.35,22.81,3.46
635,3,Field Soil,Festuca,SSJ-R,SSJ,Roadside,12/9/22,0.01,0.2605,9/15/21,10/16/21,48.8,49.1,0.3,10.88,16.51,5.63
636,4,Field Soil,Festuca,SSJ-R,SSJ,Roadside,12/13/22,0.0051,0.3822,9/16/21,10/16/21,38.5,40.6,2.1,9.75,16.5,6.75
637,5,Field Soil,Festuca,SSJ-R,SSJ,Roadside,12/15/22,0.0011,1.8158,9/16/21,10/16/21,64.2,60.3,-3.9,4.51,4.31,-0.2
638,6,Field Soil,Festuca,SSJ-R,SSJ,Roadside,12/11/22,0.0009,1.9061,9/16/21,10/17/21,57.1,57,-0.1,4.24,5.21,0.97
639,7,Field Soil,Festuca,SSJ-R,SSJ,Roadside,12/14/22,0.0016,1.1678,9/16/21,10/17/21,50.3,47.1,-3.2,7.46,5.76,-1.7
640,8,Field Soil,Festuca,SSJ-R,SSJ,Roadside,12/11/22,0.0007,0.9072,9/16/21,10/17/21,46.2,62.2,16,5.15,4.16,-0.99
641,1,Field Soil,Bromus,BAY-V,BAY,Vegetated,12/15/22,0.0088,0.2721,9/15/21,10/15/21,29.8,31.5,1.7,8.41,13.92,5.51
642,2,Field Soil,Bromus,BAY-V,BAY,Vegetated,12/9/22,0.0105,0.2412,9/15/21,10/16/21,25.9,25.4,-0.5,9.62,18.84,9.22
643,3,Field Soil,Bromus,BAY-V,BAY,Vegetated,12/13/22,0.0009,0.2722,9/15/21,10/16/21,35.7,35.1,-0.6,5.99,8.53,2.54
644,4,Field Soil,Bromus,BAY-V,BAY,Vegetated,12/12/22,0.0023,0.2887,9/16/21,10/16/21,34.5,34,-0.5,6.47,9.19,2.72
645,5,Field Soil,Bromus,BAY-V,BAY,Vegetated,12/11/22,0.0011,0.2687,9/16/21,10/16/21,35.3,35.1,-0.2,8.12,10.95,2.83
646,6,Field Soil,Bromus,BAY-V,BAY,Vegetated,12/11/22,0.0018,0.2969,9/16/21,10/17/21,27.5,29.8,2.3,4.26,9.51,5.25
647,7,Field Soil,Bromus,BAY-V,BAY,Vegetated,12/14/22,0.0042,0.297,9/16/21,10/17/21,33.9,33.7,-0.2,8.23,12.64,4.41
648,8,Field Soil,Bromus,BAY-V,BAY,Vegetated,12/11/22,0.0063,0.2734,9/16/21,10/17/21,29.9,31.5,1.6,8.08,16.23,8.15
649,1,Field Soil,Bromus,BAY-R,BAY,Roadside,12/16/22,0.0221,0.2153,9/14/21,10/15/21,29.3,29.1,-0.2,15.63,23.45,7.82
650,2,Field Soil,Bromus,BAY-R,BAY,Roadside,12/10/22,0.0271,0.2417,9/15/21,10/15/21,30.6,29.9,-0.7,16.34,27.61,11.27
651,3,Field Soil,Bromus,BAY-R,BAY,Roadside,12/13/22,0.0167,0.2663,9/15/21,10/16/21,36.5,36.2,-0.3,13.25,21.74,8.49
652,4,Field Soil,Bromus,BAY-R,BAY,Roadside,12/12/22,0.0097,0.263,9/16/21,10/16/21,32.7,30.5,-2.2,10.95,17.09,6.14
653,5,Field Soil,Bromus,BAY-R,BAY,Roadside,12/15/22,0.0133,0.2221,9/16/21,10/16/21,33.7,33.5,-0.2,13.98,24.03,10.05
654,6,Field Soil,Bromus,BAY-R,BAY,Roadside,12/11/22,0.0054,0.2564,9/16/21,10/17/21,23.8,23.5,-0.3,7.97,14.54,6.57
655,7,Field Soil,Bromus,BAY-R,BAY,Roadside,12/14/22,0.0048,0.2023,9/16/21,10/17/21,26.6,31,4.4,7.57,14.63,7.06
656,8,Field Soil,Bromus,BAY-R,BAY,Roadside,12/11/22,0.0084,0.2203,9/16/21,10/17/21,31.6,31.4,-0.2,9.19,12.95,3.76
657,1,Field Soil,Bromus,CHE-V,CHE,Vegetated,12/15/22,0.0054,0.2476,9/15/21,10/15/21,29.5,32.1,2.6,8.46,12.23,3.77
658,2,Field Soil,Bromus,CHE-V,CHE,Vegetated,12/9/22,0.007,0.2018,9/15/21,10/16/21,27,26.5,-0.5,8.09,16.09,8
659,3,Field Soil,Bromus,CHE-V,CHE,Vegetated,12/13/22,0.0056,0.1923,9/15/21,10/16/21,36.2,35.8,-0.4,6.85,14.19,7.34
660,4,Field Soil,Bromus,CHE-V,CHE,Vegetated,12/12/22,0.0107,0.1987,9/16/21,10/16/21,30.8,30.6,-0.2,7.65,16.06,8.41
661,5,Field Soil,Bromus,CHE-V,CHE,Vegetated,12/11/22,0.0077,0.1995,9/16/21,10/16/21,36.2,35.7,-0.5,9.89,18.79,8.9
662,6,Field Soil,Bromus,CHE-V,CHE,Vegetated,12/12/22,0.0075,0.2449,9/16/21,10/17/21,29.3,30.6,1.3,10.31,16.86,6.55
663,7,Field Soil,Bromus,CHE-V,CHE,Vegetated,12/14/22,0.0117,0.2231,9/16/21,10/17/21,31.7,34,2.3,14.08,18.43,4.35
664,8,Field Soil,Bromus,CHE-V,CHE,Vegetated,12/14/22,0.0118,0.1262,9/16/21,10/17/21,27.2,27,-0.2,12.35,17.24,4.89
665,1,Field Soil,Bromus,CHE-R,CHE,Roadside,12/15/22,0.0157,0.2066,9/15/21,10/15/21,27.7,27.6,-0.1,10.98,16.64,5.66
666,2,Field Soil,Bromus,CHE-R,CHE,Roadside,12/9/22,0.0086,0.2426,9/15/21,10/16/21,30,33.2,3.2,8.14,16.33,8.19
667,3,Field Soil,Bromus,CHE-R,CHE,Roadside,12/13/22,0.0021,0.178,9/15/21,10/16/21,33.6,33.8,0.2,12.24,19.7,7.46
668,4,Field Soil,Bromus,CHE-R,CHE,Roadside,12/13/22,0.0049,0.2349,9/16/21,10/16/21,32.4,32,-0.4,6.57,11.32,4.75
669,5,Field Soil,Bromus,CHE-R,CHE,Roadside,12/15/22,0.0158,0.2173,9/16/21,10/16/21,34,33.5,-0.5,13.1,18.92,5.82
670,6,Field Soil,Bromus,CHE-R,CHE,Roadside,12/12/22,0.0079,0.3155,9/16/21,10/17/21,36,35.5,-0.5,7.41,20.56,13.15
671,7,Field Soil,Bromus,CHE-R,CHE,Roadside,12/14/22,0.0146,0.2264,9/16/21,10/17/21,33.1,33.4,0.3,10.04,21.04,11
672,8,Field Soil,Bromus,CHE-R,CHE,Roadside,12/14/22,0.0108,0.2285,9/16/21,10/17/21,28,27.2,-0.8,8.47,14.46,5.99
673,1,Field Soil,Bromus,GUA-V,GUA,Vegetated,12/16/22,0.0287,0.2087,9/14/21,10/15/21,30.7,34.7,4,20.07,28.22,8.15
674,2,Field Soil,Bromus,GUA-V,GUA,Vegetated,12/9/22,0.0351,0.1634,9/15/21,10/16/21,27,25.1,-1.9,19.92,28.82,8.9
675,3,Field Soil,Bromus,GUA-V,GUA,Vegetated,12/13/22,0.0212,0.1884,9/15/21,10/16/21,25.7,33.4,7.7,18.88,22.65,3.77
676,4,Field Soil,Bromus,GUA-V,GUA,Vegetated,12/13/22,0.025,0.1972,9/16/21,10/16/21,29.5,34.9,5.4,17.52,27.01,9.49
677,5,Field Soil,Bromus,GUA-V,GUA,Vegetated,12/15/22,0.0331,0.1802,9/16/21,10/16/21,26.4,33.4,7,18.08,28.46,10.38
678,6,Field Soil,Bromus,GUA-V,GUA,Vegetated,12/12/22,0.0289,0.2408,9/16/21,10/17/21,35.4,34.9,-0.5,17.95,27.36,9.41
679,7,Field Soil,Bromus,GUA-V,GUA,Vegetated,12/14/22,0.0153,0.275,9/16/21,10/17/21,37,42.2,5.2,12.22,21.13,8.91
680,8,Field Soil,Bromus,GUA-V,GUA,Vegetated,12/11/22,0.0179,0.2487,9/16/21,10/17/21,35.6,36.1,0.5,15.36,24.72,9.36
681,1,Field Soil,Bromus,GUA-R,GUA,Roadside,12/16/22,0.0071,0.2514,9/14/21,10/15/21,32.8,35.4,2.6,7.86,17.98,10.12
682,2,Field Soil,Bromus,GUA-R,GUA,Roadside,12/9/22,0.0036,0.2353,9/15/21,10/15/21,31.5,37.6,6.1,7.69,12.38,4.69
683,3,Field Soil,Bromus,GUA-R,GUA,Roadside,12/13/22,0.0035,0.3317,9/15/21,10/16/21,31.1,33.5,2.4,8.37,14.37,6
684,4,Field Soil,Bromus,GUA-R,GUA,Roadside,12/12/22,0.008,0.2345,9/16/21,10/16/21,32.9,31.4,-1.5,9.42,16.02,6.6
685,5,Field Soil,Bromus,GUA-R,GUA,Roadside,12/11/22,0.0045,0.2171,9/16/21,10/16/21,35.1,34.6,-0.5,8.19,13.55,5.36
686,6,Field Soil,Bromus,GUA-R,GUA,Roadside,12/12/22,0.0062,0.2485,9/16/21,10/17/21,32.4,40.3,7.9,8.37,14.47,6.1
687,7,Field Soil,Bromus,GUA-R,GUA,Roadside,12/14/22,0.0056,0.33,9/16/21,10/17/21,35.1,34.7,-0.4,9.01,15.03,6.02
688,8,Field Soil,Bromus,GUA-R,GUA,Roadside,12/14/22,0.0034,0.2742,9/16/21,10/17/21,28.8,30.6,1.8,8.15,10.62,2.47
689,1,Field Soil,Bromus,LEX-V,LEX,Vegetated,12/16/22,0.0031,0.2306,9/14/21,10/15/21,34.4,34.1,-0.3,6.87,10.72,3.85
690,2,Field Soil,Bromus,LEX-V,LEX,Vegetated,12/10/22,0.0077,0.3537,9/15/21,10/15/21,36.8,36.2,-0.6,8.35,18.63,10.28
691,3,Field Soil,Bromus,LEX-V,LEX,Vegetated,12/13/22,0.0022,0.3693,9/15/21,10/16/21,33.7,32,-1.7,6.27,10.86,4.59
692,4,Field Soil,Bromus,LEX-V,LEX,Vegetated,12/13/22,0.0038,0.4406,9/16/21,10/16/21,40.1,33.4,-6.7,6.31,10.35,4.04
693,5,Field Soil,Bromus,LEX-V,LEX,Vegetated,12/15/22,0.0027,0.4975,9/16/21,10/16/21,39.1,35.3,-3.8,6.44,11.24,4.8
694,6,Field Soil,Bromus,LEX-V,LEX,Vegetated,12/12/22,0.0056,0.3152,9/16/21,10/17/21,33,35.8,2.8,10.8,14.13,3.33
695,7,Field Soil,Bromus,LEX-V,LEX,Vegetated,12/14/22,0.0029,0.4181,9/16/21,10/17/21,38.5,36.1,-2.4,5.68,11.53,5.85
696,8,Field Soil,Bromus,LEX-V,LEX,Vegetated,12/11/22,0.0023,0.4342,9/16/21,10/17/21,38.7,38.1,-0.6,4.83,6.97,2.14
697,1,Field Soil,Bromus,LEX-R,LEX,Roadside,12/15/22,0.0106,0.3139,9/15/21,10/15/21,29.2,33.4,4.2,10.98,19.51,8.53
698,2,Field Soil,Bromus,LEX-R,LEX,Roadside,12/10/22,0.0092,0.3899,9/15/21,10/15/21,31.1,36.3,5.2,10.78,16.28,5.5
699,3,Field Soil,Bromus,LEX-R,LEX,Roadside,12/13/22,0.005,0.4419,9/15/21,10/16/21,40.5,40,-0.5,7.37,13.01,5.64
700,4,Field Soil,Bromus,LEX-R,LEX,Roadside,12/12/22,0.0049,0.7193,9/16/21,10/16/21,42.2,41.6,-0.6,11.25,14.24,2.99
701,5,Field Soil,Bromus,LEX-R,LEX,Roadside,12/11/22,0.006,0.4397,9/16/21,10/16/21,36.9,34.7,-2.2,10.16,10.75,0.59
702,6,Field Soil,Bromus,LEX-R,LEX,Roadside,12/11/22,0.0114,0.4089,9/16/21,10/17/21,33.9,33.3,-0.6,8.15,7.81,-0.34
703,7,Field Soil,Bromus,LEX-R,LEX,Roadside,12/14/22,0.0069,0.3711,9/16/21,10/17/21,33.2,35.8,2.6,12.15,13.73,1.58
704,8,Field Soil,Bromus,LEX-R,LEX,Roadside,12/14/22,0.0061,0.3354,9/16/21,10/17/21,31.9,31.6,-0.3,8.95,9.51,0.56
705,1,Field Soil,Bromus,OAP-V,OAP,Vegetated,12/15/22,0.0156,0.2641,9/15/21,10/15/21,28.6,28.4,-0.2,13.07,17.32,4.25
706,2,Field Soil,Bromus,OAP-V,OAP,Vegetated,12/9/22,0.0064,0.4565,9/15/21,10/15/21,35.9,33.4,-2.5,11.12,15.7,4.58
707,3,Field Soil,Bromus,OAP-V,OAP,Vegetated,12/13/22,0.0097,0.3917,9/15/21,10/16/21,41.5,36.7,-4.8,11.09,18.13,7.04
708,4,Field Soil,Bromus,OAP-V,OAP,Vegetated,12/13/22,0.0066,0.4514,9/16/21,10/16/21,42.8,42.4,-0.4,10.99,13.39,2.4
709,5,Field Soil,Bromus,OAP-V,OAP,Vegetated,12/15/22,0.0065,0.4538,9/16/21,10/16/21,36.5,37.3,0.8,9.64,10.81,1.17
710,6,Field Soil,Bromus,OAP-V,OAP,Vegetated,12/12/22,0.0051,0.4727,9/16/21,10/17/21,38.9,36.1,-2.8,7.31,13.5,6.19
711,7,Field Soil,Bromus,OAP-V,OAP,Vegetated,12/14/22,0.0072,0.4054,9/16/21,10/17/21,42.7,42.3,-0.4,11.04,14.93,3.89
712,8,Field Soil,Bromus,OAP-V,OAP,Vegetated,12/14/22,0.0073,0.4791,9/16/21,10/17/21,41.1,31,-10.1,8.05,8.64,0.59
713,1,Field Soil,Bromus,OAP-R,OAP,Roadside,12/16/22,0.0092,0.2968,9/14/21,10/15/21,35.7,35.4,-0.3,9.26,17.68,8.42
714,2,Field Soil,Bromus,OAP-R,OAP,Roadside,12/10/22,0.0048,0.3793,9/15/21,10/15/21,50.5,49.8,-0.7,9.53,10.92,1.39
715,3,Field Soil,Bromus,OAP-R,OAP,Roadside,12/13/22,0.0032,0.432,9/15/21,10/16/21,43.4,43,-0.4,7.73,10.25,2.52
716,4,Field Soil,Bromus,OAP-R,OAP,Roadside,12/13/22,0.0076,0.4584,9/16/21,10/16/21,40,39.2,-0.8,11.59,13.32,1.73
717,5,Field Soil,Bromus,OAP-R,OAP,Roadside,12/15/22,0.0037,0.5466,9/16/21,10/16/21,41.7,41.1,-0.6,7.46,11.21,3.75
718,6,Field Soil,Bromus,OAP-R,OAP,Roadside,12/11/22,0.0166,0.3691,9/16/21,10/17/21,40.5,37.8,-2.7,16.61,23,6.39
719,7,Field Soil,Bromus,OAP-R,OAP,Roadside,12/14/22,0.0136,0.3553,9/16/21,10/17/21,37.1,34.5,-2.6,16.46,18.92,2.46
720,8,Field Soil,Bromus,OAP-R,OAP,Roadside,12/14/22,0.0053,0.3585,9/16/21,10/17/21,39.3,36,-3.3,10.35,11.23,0.88
721,1,Field Soil,Bromus,PAR-V,PAR,Vegetated,12/16/22,0.0302,0.2804,9/15/21,10/15/21,25.4,27.9,2.5,18.14,27.41,9.27
722,2,Field Soil,Bromus,PAR-V,PAR,Vegetated,12/9/22,0.0403,0.2657,9/15/21,10/16/21,38,36.1,-1.9,19.35,35.61,16.26
723,3,Field Soil,Bromus,PAR-V,PAR,Vegetated,12/13/22,0.0514,0.2621,9/15/21,10/16/21,35.1,34.8,-0.3,22.12,33.54,11.42
724,4,Field Soil,Bromus,PAR-V,PAR,Vegetated,12/13/22,0.0247,0.3744,9/16/21,10/16/21,35.5,44.1,8.6,20.65,21.08,0.43
725,5,Field Soil,Bromus,PAR-V,PAR,Vegetated,12/15/22,0.0129,0.365,9/16/21,10/16/21,39.2,38.3,-0.9,19.94,23.27,3.33
726,6,Field Soil,Bromus,PAR-V,PAR,Vegetated,12/11/22,0.0302,0.3172,9/16/21,10/17/21,39.5,31.9,-7.6,22.06,32.49,10.43
727,7,Field Soil,Bromus,PAR-V,PAR,Vegetated,12/14/22,0.0147,0.3725,9/16/21,10/17/21,42.6,42.8,0.2,17.16,18.98,1.82
728,8,Field Soil,Bromus,PAR-V,PAR,Vegetated,12/11/22,0.0376,0.3387,9/16/21,10/17/21,39.6,38.9,-0.7,24.65,25.67,1.02
729,1,Field Soil,Bromus,PAR-R,PAR,Roadside,12/16/22,0.0225,0.2973,9/14/21,10/15/21,32.9,32.2,-0.7,16.45,24.97,8.52
730,2,Field Soil,Bromus,PAR-R,PAR,Roadside,12/9/22,0.015,0.2938,9/15/21,10/16/21,33,30.3,-2.7,13.83,22.62,8.79
731,3,Field Soil,Bromus,PAR-R,PAR,Roadside,12/13/22,0.0382,0.3497,9/15/21,10/16/21,40.5,38.6,-1.9,21.57,29.11,7.54
732,4,Field Soil,Bromus,PAR-R,PAR,Roadside,12/12/22,0.0217,0.3181,9/16/21,10/16/21,38,37.5,-0.5,12.15,24.62,12.47
733,5,Field Soil,Bromus,PAR-R,PAR,Roadside,12/11/22,0.0121,0.3644,9/16/21,10/16/21,36,38.6,2.6,12.12,15.1,2.98
734,6,Field Soil,Bromus,PAR-R,PAR,Roadside,12/11/22,0.0468,0.3995,9/16/21,10/17/21,38.9,38.5,-0.4,25.39,32.02,6.63
735,7,Field Soil,Bromus,PAR-R,PAR,Roadside,12/14/22,0.0446,0.4231,9/16/21,10/17/21,38.5,33.8,-4.7,30.36,27.74,-2.62
736,8,Field Soil,Bromus,PAR-R,PAR,Roadside,12/14/22,0.0449,0.3908,9/16/21,10/17/21,42.4,41.7,-0.7,28.25,20.81,-7.44
737,1,Field Soil,Bromus,PEN-V,PEN,Vegetated,12/15/22,0.0233,0.2752,9/15/21,10/15/21,34.9,34.5,-0.4,18.72,21.78,3.06
738,2,Field Soil,Bromus,PEN-V,PEN,Vegetated,12/9/22,0.0149,0.3428,9/15/21,10/16/21,39.6,39.6,0,12.7,22.35,9.65
739,3,Field Soil,Bromus,PEN-V,PEN,Vegetated,12/13/22,0.0418,0.3271,9/15/21,10/16/21,37.2,36,-1.2,25.01,31.45,6.44
740,4,Field Soil,Bromus,PEN-V,PEN,Vegetated,12/13/22,0.0115,0.3198,9/16/21,10/16/21,38.1,39.7,1.6,12.35,16.76,4.41
741,5,Field Soil,Bromus,PEN-V,PEN,Vegetated,12/11/22,0.0066,0.3504,9/16/21,10/16/21,41,40.5,-0.5,9.65,16.7,7.05
742,6,Field Soil,Bromus,PEN-V,PEN,Vegetated,12/11/22,0.0133,0.3318,9/16/21,10/17/21,36.6,34.2,-2.4,12.87,20.47,7.6
743,7,Field Soil,Bromus,PEN-V,PEN,Vegetated,12/14/22,0.0129,0.368,9/16/21,10/17/21,34.8,34.7,-0.1,15.2,21.87,6.67
744,8,Field Soil,Bromus,PEN-V,PEN,Vegetated,12/11/22,0.0177,0.5536,9/16/21,10/17/21,39.8,43.4,3.6,19.84,20.37,0.53
745,1,Field Soil,Bromus,PEN-R,PEN,Roadside,12/16/22,0.0193,0.348,9/14/21,10/15/21,36.4,37.5,1.1,19.87,19.36,-0.51
746,2,Field Soil,Bromus,PEN-R,PEN,Roadside,12/9/22,0.025,0.2279,9/15/21,10/16/21,35.2,34.6,-0.6,15.98,28.35,12.37
747,3,Field Soil,Bromus,PEN-R,PEN,Roadside,12/13/22,0.0445,0.2773,9/15/21,10/16/21,36.5,36,-0.5,21.54,30.59,9.05
748,4,Field Soil,Bromus,PEN-R,PEN,Roadside,12/13/22,0.0089,0.297,9/16/21,10/16/21,37.2,30.5,-6.7,10.43,15.25,4.82
749,5,Field Soil,Bromus,PEN-R,PEN,Roadside,12/11/22,0.014,0.309,9/16/21,10/16/21,36.7,34.8,-1.9,13.96,19.74,5.78
750,6,Field Soil,Bromus,PEN-R,PEN,Roadside,12/11/22,0.0051,0.3405,9/16/21,10/17/21,30,29.2,-0.8,9.84,10.34,0.5
751,7,Field Soil,Bromus,PEN-R,PEN,Roadside,12/14/22,0.0048,0.5351,9/16/21,10/17/21,37.6,38.3,0.7,11.64,11.16,-0.48
752,8,Field Soil,Bromus,PEN-R,PEN,Roadside,12/11/22,0.0056,0.3047,9/16/21,10/17/21,28.5,28,-0.5,7.07,13.63,6.56
753,1,Field Soil,Bromus,SSJ-V,SSJ,Vegetated,12/15/22,0.0359,0.1955,9/15/21,10/15/21,32.3,32,-0.3,18.51,31.52,13.01
754,2,Field Soil,Bromus,SSJ-V,SSJ,Vegetated,12/10/22,0.0318,0.2751,9/15/21,10/15/21,32.5,29,-3.5,23.01,29.52,6.51
755,3,Field Soil,Bromus,SSJ-V,SSJ,Vegetated,12/13/22,0.0057,0.3751,9/15/21,10/16/21,36.7,35.5,-1.2,11.29,14.35,3.06
756,4,Field Soil,Bromus,SSJ-V,SSJ,Vegetated,12/12/22,0.0027,0.4029,9/16/21,10/16/21,41.7,41.2,-0.5,7.98,10.29,2.31
757,5,Field Soil,Bromus,SSJ-V,SSJ,Vegetated,12/15/22,0.0313,0.2553,9/16/21,10/16/21,37.3,37.1,-0.2,23.02,21.3,-1.72
758,6,Field Soil,Bromus,SSJ-V,SSJ,Vegetated,12/12/22,0.0095,0.2883,9/16/21,10/17/21,31.7,31,-0.7,12.89,17.27,4.38
759,7,Field Soil,Bromus,SSJ-V,SSJ,Vegetated,12/14/22,0.0074,0.4217,9/16/21,10/17/21,26.1,27.6,1.5,9.74,15.46,5.72
760,8,Field Soil,Bromus,SSJ-V,SSJ,Vegetated,12/11/22,0.0089,0.4557,9/16/21,10/17/21,38.7,24.6,-14.1,11.47,14.12,2.65
761,1,Field Soil,Bromus,SSJ-R,SSJ,Roadside,12/16/22,0.0086,0.2834,9/14/21,10/15/21,31.2,30.2,-1,11.17,13.23,2.06
762,2,Field Soil,Bromus,SSJ-R,SSJ,Roadside,12/10/22,0.0049,0.4165,9/15/21,10/15/21,38.7,32.2,-6.5,10.52,12.14,1.62
763,3,Field Soil,Bromus,SSJ-R,SSJ,Roadside,12/13/22,0.0431,0.2418,9/15/21,10/16/21,40.3,35.5,-4.8,24.6,35.72,11.12
764,4,Field Soil,Bromus,SSJ-R,SSJ,Roadside,12/13/22,0.0362,0.3799,9/16/21,10/16/21,40,33.7,-6.3,30.49,30.62,0.13
765,5,Field Soil,Bromus,SSJ-R,SSJ,Roadside,12/15/22,0.0411,0.3668,9/16/21,10/16/21,39.5,37.2,-2.3,24.28,30.28,6
766,6,Field Soil,Bromus,SSJ-R,SSJ,Roadside,12/12/22,0.0383,0.4691,9/16/21,10/17/21,40.5,39.8,-0.7,19.51,30.86,11.35
767,7,Field Soil,Bromus,SSJ-R,SSJ,Roadside,12/14/22,0.0406,0.3097,9/16/21,10/17/21,41.2,42.7,1.5,26.28,27.26,0.98
768,8,Field Soil,Bromus,SSJ-R,SSJ,Roadside,12/14/22,0.0002,0.2796,9/16/21,10/17/21,20.2,19.2,-1,4.67,6.47,1.8