Num,PopName,PopType,TypeAlpha,Pop,Rep,DishNum,PopNum,DishType,ID,SurvivalID,NoGerm,TotGerm,PropGerm,Label,PlantDate,GermDate,CensorJMP,CensorR,DaysGermYes,Census,DaysCensus,DaysToGerm
1,BAY,Off-road,O,BAY-O,A,1,1,Filter,A_01,Filter_A,4,6,0.6,Seed1Date,44386,44388,0,1,2,44410,24,2
2,BAY,Off-road,O,BAY-O,A,1,1,Filter,A_01,Filter_A,4,6,0.6,Seed2Date,44386,44388,0,1,2,44410,24,2
3,BAY,Off-road,O,BAY-O,A,1,1,Filter,A_01,Filter_A,4,6,0.6,Seed3Date,44386,44388,0,1,2,44410,24,2
4,BAY,Off-road,O,BAY-O,A,1,1,Filter,A_01,Filter_A,4,6,0.6,Seed4Date,44386,44389,0,1,3,44410,24,3
5,BAY,Off-road,O,BAY-O,A,1,1,Filter,A_01,Filter_A,4,6,0.6,Seed5Date,44386,44389,0,1,3,44410,24,3
6,BAY,Off-road,O,BAY-O,A,1,1,Filter,A_01,Filter_A,4,6,0.6,Seed6Date,44386,44391,0,1,5,44410,24,5
7,BAY,Off-road,O,BAY-O,A,1,1,Filter,A_01,Filter_A,4,6,0.6,Seed7Date,44386,44399,0,1,13,44410,24,13
8,BAY,Off-road,O,BAY-O,A,1,1,Filter,A_01,Filter_A,4,6,0.6,Seed8Date,44386,44406,0,1,20,44410,24,20
9,BAY,Off-road,O,BAY-O,A,1,1,Filter,A_01,Filter_A,4,6,0.6,Seed9Date,44386,,1,0,-44386,44410,24,24
10,BAY,Off-road,O,BAY-O,A,1,1,Filter,A_01,Filter_A,4,6,0.6,Seed10Date,44386,,1,0,-44386,44410,24,24
11,BAY,Off-road,O,BAY-O,B,2,1,Filter,B_01,Filter_B,2,8,0.8,Seed1Date,44386,44388,0,1,2,44410,24,2
12,BAY,Off-road,O,BAY-O,B,2,1,Filter,B_01,Filter_B,2,8,0.8,Seed2Date,44386,44389,0,1,3,44410,24,3
13,BAY,Off-road,O,BAY-O,B,2,1,Filter,B_01,Filter_B,2,8,0.8,Seed3Date,44386,44389,0,1,3,44410,24,3
14,BAY,Off-road,O,BAY-O,B,2,1,Filter,B_01,Filter_B,2,8,0.8,Seed4Date,44386,44390,0,1,4,44410,24,4
15,BAY,Off-road,O,BAY-O,B,2,1,Filter,B_01,Filter_B,2,8,0.8,Seed5Date,44386,44390,0,1,4,44410,24,4
16,BAY,Off-road,O,BAY-O,B,2,1,Filter,B_01,Filter_B,2,8,0.8,Seed6Date,44386,44390,0,1,4,44410,24,4
17,BAY,Off-road,O,BAY-O,B,2,1,Filter,B_01,Filter_B,2,8,0.8,Seed7Date,44386,44395,0,1,9,44410,24,9
18,BAY,Off-road,O,BAY-O,B,2,1,Filter,B_01,Filter_B,2,8,0.8,Seed8Date,44386,44395,0,1,9,44410,24,9
19,BAY,Off-road,O,BAY-O,B,2,1,Filter,B_01,Filter_B,2,8,0.8,Seed9Date,44386,44399,0,1,13,44410,24,13
20,BAY,Off-road,O,BAY-O,B,2,1,Filter,B_01,Filter_B,2,8,0.8,Seed10Date,44386,,1,0,-44386,44410,24,24
21,BAY,Off-road,O,BAY-O,C,3,1,Filter,C_01,Filter_C,7,3,0.3,Seed1Date,44386,44388,0,1,2,44410,24,2
22,BAY,Off-road,O,BAY-O,C,3,1,Filter,C_01,Filter_C,7,3,0.3,Seed2Date,44386,44389,0,1,3,44410,24,3
23,BAY,Off-road,O,BAY-O,C,3,1,Filter,C_01,Filter_C,7,3,0.3,Seed3Date,44386,44389,0,1,3,44410,24,3
24,BAY,Off-road,O,BAY-O,C,3,1,Filter,C_01,Filter_C,7,3,0.3,Seed4Date,44386,44401,0,1,15,44410,24,15
25,BAY,Off-road,O,BAY-O,C,3,1,Filter,C_01,Filter_C,7,3,0.3,Seed5Date,44386,,1,0,-44386,44410,24,24
26,BAY,Off-road,O,BAY-O,C,3,1,Filter,C_01,Filter_C,7,3,0.3,Seed6Date,44386,,1,0,-44386,44410,24,24
27,BAY,Off-road,O,BAY-O,C,3,1,Filter,C_01,Filter_C,7,3,0.3,Seed7Date,44386,,1,0,-44386,44410,24,24
28,BAY,Off-road,O,BAY-O,C,3,1,Filter,C_01,Filter_C,7,3,0.3,Seed8Date,44386,,1,0,-44386,44410,24,24
29,BAY,Off-road,O,BAY-O,C,3,1,Filter,C_01,Filter_C,7,3,0.3,Seed9Date,44386,,1,0,-44386,44410,24,24
30,BAY,Off-road,O,BAY-O,C,3,1,Filter,C_01,Filter_C,7,3,0.3,Seed10Date,44386,,1,0,-44386,44410,24,24
31,BAY,Off-road,O,BAY-O,D,4,1,Filter,D_01,Filter_D,2,8,0.8,Seed1Date,44386,44388,0,1,2,44410,24,2
32,BAY,Off-road,O,BAY-O,D,4,1,Filter,D_01,Filter_D,2,8,0.8,Seed2Date,44386,44388,0,1,2,44410,24,2
33,BAY,Off-road,O,BAY-O,D,4,1,Filter,D_01,Filter_D,2,8,0.8,Seed3Date,44386,44389,0,1,3,44410,24,3
34,BAY,Off-road,O,BAY-O,D,4,1,Filter,D_01,Filter_D,2,8,0.8,Seed4Date,44386,44389,0,1,3,44410,24,3
35,BAY,Off-road,O,BAY-O,D,4,1,Filter,D_01,Filter_D,2,8,0.8,Seed5Date,44386,44389,0,1,3,44410,24,3
36,BAY,Off-road,O,BAY-O,D,4,1,Filter,D_01,Filter_D,2,8,0.8,Seed6Date,44386,44389,0,1,3,44410,24,3
37,BAY,Off-road,O,BAY-O,D,4,1,Filter,D_01,Filter_D,2,8,0.8,Seed7Date,44386,44393,0,1,7,44410,24,7
38,BAY,Off-road,O,BAY-O,D,4,1,Filter,D_01,Filter_D,2,8,0.8,Seed8Date,44386,44397,0,1,11,44410,24,11
39,BAY,Off-road,O,BAY-O,D,4,1,Filter,D_01,Filter_D,2,8,0.8,Seed9Date,44386,44403,0,1,17,44410,24,17
40,BAY,Off-road,O,BAY-O,D,4,1,Filter,D_01,Filter_D,2,8,0.8,Seed10Date,44386,,1,0,-44386,44410,24,24
41,BAY,Off-road,O,BAY-O,E,5,1,Filter,E_01,Filter_E,3,7,0.7,Seed1Date,44386,44389,0,1,3,44410,24,3
42,BAY,Off-road,O,BAY-O,E,5,1,Filter,E_01,Filter_E,3,7,0.7,Seed2Date,44386,44389,0,1,3,44410,24,3
43,BAY,Off-road,O,BAY-O,E,5,1,Filter,E_01,Filter_E,3,7,0.7,Seed3Date,44386,44389,0,1,3,44410,24,3
44,BAY,Off-road,O,BAY-O,E,5,1,Filter,E_01,Filter_E,3,7,0.7,Seed4Date,44386,44390,0,1,4,44410,24,4
45,BAY,Off-road,O,BAY-O,E,5,1,Filter,E_01,Filter_E,3,7,0.7,Seed5Date,44386,44390,0,1,4,44410,24,4
46,BAY,Off-road,O,BAY-O,E,5,1,Filter,E_01,Filter_E,3,7,0.7,Seed6Date,44386,44391,0,1,5,44410,24,5
47,BAY,Off-road,O,BAY-O,E,5,1,Filter,E_01,Filter_E,3,7,0.7,Seed7Date,44386,44397,0,1,11,44410,24,11
48,BAY,Off-road,O,BAY-O,E,5,1,Filter,E_01,Filter_E,3,7,0.7,Seed8Date,44386,,1,0,-44386,44410,24,24
49,BAY,Off-road,O,BAY-O,E,5,1,Filter,E_01,Filter_E,3,7,0.7,Seed9Date,44386,,1,0,-44386,44410,24,24
50,BAY,Off-road,O,BAY-O,E,5,1,Filter,E_01,Filter_E,3,7,0.7,Seed10Date,44386,,1,0,-44386,44410,24,24
51,BAY,Roadside,R,BAY-R,A,6,2,Filter,A_02,Filter_A,3,7,0.7,Seed1Date,44386,44387,0,1,1,44410,24,1
52,BAY,Roadside,R,BAY-R,A,6,2,Filter,A_02,Filter_A,3,7,0.7,Seed2Date,44386,44388,0,1,2,44410,24,2
53,BAY,Roadside,R,BAY-R,A,6,2,Filter,A_02,Filter_A,3,7,0.7,Seed3Date,44386,44388,0,1,2,44410,24,2
54,BAY,Roadside,R,BAY-R,A,6,2,Filter,A_02,Filter_A,3,7,0.7,Seed4Date,44386,44388,0,1,2,44410,24,2
55,BAY,Roadside,R,BAY-R,A,6,2,Filter,A_02,Filter_A,3,7,0.7,Seed5Date,44386,44388,0,1,2,44410,24,2
56,BAY,Roadside,R,BAY-R,A,6,2,Filter,A_02,Filter_A,3,7,0.7,Seed6Date,44386,44390,0,1,4,44410,24,4
57,BAY,Roadside,R,BAY-R,A,6,2,Filter,A_02,Filter_A,3,7,0.7,Seed7Date,44386,44398,0,1,12,44410,24,12
58,BAY,Roadside,R,BAY-R,A,6,2,Filter,A_02,Filter_A,3,7,0.7,Seed8Date,44386,,1,0,-44386,44410,24,24
59,BAY,Roadside,R,BAY-R,A,6,2,Filter,A_02,Filter_A,3,7,0.7,Seed9Date,44386,,1,0,-44386,44410,24,24
60,BAY,Roadside,R,BAY-R,A,6,2,Filter,A_02,Filter_A,3,7,0.7,Seed10Date,44386,,1,0,-44386,44410,24,24
61,BAY,Roadside,R,BAY-R,B,7,2,Filter,B_02,Filter_B,1,9,0.9,Seed1Date,44386,44387,0,1,1,44410,24,1
62,BAY,Roadside,R,BAY-R,B,7,2,Filter,B_02,Filter_B,1,9,0.9,Seed2Date,44386,44388,0,1,2,44410,24,2
63,BAY,Roadside,R,BAY-R,B,7,2,Filter,B_02,Filter_B,1,9,0.9,Seed3Date,44386,44388,0,1,2,44410,24,2
64,BAY,Roadside,R,BAY-R,B,7,2,Filter,B_02,Filter_B,1,9,0.9,Seed4Date,44386,44388,0,1,2,44410,24,2
65,BAY,Roadside,R,BAY-R,B,7,2,Filter,B_02,Filter_B,1,9,0.9,Seed5Date,44386,44388,0,1,2,44410,24,2
66,BAY,Roadside,R,BAY-R,B,7,2,Filter,B_02,Filter_B,1,9,0.9,Seed6Date,44386,44388,0,1,2,44410,24,2
67,BAY,Roadside,R,BAY-R,B,7,2,Filter,B_02,Filter_B,1,9,0.9,Seed7Date,44386,44389,0,1,3,44410,24,3
68,BAY,Roadside,R,BAY-R,B,7,2,Filter,B_02,Filter_B,1,9,0.9,Seed8Date,44386,44389,0,1,3,44410,24,3
69,BAY,Roadside,R,BAY-R,B,7,2,Filter,B_02,Filter_B,1,9,0.9,Seed9Date,44386,44398,0,1,12,44410,24,12
70,BAY,Roadside,R,BAY-R,B,7,2,Filter,B_02,Filter_B,1,9,0.9,Seed10Date,44386,,1,0,-44386,44410,24,24
71,BAY,Roadside,R,BAY-R,C,8,2,Filter,C_02,Filter_C,1,9,0.9,Seed1Date,44386,44387,0,1,1,44410,24,1
72,BAY,Roadside,R,BAY-R,C,8,2,Filter,C_02,Filter_C,1,9,0.9,Seed2Date,44386,44388,0,1,2,44410,24,2
73,BAY,Roadside,R,BAY-R,C,8,2,Filter,C_02,Filter_C,1,9,0.9,Seed3Date,44386,44388,0,1,2,44410,24,2
74,BAY,Roadside,R,BAY-R,C,8,2,Filter,C_02,Filter_C,1,9,0.9,Seed4Date,44386,44388,0,1,2,44410,24,2
75,BAY,Roadside,R,BAY-R,C,8,2,Filter,C_02,Filter_C,1,9,0.9,Seed5Date,44386,44389,0,1,3,44410,24,3
76,BAY,Roadside,R,BAY-R,C,8,2,Filter,C_02,Filter_C,1,9,0.9,Seed6Date,44386,44389,0,1,3,44410,24,3
77,BAY,Roadside,R,BAY-R,C,8,2,Filter,C_02,Filter_C,1,9,0.9,Seed7Date,44386,44389,0,1,3,44410,24,3
78,BAY,Roadside,R,BAY-R,C,8,2,Filter,C_02,Filter_C,1,9,0.9,Seed8Date,44386,44389,0,1,3,44410,24,3
79,BAY,Roadside,R,BAY-R,C,8,2,Filter,C_02,Filter_C,1,9,0.9,Seed9Date,44386,44391,0,1,5,44410,24,5
80,BAY,Roadside,R,BAY-R,C,8,2,Filter,C_02,Filter_C,1,9,0.9,Seed10Date,44386,,1,0,-44386,44410,24,24
81,BAY,Roadside,R,BAY-R,D,9,2,Filter,D_02,Filter_D,1,9,0.9,Seed1Date,44386,44387,0,1,1,44410,24,1
82,BAY,Roadside,R,BAY-R,D,9,2,Filter,D_02,Filter_D,1,9,0.9,Seed2Date,44386,44388,0,1,2,44410,24,2
83,BAY,Roadside,R,BAY-R,D,9,2,Filter,D_02,Filter_D,1,9,0.9,Seed3Date,44386,44388,0,1,2,44410,24,2
84,BAY,Roadside,R,BAY-R,D,9,2,Filter,D_02,Filter_D,1,9,0.9,Seed4Date,44386,44388,0,1,2,44410,24,2
85,BAY,Roadside,R,BAY-R,D,9,2,Filter,D_02,Filter_D,1,9,0.9,Seed5Date,44386,44389,0,1,3,44410,24,3
86,BAY,Roadside,R,BAY-R,D,9,2,Filter,D_02,Filter_D,1,9,0.9,Seed6Date,44386,44389,0,1,3,44410,24,3
87,BAY,Roadside,R,BAY-R,D,9,2,Filter,D_02,Filter_D,1,9,0.9,Seed7Date,44386,44389,0,1,3,44410,24,3
88,BAY,Roadside,R,BAY-R,D,9,2,Filter,D_02,Filter_D,1,9,0.9,Seed8Date,44386,44389,0,1,3,44410,24,3
89,BAY,Roadside,R,BAY-R,D,9,2,Filter,D_02,Filter_D,1,9,0.9,Seed9Date,44386,44391,0,1,5,44410,24,5
90,BAY,Roadside,R,BAY-R,D,9,2,Filter,D_02,Filter_D,1,9,0.9,Seed10Date,44386,,1,0,-44386,44410,24,24
91,BAY,Roadside,R,BAY-R,E,10,2,Filter,E_02,Filter_E,0,10,1,Seed1Date,44386,44388,0,1,2,44410,24,2
92,BAY,Roadside,R,BAY-R,E,10,2,Filter,E_02,Filter_E,0,10,1,Seed2Date,44386,44388,0,1,2,44410,24,2
93,BAY,Roadside,R,BAY-R,E,10,2,Filter,E_02,Filter_E,0,10,1,Seed3Date,44386,44388,0,1,2,44410,24,2
94,BAY,Roadside,R,BAY-R,E,10,2,Filter,E_02,Filter_E,0,10,1,Seed4Date,44386,44388,0,1,2,44410,24,2
95,BAY,Roadside,R,BAY-R,E,10,2,Filter,E_02,Filter_E,0,10,1,Seed5Date,44386,44388,0,1,2,44410,24,2
96,BAY,Roadside,R,BAY-R,E,10,2,Filter,E_02,Filter_E,0,10,1,Seed6Date,44386,44389,0,1,3,44410,24,3
97,BAY,Roadside,R,BAY-R,E,10,2,Filter,E_02,Filter_E,0,10,1,Seed7Date,44386,44389,0,1,3,44410,24,3
98,BAY,Roadside,R,BAY-R,E,10,2,Filter,E_02,Filter_E,0,10,1,Seed8Date,44386,44389,0,1,3,44410,24,3
99,BAY,Roadside,R,BAY-R,E,10,2,Filter,E_02,Filter_E,0,10,1,Seed9Date,44386,44389,0,1,3,44410,24,3
100,BAY,Roadside,R,BAY-R,E,10,2,Filter,E_02,Filter_E,0,10,1,Seed10Date,44386,44390,0,1,4,44410,24,4
101,CHE,Off-road,O,CHE-O,A,11,3,Filter,A_03,Filter_A,5,5,0.5,Seed1Date,44386,44388,0,1,2,44410,24,2
102,CHE,Off-road,O,CHE-O,A,11,3,Filter,A_03,Filter_A,5,5,0.5,Seed2Date,44386,44389,0,1,3,44410,24,3
103,CHE,Off-road,O,CHE-O,A,11,3,Filter,A_03,Filter_A,5,5,0.5,Seed3Date,44386,44390,0,1,4,44410,24,4
104,CHE,Off-road,O,CHE-O,A,11,3,Filter,A_03,Filter_A,5,5,0.5,Seed4Date,44386,44392,0,1,6,44410,24,6
105,CHE,Off-road,O,CHE-O,A,11,3,Filter,A_03,Filter_A,5,5,0.5,Seed5Date,44386,44398,0,1,12,44410,24,12
106,CHE,Off-road,O,CHE-O,A,11,3,Filter,A_03,Filter_A,5,5,0.5,Seed6Date,44386,44403,0,1,17,44410,24,17
107,CHE,Off-road,O,CHE-O,A,11,3,Filter,A_03,Filter_A,5,5,0.5,Seed7Date,44386,44405,0,1,19,44410,24,19
108,CHE,Off-road,O,CHE-O,A,11,3,Filter,A_03,Filter_A,5,5,0.5,Seed8Date,44386,,1,0,-44386,44410,24,24
109,CHE,Off-road,O,CHE-O,A,11,3,Filter,A_03,Filter_A,5,5,0.5,Seed9Date,44386,,1,0,-44386,44410,24,24
110,CHE,Off-road,O,CHE-O,A,11,3,Filter,A_03,Filter_A,5,5,0.5,Seed10Date,44386,,1,0,-44386,44410,24,24
111,CHE,Off-road,O,CHE-O,B,12,3,Filter,B_03,Filter_B,6,4,0.4,Seed1Date,44386,44389,0,1,3,44410,24,3
112,CHE,Off-road,O,CHE-O,B,12,3,Filter,B_03,Filter_B,6,4,0.4,Seed2Date,44386,44390,0,1,4,44410,24,4
113,CHE,Off-road,O,CHE-O,B,12,3,Filter,B_03,Filter_B,6,4,0.4,Seed3Date,44386,44396,0,1,10,44410,24,10
114,CHE,Off-road,O,CHE-O,B,12,3,Filter,B_03,Filter_B,6,4,0.4,Seed4Date,44386,44397,0,1,11,44410,24,11
115,CHE,Off-road,O,CHE-O,B,12,3,Filter,B_03,Filter_B,6,4,0.4,Seed5Date,44386,44400,0,1,14,44410,24,14
116,CHE,Off-road,O,CHE-O,B,12,3,Filter,B_03,Filter_B,6,4,0.4,Seed6Date,44386,44409,0,1,23,44410,24,23
117,CHE,Off-road,O,CHE-O,B,12,3,Filter,B_03,Filter_B,6,4,0.4,Seed7Date,44386,44409,0,1,23,44410,24,23
118,CHE,Off-road,O,CHE-O,B,12,3,Filter,B_03,Filter_B,6,4,0.4,Seed8Date,44386,,1,0,-44386,44410,24,24
119,CHE,Off-road,O,CHE-O,B,12,3,Filter,B_03,Filter_B,6,4,0.4,Seed9Date,44386,,1,0,-44386,44410,24,24
120,CHE,Off-road,O,CHE-O,B,12,3,Filter,B_03,Filter_B,6,4,0.4,Seed10Date,44386,,1,0,-44386,44410,24,24
121,CHE,Off-road,O,CHE-O,C,13,3,Filter,C_03,Filter_C,8,2,0.2,Seed1Date,44386,44389,0,1,3,44410,24,3
122,CHE,Off-road,O,CHE-O,C,13,3,Filter,C_03,Filter_C,8,2,0.2,Seed2Date,44386,44389,0,1,3,44410,24,3
123,CHE,Off-road,O,CHE-O,C,13,3,Filter,C_03,Filter_C,8,2,0.2,Seed3Date,44386,44404,0,1,18,44410,24,18
124,CHE,Off-road,O,CHE-O,C,13,3,Filter,C_03,Filter_C,8,2,0.2,Seed4Date,44386,44404,0,1,18,44410,24,18
125,CHE,Off-road,O,CHE-O,C,13,3,Filter,C_03,Filter_C,8,2,0.2,Seed5Date,44386,44406,0,1,20,44410,24,20
126,CHE,Off-road,O,CHE-O,C,13,3,Filter,C_03,Filter_C,8,2,0.2,Seed6Date,44386,,1,0,-44386,44410,24,24
127,CHE,Off-road,O,CHE-O,C,13,3,Filter,C_03,Filter_C,8,2,0.2,Seed7Date,44386,,1,0,-44386,44410,24,24
128,CHE,Off-road,O,CHE-O,C,13,3,Filter,C_03,Filter_C,8,2,0.2,Seed8Date,44386,,1,0,-44386,44410,24,24
129,CHE,Off-road,O,CHE-O,C,13,3,Filter,C_03,Filter_C,8,2,0.2,Seed9Date,44386,,1,0,-44386,44410,24,24
130,CHE,Off-road,O,CHE-O,C,13,3,Filter,C_03,Filter_C,8,2,0.2,Seed10Date,44386,,1,0,-44386,44410,24,24
131,CHE,Off-road,O,CHE-O,D,14,3,Filter,D_03,Filter_D,8,2,0.2,Seed1Date,44386,44389,0,1,3,44410,24,3
132,CHE,Off-road,O,CHE-O,D,14,3,Filter,D_03,Filter_D,8,2,0.2,Seed2Date,44386,44397,0,1,11,44410,24,11
133,CHE,Off-road,O,CHE-O,D,14,3,Filter,D_03,Filter_D,8,2,0.2,Seed3Date,44386,44399,0,1,13,44410,24,13
134,CHE,Off-road,O,CHE-O,D,14,3,Filter,D_03,Filter_D,8,2,0.2,Seed4Date,44386,44400,0,1,14,44410,24,14
135,CHE,Off-road,O,CHE-O,D,14,3,Filter,D_03,Filter_D,8,2,0.2,Seed5Date,44386,44402,0,1,16,44410,24,16
136,CHE,Off-road,O,CHE-O,D,14,3,Filter,D_03,Filter_D,8,2,0.2,Seed6Date,44386,44406,0,1,20,44410,24,20
137,CHE,Off-road,O,CHE-O,D,14,3,Filter,D_03,Filter_D,8,2,0.2,Seed7Date,44386,,1,0,-44386,44410,24,24
138,CHE,Off-road,O,CHE-O,D,14,3,Filter,D_03,Filter_D,8,2,0.2,Seed8Date,44386,,1,0,-44386,44410,24,24
139,CHE,Off-road,O,CHE-O,D,14,3,Filter,D_03,Filter_D,8,2,0.2,Seed9Date,44386,,1,0,-44386,44410,24,24
140,CHE,Off-road,O,CHE-O,D,14,3,Filter,D_03,Filter_D,8,2,0.2,Seed10Date,44386,,1,0,-44386,44410,24,24
141,CHE,Off-road,O,CHE-O,E,15,3,Filter,E_03,Filter_E,4,6,0.6,Seed1Date,44386,44388,0,1,2,44410,24,2
142,CHE,Off-road,O,CHE-O,E,15,3,Filter,E_03,Filter_E,4,6,0.6,Seed2Date,44386,44395,0,1,9,44410,24,9
143,CHE,Off-road,O,CHE-O,E,15,3,Filter,E_03,Filter_E,4,6,0.6,Seed3Date,44386,44395,0,1,9,44410,24,9
144,CHE,Off-road,O,CHE-O,E,15,3,Filter,E_03,Filter_E,4,6,0.6,Seed4Date,44386,44396,0,1,10,44410,24,10
145,CHE,Off-road,O,CHE-O,E,15,3,Filter,E_03,Filter_E,4,6,0.6,Seed5Date,44386,44396,0,1,10,44410,24,10
146,CHE,Off-road,O,CHE-O,E,15,3,Filter,E_03,Filter_E,4,6,0.6,Seed6Date,44386,44398,0,1,12,44410,24,12
147,CHE,Off-road,O,CHE-O,E,15,3,Filter,E_03,Filter_E,4,6,0.6,Seed7Date,44386,44399,0,1,13,44410,24,13
148,CHE,Off-road,O,CHE-O,E,15,3,Filter,E_03,Filter_E,4,6,0.6,Seed8Date,44386,44402,0,1,16,44410,24,16
149,CHE,Off-road,O,CHE-O,E,15,3,Filter,E_03,Filter_E,4,6,0.6,Seed9Date,44386,,1,0,-44386,44410,24,24
150,CHE,Off-road,O,CHE-O,E,15,3,Filter,E_03,Filter_E,4,6,0.6,Seed10Date,44386,,1,0,-44386,44410,24,24
151,CHE,Roadside,R,CHE-R,A,16,4,Filter,A_04,Filter_A,3,7,0.7,Seed1Date,44386,44390,0,1,4,44410,24,4
152,CHE,Roadside,R,CHE-R,A,16,4,Filter,A_04,Filter_A,3,7,0.7,Seed2Date,44386,44393,0,1,7,44410,24,7
153,CHE,Roadside,R,CHE-R,A,16,4,Filter,A_04,Filter_A,3,7,0.7,Seed3Date,44386,44393,0,1,7,44410,24,7
154,CHE,Roadside,R,CHE-R,A,16,4,Filter,A_04,Filter_A,3,7,0.7,Seed4Date,44386,44395,0,1,9,44410,24,9
155,CHE,Roadside,R,CHE-R,A,16,4,Filter,A_04,Filter_A,3,7,0.7,Seed5Date,44386,44396,0,1,10,44410,24,10
156,CHE,Roadside,R,CHE-R,A,16,4,Filter,A_04,Filter_A,3,7,0.7,Seed6Date,44386,44398,0,1,12,44410,24,12
157,CHE,Roadside,R,CHE-R,A,16,4,Filter,A_04,Filter_A,3,7,0.7,Seed7Date,44386,44401,0,1,15,44410,24,15
158,CHE,Roadside,R,CHE-R,A,16,4,Filter,A_04,Filter_A,3,7,0.7,Seed8Date,44386,,1,0,-44386,44410,24,24
159,CHE,Roadside,R,CHE-R,A,16,4,Filter,A_04,Filter_A,3,7,0.7,Seed9Date,44386,,1,0,-44386,44410,24,24
160,CHE,Roadside,R,CHE-R,A,16,4,Filter,A_04,Filter_A,3,7,0.7,Seed10Date,44386,,1,0,-44386,44410,24,24
161,CHE,Roadside,R,CHE-R,B,17,4,Filter,B_04,Filter_B,1,9,0.9,Seed1Date,44386,44388,0,1,2,44410,24,2
162,CHE,Roadside,R,CHE-R,B,17,4,Filter,B_04,Filter_B,1,9,0.9,Seed2Date,44386,44388,0,1,2,44410,24,2
163,CHE,Roadside,R,CHE-R,B,17,4,Filter,B_04,Filter_B,1,9,0.9,Seed3Date,44386,44389,0,1,3,44410,24,3
164,CHE,Roadside,R,CHE-R,B,17,4,Filter,B_04,Filter_B,1,9,0.9,Seed4Date,44386,44389,0,1,3,44410,24,3
165,CHE,Roadside,R,CHE-R,B,17,4,Filter,B_04,Filter_B,1,9,0.9,Seed5Date,44386,44389,0,1,3,44410,24,3
166,CHE,Roadside,R,CHE-R,B,17,4,Filter,B_04,Filter_B,1,9,0.9,Seed6Date,44386,44389,0,1,3,44410,24,3
167,CHE,Roadside,R,CHE-R,B,17,4,Filter,B_04,Filter_B,1,9,0.9,Seed7Date,44386,44390,0,1,4,44410,24,4
168,CHE,Roadside,R,CHE-R,B,17,4,Filter,B_04,Filter_B,1,9,0.9,Seed8Date,44386,44394,0,1,8,44410,24,8
169,CHE,Roadside,R,CHE-R,B,17,4,Filter,B_04,Filter_B,1,9,0.9,Seed9Date,44386,44394,0,1,8,44410,24,8
170,CHE,Roadside,R,CHE-R,B,17,4,Filter,B_04,Filter_B,1,9,0.9,Seed10Date,44386,44409,0,1,23,44410,24,23
171,CHE,Roadside,R,CHE-R,C,18,4,Filter,C_04,Filter_C,5,5,0.5,Seed1Date,44386,44388,0,1,2,44410,24,2
172,CHE,Roadside,R,CHE-R,C,18,4,Filter,C_04,Filter_C,5,5,0.5,Seed2Date,44386,44388,0,1,2,44410,24,2
173,CHE,Roadside,R,CHE-R,C,18,4,Filter,C_04,Filter_C,5,5,0.5,Seed3Date,44386,44388,0,1,2,44410,24,2
174,CHE,Roadside,R,CHE-R,C,18,4,Filter,C_04,Filter_C,5,5,0.5,Seed4Date,44386,44389,0,1,3,44410,24,3
175,CHE,Roadside,R,CHE-R,C,18,4,Filter,C_04,Filter_C,5,5,0.5,Seed5Date,44386,44394,0,1,8,44410,24,8
176,CHE,Roadside,R,CHE-R,C,18,4,Filter,C_04,Filter_C,5,5,0.5,Seed6Date,44386,44409,0,1,23,44410,24,23
177,CHE,Roadside,R,CHE-R,C,18,4,Filter,C_04,Filter_C,5,5,0.5,Seed7Date,44386,,1,0,-44386,44410,24,24
178,CHE,Roadside,R,CHE-R,C,18,4,Filter,C_04,Filter_C,5,5,0.5,Seed8Date,44386,,1,0,-44386,44410,24,24
179,CHE,Roadside,R,CHE-R,C,18,4,Filter,C_04,Filter_C,5,5,0.5,Seed9Date,44386,,1,0,-44386,44410,24,24
180,CHE,Roadside,R,CHE-R,C,18,4,Filter,C_04,Filter_C,5,5,0.5,Seed10Date,44386,,1,0,-44386,44410,24,24
181,CHE,Roadside,R,CHE-R,D,19,4,Filter,D_04,Filter_D,2,8,0.8,Seed1Date,44386,44389,0,1,3,44410,24,3
182,CHE,Roadside,R,CHE-R,D,19,4,Filter,D_04,Filter_D,2,8,0.8,Seed2Date,44386,44390,0,1,4,44410,24,4
183,CHE,Roadside,R,CHE-R,D,19,4,Filter,D_04,Filter_D,2,8,0.8,Seed3Date,44386,44391,0,1,5,44410,24,5
184,CHE,Roadside,R,CHE-R,D,19,4,Filter,D_04,Filter_D,2,8,0.8,Seed4Date,44386,44391,0,1,5,44410,24,5
185,CHE,Roadside,R,CHE-R,D,19,4,Filter,D_04,Filter_D,2,8,0.8,Seed5Date,44386,44392,0,1,6,44410,24,6
186,CHE,Roadside,R,CHE-R,D,19,4,Filter,D_04,Filter_D,2,8,0.8,Seed6Date,44386,44394,0,1,8,44410,24,8
187,CHE,Roadside,R,CHE-R,D,19,4,Filter,D_04,Filter_D,2,8,0.8,Seed7Date,44386,44394,0,1,8,44410,24,8
188,CHE,Roadside,R,CHE-R,D,19,4,Filter,D_04,Filter_D,2,8,0.8,Seed8Date,44386,44398,0,1,12,44410,24,12
189,CHE,Roadside,R,CHE-R,D,19,4,Filter,D_04,Filter_D,2,8,0.8,Seed9Date,44386,44409,0,1,23,44410,24,23
190,CHE,Roadside,R,CHE-R,D,19,4,Filter,D_04,Filter_D,2,8,0.8,Seed10Date,44386,,1,0,-44386,44410,24,24
191,CHE,Roadside,R,CHE-R,E,20,4,Filter,E_04,Filter_E,2,8,0.8,Seed1Date,44386,44388,0,1,2,44410,24,2
192,CHE,Roadside,R,CHE-R,E,20,4,Filter,E_04,Filter_E,2,8,0.8,Seed2Date,44386,44389,0,1,3,44410,24,3
193,CHE,Roadside,R,CHE-R,E,20,4,Filter,E_04,Filter_E,2,8,0.8,Seed3Date,44386,44389,0,1,3,44410,24,3
194,CHE,Roadside,R,CHE-R,E,20,4,Filter,E_04,Filter_E,2,8,0.8,Seed4Date,44386,44389,0,1,3,44410,24,3
195,CHE,Roadside,R,CHE-R,E,20,4,Filter,E_04,Filter_E,2,8,0.8,Seed5Date,44386,44392,0,1,6,44410,24,6
196,CHE,Roadside,R,CHE-R,E,20,4,Filter,E_04,Filter_E,2,8,0.8,Seed6Date,44386,44392,0,1,6,44410,24,6
197,CHE,Roadside,R,CHE-R,E,20,4,Filter,E_04,Filter_E,2,8,0.8,Seed7Date,44386,44393,0,1,7,44410,24,7
198,CHE,Roadside,R,CHE-R,E,20,4,Filter,E_04,Filter_E,2,8,0.8,Seed8Date,44386,44393,0,1,7,44410,24,7
199,CHE,Roadside,R,CHE-R,E,20,4,Filter,E_04,Filter_E,2,8,0.8,Seed9Date,44386,,1,0,-44386,44410,24,24
200,CHE,Roadside,R,CHE-R,E,20,4,Filter,E_04,Filter_E,2,8,0.8,Seed10Date,44386,,1,0,-44386,44410,24,24
201,GUA,Off-road,O,GUA-O,A,21,5,Filter,A_05,Filter_A,4,6,0.6,Seed1Date,44386,44388,0,1,2,44410,24,2
202,GUA,Off-road,O,GUA-O,A,21,5,Filter,A_05,Filter_A,4,6,0.6,Seed2Date,44386,44388,0,1,2,44410,24,2
203,GUA,Off-road,O,GUA-O,A,21,5,Filter,A_05,Filter_A,4,6,0.6,Seed3Date,44386,44388,0,1,2,44410,24,2
204,GUA,Off-road,O,GUA-O,A,21,5,Filter,A_05,Filter_A,4,6,0.6,Seed4Date,44386,44389,0,1,3,44410,24,3
205,GUA,Off-road,O,GUA-O,A,21,5,Filter,A_05,Filter_A,4,6,0.6,Seed5Date,44386,44392,0,1,6,44410,24,6
206,GUA,Off-road,O,GUA-O,A,21,5,Filter,A_05,Filter_A,4,6,0.6,Seed6Date,44386,44395,0,1,9,44410,24,9
207,GUA,Off-road,O,GUA-O,A,21,5,Filter,A_05,Filter_A,4,6,0.6,Seed7Date,44386,,1,0,-44386,44410,24,24
208,GUA,Off-road,O,GUA-O,A,21,5,Filter,A_05,Filter_A,4,6,0.6,Seed8Date,44386,,1,0,-44386,44410,24,24
209,GUA,Off-road,O,GUA-O,A,21,5,Filter,A_05,Filter_A,4,6,0.6,Seed9Date,44386,,1,0,-44386,44410,24,24
210,GUA,Off-road,O,GUA-O,A,21,5,Filter,A_05,Filter_A,4,6,0.6,Seed10Date,44386,,1,0,-44386,44410,24,24
211,GUA,Off-road,O,GUA-O,B,22,5,Filter,B_05,Filter_B,5,5,0.5,Seed1Date,44386,44387,0,1,1,44410,24,1
212,GUA,Off-road,O,GUA-O,B,22,5,Filter,B_05,Filter_B,5,5,0.5,Seed2Date,44386,44389,0,1,3,44410,24,3
213,GUA,Off-road,O,GUA-O,B,22,5,Filter,B_05,Filter_B,5,5,0.5,Seed3Date,44386,44389,0,1,3,44410,24,3
214,GUA,Off-road,O,GUA-O,B,22,5,Filter,B_05,Filter_B,5,5,0.5,Seed4Date,44386,44390,0,1,4,44410,24,4
215,GUA,Off-road,O,GUA-O,B,22,5,Filter,B_05,Filter_B,5,5,0.5,Seed5Date,44386,44395,0,1,9,44410,24,9
216,GUA,Off-road,O,GUA-O,B,22,5,Filter,B_05,Filter_B,5,5,0.5,Seed6Date,44386,,1,0,-44386,44410,24,24
217,GUA,Off-road,O,GUA-O,B,22,5,Filter,B_05,Filter_B,5,5,0.5,Seed7Date,44386,,1,0,-44386,44410,24,24
218,GUA,Off-road,O,GUA-O,B,22,5,Filter,B_05,Filter_B,5,5,0.5,Seed8Date,44386,,1,0,-44386,44410,24,24
219,GUA,Off-road,O,GUA-O,B,22,5,Filter,B_05,Filter_B,5,5,0.5,Seed9Date,44386,,1,0,-44386,44410,24,24
220,GUA,Off-road,O,GUA-O,B,22,5,Filter,B_05,Filter_B,5,5,0.5,Seed10Date,44386,,1,0,-44386,44410,24,24
221,GUA,Off-road,O,GUA-O,C,23,5,Filter,C_05,Filter_C,3,7,0.7,Seed1Date,44386,44389,0,1,3,44410,24,3
222,GUA,Off-road,O,GUA-O,C,23,5,Filter,C_05,Filter_C,3,7,0.7,Seed2Date,44386,44389,0,1,3,44410,24,3
223,GUA,Off-road,O,GUA-O,C,23,5,Filter,C_05,Filter_C,3,7,0.7,Seed3Date,44386,44389,0,1,3,44410,24,3
224,GUA,Off-road,O,GUA-O,C,23,5,Filter,C_05,Filter_C,3,7,0.7,Seed4Date,44386,44389,0,1,3,44410,24,3
225,GUA,Off-road,O,GUA-O,C,23,5,Filter,C_05,Filter_C,3,7,0.7,Seed5Date,44386,44389,0,1,3,44410,24,3
226,GUA,Off-road,O,GUA-O,C,23,5,Filter,C_05,Filter_C,3,7,0.7,Seed6Date,44386,44389,0,1,3,44410,24,3
227,GUA,Off-road,O,GUA-O,C,23,5,Filter,C_05,Filter_C,3,7,0.7,Seed7Date,44386,44391,0,1,5,44410,24,5
228,GUA,Off-road,O,GUA-O,C,23,5,Filter,C_05,Filter_C,3,7,0.7,Seed8Date,44386,44403,0,1,17,44410,24,17
229,GUA,Off-road,O,GUA-O,C,23,5,Filter,C_05,Filter_C,3,7,0.7,Seed9Date,44386,,1,0,-44386,44410,24,24
230,GUA,Off-road,O,GUA-O,C,23,5,Filter,C_05,Filter_C,3,7,0.7,Seed10Date,44386,,1,0,-44386,44410,24,24
231,GUA,Off-road,O,GUA-O,D,24,5,Filter,D_05,Filter_D,5,5,0.5,Seed1Date,44386,44389,0,1,3,44410,24,3
232,GUA,Off-road,O,GUA-O,D,24,5,Filter,D_05,Filter_D,5,5,0.5,Seed2Date,44386,44389,0,1,3,44410,24,3
233,GUA,Off-road,O,GUA-O,D,24,5,Filter,D_05,Filter_D,5,5,0.5,Seed3Date,44386,44390,0,1,4,44410,24,4
234,GUA,Off-road,O,GUA-O,D,24,5,Filter,D_05,Filter_D,5,5,0.5,Seed4Date,44386,44392,0,1,6,44410,24,6
235,GUA,Off-road,O,GUA-O,D,24,5,Filter,D_05,Filter_D,5,5,0.5,Seed5Date,44386,44394,0,1,8,44410,24,8
236,GUA,Off-road,O,GUA-O,D,24,5,Filter,D_05,Filter_D,5,5,0.5,Seed6Date,44386,44399,0,1,13,44410,24,13
237,GUA,Off-road,O,GUA-O,D,24,5,Filter,D_05,Filter_D,5,5,0.5,Seed7Date,44386,44400,0,1,14,44410,24,14
238,GUA,Off-road,O,GUA-O,D,24,5,Filter,D_05,Filter_D,5,5,0.5,Seed8Date,44386,44404,0,1,18,44410,24,18
239,GUA,Off-road,O,GUA-O,D,24,5,Filter,D_05,Filter_D,5,5,0.5,Seed9Date,44386,,1,0,-44386,44410,24,24
240,GUA,Off-road,O,GUA-O,D,24,5,Filter,D_05,Filter_D,5,5,0.5,Seed10Date,44386,,1,0,-44386,44410,24,24
241,GUA,Off-road,O,GUA-O,E,25,5,Filter,E_05,Filter_E,0,10,1,Seed1Date,44386,44387,0,1,1,44410,24,1
242,GUA,Off-road,O,GUA-O,E,25,5,Filter,E_05,Filter_E,0,10,1,Seed2Date,44386,44389,0,1,3,44410,24,3
243,GUA,Off-road,O,GUA-O,E,25,5,Filter,E_05,Filter_E,0,10,1,Seed3Date,44386,44389,0,1,3,44410,24,3
244,GUA,Off-road,O,GUA-O,E,25,5,Filter,E_05,Filter_E,0,10,1,Seed4Date,44386,44389,0,1,3,44410,24,3
245,GUA,Off-road,O,GUA-O,E,25,5,Filter,E_05,Filter_E,0,10,1,Seed5Date,44386,44389,0,1,3,44410,24,3
246,GUA,Off-road,O,GUA-O,E,25,5,Filter,E_05,Filter_E,0,10,1,Seed6Date,44386,44390,0,1,4,44410,24,4
247,GUA,Off-road,O,GUA-O,E,25,5,Filter,E_05,Filter_E,0,10,1,Seed7Date,44386,44391,0,1,5,44410,24,5
248,GUA,Off-road,O,GUA-O,E,25,5,Filter,E_05,Filter_E,0,10,1,Seed8Date,44386,44392,0,1,6,44410,24,6
249,GUA,Off-road,O,GUA-O,E,25,5,Filter,E_05,Filter_E,0,10,1,Seed9Date,44386,44392,0,1,6,44410,24,6
250,GUA,Off-road,O,GUA-O,E,25,5,Filter,E_05,Filter_E,0,10,1,Seed10Date,44386,44393,0,1,7,44410,24,7
251,GUA,Roadside,R,GUA-R,A,26,6,Filter,A_06,Filter_A,2,8,0.8,Seed1Date,44386,44392,0,1,6,44410,24,6
252,GUA,Roadside,R,GUA-R,A,26,6,Filter,A_06,Filter_A,2,8,0.8,Seed2Date,44386,44393,0,1,7,44410,24,7
253,GUA,Roadside,R,GUA-R,A,26,6,Filter,A_06,Filter_A,2,8,0.8,Seed3Date,44386,44393,0,1,7,44410,24,7
254,GUA,Roadside,R,GUA-R,A,26,6,Filter,A_06,Filter_A,2,8,0.8,Seed4Date,44386,44395,0,1,9,44410,24,9
255,GUA,Roadside,R,GUA-R,A,26,6,Filter,A_06,Filter_A,2,8,0.8,Seed5Date,44386,44396,0,1,10,44410,24,10
256,GUA,Roadside,R,GUA-R,A,26,6,Filter,A_06,Filter_A,2,8,0.8,Seed6Date,44386,44397,0,1,11,44410,24,11
257,GUA,Roadside,R,GUA-R,A,26,6,Filter,A_06,Filter_A,2,8,0.8,Seed7Date,44386,44397,0,1,11,44410,24,11
258,GUA,Roadside,R,GUA-R,A,26,6,Filter,A_06,Filter_A,2,8,0.8,Seed8Date,44386,44398,0,1,12,44410,24,12
259,GUA,Roadside,R,GUA-R,A,26,6,Filter,A_06,Filter_A,2,8,0.8,Seed9Date,44386,,1,0,-44386,44410,24,24
260,GUA,Roadside,R,GUA-R,A,26,6,Filter,A_06,Filter_A,2,8,0.8,Seed10Date,44386,,1,0,-44386,44410,24,24
261,GUA,Roadside,R,GUA-R,B,27,6,Filter,B_06,Filter_B,0,10,1,Seed1Date,44386,44389,0,1,3,44410,24,3
262,GUA,Roadside,R,GUA-R,B,27,6,Filter,B_06,Filter_B,0,10,1,Seed2Date,44386,44389,0,1,3,44410,24,3
263,GUA,Roadside,R,GUA-R,B,27,6,Filter,B_06,Filter_B,0,10,1,Seed3Date,44386,44389,0,1,3,44410,24,3
264,GUA,Roadside,R,GUA-R,B,27,6,Filter,B_06,Filter_B,0,10,1,Seed4Date,44386,44389,0,1,3,44410,24,3
265,GUA,Roadside,R,GUA-R,B,27,6,Filter,B_06,Filter_B,0,10,1,Seed5Date,44386,44389,0,1,3,44410,24,3
266,GUA,Roadside,R,GUA-R,B,27,6,Filter,B_06,Filter_B,0,10,1,Seed6Date,44386,44389,0,1,3,44410,24,3
267,GUA,Roadside,R,GUA-R,B,27,6,Filter,B_06,Filter_B,0,10,1,Seed7Date,44386,44389,0,1,3,44410,24,3
268,GUA,Roadside,R,GUA-R,B,27,6,Filter,B_06,Filter_B,0,10,1,Seed8Date,44386,44390,0,1,4,44410,24,4
269,GUA,Roadside,R,GUA-R,B,27,6,Filter,B_06,Filter_B,0,10,1,Seed9Date,44386,44396,0,1,10,44410,24,10
270,GUA,Roadside,R,GUA-R,B,27,6,Filter,B_06,Filter_B,0,10,1,Seed10Date,44386,44397,0,1,11,44410,24,11
271,GUA,Roadside,R,GUA-R,C,28,6,Filter,C_06,Filter_C,3,7,0.7,Seed1Date,44386,44388,0,1,2,44410,24,2
272,GUA,Roadside,R,GUA-R,C,28,6,Filter,C_06,Filter_C,3,7,0.7,Seed2Date,44386,44389,0,1,3,44410,24,3
273,GUA,Roadside,R,GUA-R,C,28,6,Filter,C_06,Filter_C,3,7,0.7,Seed3Date,44386,44390,0,1,4,44410,24,4
274,GUA,Roadside,R,GUA-R,C,28,6,Filter,C_06,Filter_C,3,7,0.7,Seed4Date,44386,44395,0,1,9,44410,24,9
275,GUA,Roadside,R,GUA-R,C,28,6,Filter,C_06,Filter_C,3,7,0.7,Seed5Date,44386,44395,0,1,9,44410,24,9
276,GUA,Roadside,R,GUA-R,C,28,6,Filter,C_06,Filter_C,3,7,0.7,Seed6Date,44386,44398,0,1,12,44410,24,12
277,GUA,Roadside,R,GUA-R,C,28,6,Filter,C_06,Filter_C,3,7,0.7,Seed7Date,44386,44398,0,1,12,44410,24,12
278,GUA,Roadside,R,GUA-R,C,28,6,Filter,C_06,Filter_C,3,7,0.7,Seed8Date,44386,,1,0,-44386,44410,24,24
279,GUA,Roadside,R,GUA-R,C,28,6,Filter,C_06,Filter_C,3,7,0.7,Seed9Date,44386,,1,0,-44386,44410,24,24
280,GUA,Roadside,R,GUA-R,C,28,6,Filter,C_06,Filter_C,3,7,0.7,Seed10Date,44386,,1,0,-44386,44410,24,24
281,GUA,Roadside,R,GUA-R,D,29,6,Filter,D_06,Filter_D,5,5,0.5,Seed1Date,44386,44390,0,1,4,44410,24,4
282,GUA,Roadside,R,GUA-R,D,29,6,Filter,D_06,Filter_D,5,5,0.5,Seed2Date,44386,44390,0,1,4,44410,24,4
283,GUA,Roadside,R,GUA-R,D,29,6,Filter,D_06,Filter_D,5,5,0.5,Seed3Date,44386,44392,0,1,6,44410,24,6
284,GUA,Roadside,R,GUA-R,D,29,6,Filter,D_06,Filter_D,5,5,0.5,Seed4Date,44386,44393,0,1,7,44410,24,7
285,GUA,Roadside,R,GUA-R,D,29,6,Filter,D_06,Filter_D,5,5,0.5,Seed5Date,44386,44397,0,1,11,44410,24,11
286,GUA,Roadside,R,GUA-R,D,29,6,Filter,D_06,Filter_D,5,5,0.5,Seed6Date,44386,44399,0,1,13,44410,24,13
287,GUA,Roadside,R,GUA-R,D,29,6,Filter,D_06,Filter_D,5,5,0.5,Seed7Date,44386,44399,0,1,13,44410,24,13
288,GUA,Roadside,R,GUA-R,D,29,6,Filter,D_06,Filter_D,5,5,0.5,Seed8Date,44386,44399,0,1,13,44410,24,13
289,GUA,Roadside,R,GUA-R,D,29,6,Filter,D_06,Filter_D,5,5,0.5,Seed9Date,44386,44399,0,1,13,44410,24,13
290,GUA,Roadside,R,GUA-R,D,29,6,Filter,D_06,Filter_D,5,5,0.5,Seed10Date,44386,,1,0,-44386,44410,24,24
291,GUA,Roadside,R,GUA-R,E,30,6,Filter,E_06,Filter_E,2,8,0.8,Seed1Date,44386,44392,0,1,6,44410,24,6
292,GUA,Roadside,R,GUA-R,E,30,6,Filter,E_06,Filter_E,2,8,0.8,Seed2Date,44386,44392,0,1,6,44410,24,6
293,GUA,Roadside,R,GUA-R,E,30,6,Filter,E_06,Filter_E,2,8,0.8,Seed3Date,44386,44393,0,1,7,44410,24,7
294,GUA,Roadside,R,GUA-R,E,30,6,Filter,E_06,Filter_E,2,8,0.8,Seed4Date,44386,44393,0,1,7,44410,24,7
295,GUA,Roadside,R,GUA-R,E,30,6,Filter,E_06,Filter_E,2,8,0.8,Seed5Date,44386,44393,0,1,7,44410,24,7
296,GUA,Roadside,R,GUA-R,E,30,6,Filter,E_06,Filter_E,2,8,0.8,Seed6Date,44386,44393,0,1,7,44410,24,7
297,GUA,Roadside,R,GUA-R,E,30,6,Filter,E_06,Filter_E,2,8,0.8,Seed7Date,44386,44394,0,1,8,44410,24,8
298,GUA,Roadside,R,GUA-R,E,30,6,Filter,E_06,Filter_E,2,8,0.8,Seed8Date,44386,44397,0,1,11,44410,24,11
299,GUA,Roadside,R,GUA-R,E,30,6,Filter,E_06,Filter_E,2,8,0.8,Seed9Date,44386,44401,0,1,15,44410,24,15
300,GUA,Roadside,R,GUA-R,E,30,6,Filter,E_06,Filter_E,2,8,0.8,Seed10Date,44386,44405,0,1,19,44410,24,19
301,LEX,Off-road,O,LEX-O,A,31,7,Filter,A_07,Filter_A,1,9,0.9,Seed1Date,44386,44388,0,1,2,44410,24,2
302,LEX,Off-road,O,LEX-O,A,31,7,Filter,A_07,Filter_A,1,9,0.9,Seed2Date,44386,44388,0,1,2,44410,24,2
303,LEX,Off-road,O,LEX-O,A,31,7,Filter,A_07,Filter_A,1,9,0.9,Seed3Date,44386,44388,0,1,2,44410,24,2
304,LEX,Off-road,O,LEX-O,A,31,7,Filter,A_07,Filter_A,1,9,0.9,Seed4Date,44386,44388,0,1,2,44410,24,2
305,LEX,Off-road,O,LEX-O,A,31,7,Filter,A_07,Filter_A,1,9,0.9,Seed5Date,44386,44389,0,1,3,44410,24,3
306,LEX,Off-road,O,LEX-O,A,31,7,Filter,A_07,Filter_A,1,9,0.9,Seed6Date,44386,44389,0,1,3,44410,24,3
307,LEX,Off-road,O,LEX-O,A,31,7,Filter,A_07,Filter_A,1,9,0.9,Seed7Date,44386,44389,0,1,3,44410,24,3
308,LEX,Off-road,O,LEX-O,A,31,7,Filter,A_07,Filter_A,1,9,0.9,Seed8Date,44386,44389,0,1,3,44410,24,3
309,LEX,Off-road,O,LEX-O,A,31,7,Filter,A_07,Filter_A,1,9,0.9,Seed9Date,44386,44391,0,1,5,44410,24,5
310,LEX,Off-road,O,LEX-O,A,31,7,Filter,A_07,Filter_A,1,9,0.9,Seed10Date,44386,,1,0,-44386,44410,24,24
311,LEX,Off-road,O,LEX-O,B,32,7,Filter,B_07,Filter_B,1,9,0.9,Seed1Date,44386,44388,0,1,2,44410,24,2
312,LEX,Off-road,O,LEX-O,B,32,7,Filter,B_07,Filter_B,1,9,0.9,Seed2Date,44386,44388,0,1,2,44410,24,2
313,LEX,Off-road,O,LEX-O,B,32,7,Filter,B_07,Filter_B,1,9,0.9,Seed3Date,44386,44388,0,1,2,44410,24,2
314,LEX,Off-road,O,LEX-O,B,32,7,Filter,B_07,Filter_B,1,9,0.9,Seed4Date,44386,44389,0,1,3,44410,24,3
315,LEX,Off-road,O,LEX-O,B,32,7,Filter,B_07,Filter_B,1,9,0.9,Seed5Date,44386,44389,0,1,3,44410,24,3
316,LEX,Off-road,O,LEX-O,B,32,7,Filter,B_07,Filter_B,1,9,0.9,Seed6Date,44386,44389,0,1,3,44410,24,3
317,LEX,Off-road,O,LEX-O,B,32,7,Filter,B_07,Filter_B,1,9,0.9,Seed7Date,44386,44391,0,1,5,44410,24,5
318,LEX,Off-road,O,LEX-O,B,32,7,Filter,B_07,Filter_B,1,9,0.9,Seed8Date,44386,44393,0,1,7,44410,24,7
319,LEX,Off-road,O,LEX-O,B,32,7,Filter,B_07,Filter_B,1,9,0.9,Seed9Date,44386,44393,0,1,7,44410,24,7
320,LEX,Off-road,O,LEX-O,B,32,7,Filter,B_07,Filter_B,1,9,0.9,Seed10Date,44386,,1,0,-44386,44410,24,24
321,LEX,Off-road,O,LEX-O,C,33,7,Filter,C_07,Filter_C,3,7,0.7,Seed1Date,44386,44388,0,1,2,44410,24,2
322,LEX,Off-road,O,LEX-O,C,33,7,Filter,C_07,Filter_C,3,7,0.7,Seed2Date,44386,44388,0,1,2,44410,24,2
323,LEX,Off-road,O,LEX-O,C,33,7,Filter,C_07,Filter_C,3,7,0.7,Seed3Date,44386,44389,0,1,3,44410,24,3
324,LEX,Off-road,O,LEX-O,C,33,7,Filter,C_07,Filter_C,3,7,0.7,Seed4Date,44386,44389,0,1,3,44410,24,3
325,LEX,Off-road,O,LEX-O,C,33,7,Filter,C_07,Filter_C,3,7,0.7,Seed5Date,44386,44389,0,1,3,44410,24,3
326,LEX,Off-road,O,LEX-O,C,33,7,Filter,C_07,Filter_C,3,7,0.7,Seed6Date,44386,44389,0,1,3,44410,24,3
327,LEX,Off-road,O,LEX-O,C,33,7,Filter,C_07,Filter_C,3,7,0.7,Seed7Date,44386,44389,0,1,3,44410,24,3
328,LEX,Off-road,O,LEX-O,C,33,7,Filter,C_07,Filter_C,3,7,0.7,Seed8Date,44386,44400,0,1,14,44410,24,14
329,LEX,Off-road,O,LEX-O,C,33,7,Filter,C_07,Filter_C,3,7,0.7,Seed9Date,44386,44406,0,1,20,44410,24,20
330,LEX,Off-road,O,LEX-O,C,33,7,Filter,C_07,Filter_C,3,7,0.7,Seed10Date,44386,,1,0,-44386,44410,24,24
331,LEX,Off-road,O,LEX-O,D,34,7,Filter,D_07,Filter_D,2,8,0.8,Seed1Date,44386,44388,0,1,2,44410,24,2
332,LEX,Off-road,O,LEX-O,D,34,7,Filter,D_07,Filter_D,2,8,0.8,Seed2Date,44386,44389,0,1,3,44410,24,3
333,LEX,Off-road,O,LEX-O,D,34,7,Filter,D_07,Filter_D,2,8,0.8,Seed3Date,44386,44389,0,1,3,44410,24,3
334,LEX,Off-road,O,LEX-O,D,34,7,Filter,D_07,Filter_D,2,8,0.8,Seed4Date,44386,44389,0,1,3,44410,24,3
335,LEX,Off-road,O,LEX-O,D,34,7,Filter,D_07,Filter_D,2,8,0.8,Seed5Date,44386,44389,0,1,3,44410,24,3
336,LEX,Off-road,O,LEX-O,D,34,7,Filter,D_07,Filter_D,2,8,0.8,Seed6Date,44386,44389,0,1,3,44410,24,3
337,LEX,Off-road,O,LEX-O,D,34,7,Filter,D_07,Filter_D,2,8,0.8,Seed7Date,44386,44391,0,1,5,44410,24,5
338,LEX,Off-road,O,LEX-O,D,34,7,Filter,D_07,Filter_D,2,8,0.8,Seed8Date,44386,44391,0,1,5,44410,24,5
339,LEX,Off-road,O,LEX-O,D,34,7,Filter,D_07,Filter_D,2,8,0.8,Seed9Date,44386,,1,0,-44386,44410,24,24
340,LEX,Off-road,O,LEX-O,D,34,7,Filter,D_07,Filter_D,2,8,0.8,Seed10Date,44386,,1,0,-44386,44410,24,24
341,LEX,Off-road,O,LEX-O,E,35,7,Filter,E_07,Filter_E,0,10,1,Seed1Date,44386,44388,0,1,2,44410,24,2
342,LEX,Off-road,O,LEX-O,E,35,7,Filter,E_07,Filter_E,0,10,1,Seed2Date,44386,44388,0,1,2,44410,24,2
343,LEX,Off-road,O,LEX-O,E,35,7,Filter,E_07,Filter_E,0,10,1,Seed3Date,44386,44388,0,1,2,44410,24,2
344,LEX,Off-road,O,LEX-O,E,35,7,Filter,E_07,Filter_E,0,10,1,Seed4Date,44386,44388,0,1,2,44410,24,2
345,LEX,Off-road,O,LEX-O,E,35,7,Filter,E_07,Filter_E,0,10,1,Seed5Date,44386,44388,0,1,2,44410,24,2
346,LEX,Off-road,O,LEX-O,E,35,7,Filter,E_07,Filter_E,0,10,1,Seed6Date,44386,44389,0,1,3,44410,24,3
347,LEX,Off-road,O,LEX-O,E,35,7,Filter,E_07,Filter_E,0,10,1,Seed7Date,44386,44389,0,1,3,44410,24,3
348,LEX,Off-road,O,LEX-O,E,35,7,Filter,E_07,Filter_E,0,10,1,Seed8Date,44386,44390,0,1,4,44410,24,4
349,LEX,Off-road,O,LEX-O,E,35,7,Filter,E_07,Filter_E,0,10,1,Seed9Date,44386,44390,0,1,4,44410,24,4
350,LEX,Off-road,O,LEX-O,E,35,7,Filter,E_07,Filter_E,0,10,1,Seed10Date,44386,44393,0,1,7,44410,24,7
351,LEX,Roadside,R,LEX-R,A,36,8,Filter,A_08,Filter_A,2,8,0.8,Seed1Date,44386,44388,0,1,2,44410,24,2
352,LEX,Roadside,R,LEX-R,A,36,8,Filter,A_08,Filter_A,2,8,0.8,Seed2Date,44386,44392,0,1,6,44410,24,6
353,LEX,Roadside,R,LEX-R,A,36,8,Filter,A_08,Filter_A,2,8,0.8,Seed3Date,44386,44393,0,1,7,44410,24,7
354,LEX,Roadside,R,LEX-R,A,36,8,Filter,A_08,Filter_A,2,8,0.8,Seed4Date,44386,44393,0,1,7,44410,24,7
355,LEX,Roadside,R,LEX-R,A,36,8,Filter,A_08,Filter_A,2,8,0.8,Seed5Date,44386,44393,0,1,7,44410,24,7
356,LEX,Roadside,R,LEX-R,A,36,8,Filter,A_08,Filter_A,2,8,0.8,Seed6Date,44386,44393,0,1,7,44410,24,7
357,LEX,Roadside,R,LEX-R,A,36,8,Filter,A_08,Filter_A,2,8,0.8,Seed7Date,44386,44393,0,1,7,44410,24,7
358,LEX,Roadside,R,LEX-R,A,36,8,Filter,A_08,Filter_A,2,8,0.8,Seed8Date,44386,44393,0,1,7,44410,24,7
359,LEX,Roadside,R,LEX-R,A,36,8,Filter,A_08,Filter_A,2,8,0.8,Seed9Date,44386,,1,0,-44386,44410,24,24
360,LEX,Roadside,R,LEX-R,A,36,8,Filter,A_08,Filter_A,2,8,0.8,Seed10Date,44386,,1,0,-44386,44410,24,24
361,LEX,Roadside,R,LEX-R,B,37,8,Filter,B_08,Filter_B,1,9,0.9,Seed1Date,44386,44388,0,1,2,44410,24,2
362,LEX,Roadside,R,LEX-R,B,37,8,Filter,B_08,Filter_B,1,9,0.9,Seed2Date,44386,44388,0,1,2,44410,24,2
363,LEX,Roadside,R,LEX-R,B,37,8,Filter,B_08,Filter_B,1,9,0.9,Seed3Date,44386,44388,0,1,2,44410,24,2
364,LEX,Roadside,R,LEX-R,B,37,8,Filter,B_08,Filter_B,1,9,0.9,Seed4Date,44386,44390,0,1,4,44410,24,4
365,LEX,Roadside,R,LEX-R,B,37,8,Filter,B_08,Filter_B,1,9,0.9,Seed5Date,44386,44391,0,1,5,44410,24,5
366,LEX,Roadside,R,LEX-R,B,37,8,Filter,B_08,Filter_B,1,9,0.9,Seed6Date,44386,44392,0,1,6,44410,24,6
367,LEX,Roadside,R,LEX-R,B,37,8,Filter,B_08,Filter_B,1,9,0.9,Seed7Date,44386,44392,0,1,6,44410,24,6
368,LEX,Roadside,R,LEX-R,B,37,8,Filter,B_08,Filter_B,1,9,0.9,Seed8Date,44386,44392,0,1,6,44410,24,6
369,LEX,Roadside,R,LEX-R,B,37,8,Filter,B_08,Filter_B,1,9,0.9,Seed9Date,44386,44394,0,1,8,44410,24,8
370,LEX,Roadside,R,LEX-R,B,37,8,Filter,B_08,Filter_B,1,9,0.9,Seed10Date,44386,,1,0,-44386,44410,24,24
371,LEX,Roadside,R,LEX-R,C,38,8,Filter,C_08,Filter_C,7,3,0.3,Seed1Date,44386,44389,0,1,3,44410,24,3
372,LEX,Roadside,R,LEX-R,C,38,8,Filter,C_08,Filter_C,7,3,0.3,Seed2Date,44386,44389,0,1,3,44410,24,3
373,LEX,Roadside,R,LEX-R,C,38,8,Filter,C_08,Filter_C,7,3,0.3,Seed3Date,44386,44389,0,1,3,44410,24,3
374,LEX,Roadside,R,LEX-R,C,38,8,Filter,C_08,Filter_C,7,3,0.3,Seed4Date,44386,44400,0,1,14,44410,24,14
375,LEX,Roadside,R,LEX-R,C,38,8,Filter,C_08,Filter_C,7,3,0.3,Seed5Date,44386,44403,0,1,17,44410,24,17
376,LEX,Roadside,R,LEX-R,C,38,8,Filter,C_08,Filter_C,7,3,0.3,Seed6Date,44386,44405,0,1,19,44410,24,19
377,LEX,Roadside,R,LEX-R,C,38,8,Filter,C_08,Filter_C,7,3,0.3,Seed7Date,44386,44406,0,1,20,44410,24,20
378,LEX,Roadside,R,LEX-R,C,38,8,Filter,C_08,Filter_C,7,3,0.3,Seed8Date,44386,,1,0,-44386,44410,24,24
379,LEX,Roadside,R,LEX-R,C,38,8,Filter,C_08,Filter_C,7,3,0.3,Seed9Date,44386,,1,0,-44386,44410,24,24
380,LEX,Roadside,R,LEX-R,C,38,8,Filter,C_08,Filter_C,7,3,0.3,Seed10Date,44386,,1,0,-44386,44410,24,24
381,LEX,Roadside,R,LEX-R,D,39,8,Filter,D_08,Filter_D,7,3,0.3,Seed1Date,44386,44388,0,1,2,44410,24,2
382,LEX,Roadside,R,LEX-R,D,39,8,Filter,D_08,Filter_D,7,3,0.3,Seed2Date,44386,44389,0,1,3,44410,24,3
383,LEX,Roadside,R,LEX-R,D,39,8,Filter,D_08,Filter_D,7,3,0.3,Seed3Date,44386,44391,0,1,5,44410,24,5
384,LEX,Roadside,R,LEX-R,D,39,8,Filter,D_08,Filter_D,7,3,0.3,Seed4Date,44386,44403,0,1,17,44410,24,17
385,LEX,Roadside,R,LEX-R,D,39,8,Filter,D_08,Filter_D,7,3,0.3,Seed5Date,44386,,1,0,-44386,44410,24,24
386,LEX,Roadside,R,LEX-R,D,39,8,Filter,D_08,Filter_D,7,3,0.3,Seed6Date,44386,,1,0,-44386,44410,24,24
387,LEX,Roadside,R,LEX-R,D,39,8,Filter,D_08,Filter_D,7,3,0.3,Seed7Date,44386,,1,0,-44386,44410,24,24
388,LEX,Roadside,R,LEX-R,D,39,8,Filter,D_08,Filter_D,7,3,0.3,Seed8Date,44386,,1,0,-44386,44410,24,24
389,LEX,Roadside,R,LEX-R,D,39,8,Filter,D_08,Filter_D,7,3,0.3,Seed9Date,44386,,1,0,-44386,44410,24,24
390,LEX,Roadside,R,LEX-R,D,39,8,Filter,D_08,Filter_D,7,3,0.3,Seed10Date,44386,,1,0,-44386,44410,24,24
391,LEX,Roadside,R,LEX-R,E,40,8,Filter,E_08,Filter_E,4,6,0.6,Seed1Date,44386,44388,0,1,2,44410,24,2
392,LEX,Roadside,R,LEX-R,E,40,8,Filter,E_08,Filter_E,4,6,0.6,Seed2Date,44386,44388,0,1,2,44410,24,2
393,LEX,Roadside,R,LEX-R,E,40,8,Filter,E_08,Filter_E,4,6,0.6,Seed3Date,44386,44388,0,1,2,44410,24,2
394,LEX,Roadside,R,LEX-R,E,40,8,Filter,E_08,Filter_E,4,6,0.6,Seed4Date,44386,44389,0,1,3,44410,24,3
395,LEX,Roadside,R,LEX-R,E,40,8,Filter,E_08,Filter_E,4,6,0.6,Seed5Date,44386,44390,0,1,4,44410,24,4
396,LEX,Roadside,R,LEX-R,E,40,8,Filter,E_08,Filter_E,4,6,0.6,Seed6Date,44386,44392,0,1,6,44410,24,6
397,LEX,Roadside,R,LEX-R,E,40,8,Filter,E_08,Filter_E,4,6,0.6,Seed7Date,44386,44400,0,1,14,44410,24,14
398,LEX,Roadside,R,LEX-R,E,40,8,Filter,E_08,Filter_E,4,6,0.6,Seed8Date,44386,,1,0,-44386,44410,24,24
399,LEX,Roadside,R,LEX-R,E,40,8,Filter,E_08,Filter_E,4,6,0.6,Seed9Date,44386,,1,0,-44386,44410,24,24
400,LEX,Roadside,R,LEX-R,E,40,8,Filter,E_08,Filter_E,4,6,0.6,Seed10Date,44386,,1,0,-44386,44410,24,24
401,OAP,Off-road,O,OAP-O,A,41,9,Filter,A_09,Filter_A,3,7,0.7,Seed1Date,44386,44389,0,1,3,44410,24,3
402,OAP,Off-road,O,OAP-O,A,41,9,Filter,A_09,Filter_A,3,7,0.7,Seed2Date,44386,44389,0,1,3,44410,24,3
403,OAP,Off-road,O,OAP-O,A,41,9,Filter,A_09,Filter_A,3,7,0.7,Seed3Date,44386,44389,0,1,3,44410,24,3
404,OAP,Off-road,O,OAP-O,A,41,9,Filter,A_09,Filter_A,3,7,0.7,Seed4Date,44386,44390,0,1,4,44410,24,4
405,OAP,Off-road,O,OAP-O,A,41,9,Filter,A_09,Filter_A,3,7,0.7,Seed5Date,44386,44390,0,1,4,44410,24,4
406,OAP,Off-road,O,OAP-O,A,41,9,Filter,A_09,Filter_A,3,7,0.7,Seed6Date,44386,44392,0,1,6,44410,24,6
407,OAP,Off-road,O,OAP-O,A,41,9,Filter,A_09,Filter_A,3,7,0.7,Seed7Date,44386,44394,0,1,8,44410,24,8
408,OAP,Off-road,O,OAP-O,A,41,9,Filter,A_09,Filter_A,3,7,0.7,Seed8Date,44386,,1,0,-44386,44410,24,24
409,OAP,Off-road,O,OAP-O,A,41,9,Filter,A_09,Filter_A,3,7,0.7,Seed9Date,44386,,1,0,-44386,44410,24,24
410,OAP,Off-road,O,OAP-O,A,41,9,Filter,A_09,Filter_A,3,7,0.7,Seed10Date,44386,,1,0,-44386,44410,24,24
411,OAP,Off-road,O,OAP-O,B,42,9,Filter,B_09,Filter_B,5,5,0.5,Seed1Date,44386,44389,0,1,3,44410,24,3
412,OAP,Off-road,O,OAP-O,B,42,9,Filter,B_09,Filter_B,5,5,0.5,Seed2Date,44386,44390,0,1,4,44410,24,4
413,OAP,Off-road,O,OAP-O,B,42,9,Filter,B_09,Filter_B,5,5,0.5,Seed3Date,44386,44390,0,1,4,44410,24,4
414,OAP,Off-road,O,OAP-O,B,42,9,Filter,B_09,Filter_B,5,5,0.5,Seed4Date,44386,44390,0,1,4,44410,24,4
415,OAP,Off-road,O,OAP-O,B,42,9,Filter,B_09,Filter_B,5,5,0.5,Seed5Date,44386,44393,0,1,7,44410,24,7
416,OAP,Off-road,O,OAP-O,B,42,9,Filter,B_09,Filter_B,5,5,0.5,Seed6Date,44386,,1,0,-44386,44410,24,24
417,OAP,Off-road,O,OAP-O,B,42,9,Filter,B_09,Filter_B,5,5,0.5,Seed7Date,44386,,1,0,-44386,44410,24,24
418,OAP,Off-road,O,OAP-O,B,42,9,Filter,B_09,Filter_B,5,5,0.5,Seed8Date,44386,,1,0,-44386,44410,24,24
419,OAP,Off-road,O,OAP-O,B,42,9,Filter,B_09,Filter_B,5,5,0.5,Seed9Date,44386,,1,0,-44386,44410,24,24
420,OAP,Off-road,O,OAP-O,B,42,9,Filter,B_09,Filter_B,5,5,0.5,Seed10Date,44386,,1,0,-44386,44410,24,24
421,OAP,Off-road,O,OAP-O,C,43,9,Filter,C_09,Filter_C,0,10,1,Seed1Date,44386,44388,0,1,2,44410,24,2
422,OAP,Off-road,O,OAP-O,C,43,9,Filter,C_09,Filter_C,0,10,1,Seed2Date,44386,44389,0,1,3,44410,24,3
423,OAP,Off-road,O,OAP-O,C,43,9,Filter,C_09,Filter_C,0,10,1,Seed3Date,44386,44389,0,1,3,44410,24,3
424,OAP,Off-road,O,OAP-O,C,43,9,Filter,C_09,Filter_C,0,10,1,Seed4Date,44386,44389,0,1,3,44410,24,3
425,OAP,Off-road,O,OAP-O,C,43,9,Filter,C_09,Filter_C,0,10,1,Seed5Date,44386,44389,0,1,3,44410,24,3
426,OAP,Off-road,O,OAP-O,C,43,9,Filter,C_09,Filter_C,0,10,1,Seed6Date,44386,44389,0,1,3,44410,24,3
427,OAP,Off-road,O,OAP-O,C,43,9,Filter,C_09,Filter_C,0,10,1,Seed7Date,44386,44390,0,1,4,44410,24,4
428,OAP,Off-road,O,OAP-O,C,43,9,Filter,C_09,Filter_C,0,10,1,Seed8Date,44386,44390,0,1,4,44410,24,4
429,OAP,Off-road,O,OAP-O,C,43,9,Filter,C_09,Filter_C,0,10,1,Seed9Date,44386,44390,0,1,4,44410,24,4
430,OAP,Off-road,O,OAP-O,C,43,9,Filter,C_09,Filter_C,0,10,1,Seed10Date,44386,44391,0,1,5,44410,24,5
431,OAP,Off-road,O,OAP-O,D,44,9,Filter,D_09,Filter_D,5,5,0.5,Seed1Date,44386,44389,0,1,3,44410,24,3
432,OAP,Off-road,O,OAP-O,D,44,9,Filter,D_09,Filter_D,5,5,0.5,Seed2Date,44386,44389,0,1,3,44410,24,3
433,OAP,Off-road,O,OAP-O,D,44,9,Filter,D_09,Filter_D,5,5,0.5,Seed3Date,44386,44390,0,1,4,44410,24,4
434,OAP,Off-road,O,OAP-O,D,44,9,Filter,D_09,Filter_D,5,5,0.5,Seed4Date,44386,44392,0,1,6,44410,24,6
435,OAP,Off-road,O,OAP-O,D,44,9,Filter,D_09,Filter_D,5,5,0.5,Seed5Date,44386,44397,0,1,11,44410,24,11
436,OAP,Off-road,O,OAP-O,D,44,9,Filter,D_09,Filter_D,5,5,0.5,Seed6Date,44386,,1,0,-44386,44410,24,24
437,OAP,Off-road,O,OAP-O,D,44,9,Filter,D_09,Filter_D,5,5,0.5,Seed7Date,44386,,1,0,-44386,44410,24,24
438,OAP,Off-road,O,OAP-O,D,44,9,Filter,D_09,Filter_D,5,5,0.5,Seed8Date,44386,,1,0,-44386,44410,24,24
439,OAP,Off-road,O,OAP-O,D,44,9,Filter,D_09,Filter_D,5,5,0.5,Seed9Date,44386,,1,0,-44386,44410,24,24
440,OAP,Off-road,O,OAP-O,D,44,9,Filter,D_09,Filter_D,5,5,0.5,Seed10Date,44386,,1,0,-44386,44410,24,24
441,OAP,Off-road,O,OAP-O,E,45,9,Filter,E_09,Filter_E,4,6,0.6,Seed1Date,44386,44388,0,1,2,44410,24,2
442,OAP,Off-road,O,OAP-O,E,45,9,Filter,E_09,Filter_E,4,6,0.6,Seed2Date,44386,44389,0,1,3,44410,24,3
443,OAP,Off-road,O,OAP-O,E,45,9,Filter,E_09,Filter_E,4,6,0.6,Seed3Date,44386,44389,0,1,3,44410,24,3
444,OAP,Off-road,O,OAP-O,E,45,9,Filter,E_09,Filter_E,4,6,0.6,Seed4Date,44386,44391,0,1,5,44410,24,5
445,OAP,Off-road,O,OAP-O,E,45,9,Filter,E_09,Filter_E,4,6,0.6,Seed5Date,44386,44392,0,1,6,44410,24,6
446,OAP,Off-road,O,OAP-O,E,45,9,Filter,E_09,Filter_E,4,6,0.6,Seed6Date,44386,44392,0,1,6,44410,24,6
447,OAP,Off-road,O,OAP-O,E,45,9,Filter,E_09,Filter_E,4,6,0.6,Seed7Date,44386,44405,0,1,19,44410,24,19
448,OAP,Off-road,O,OAP-O,E,45,9,Filter,E_09,Filter_E,4,6,0.6,Seed8Date,44386,,1,0,-44386,44410,24,24
449,OAP,Off-road,O,OAP-O,E,45,9,Filter,E_09,Filter_E,4,6,0.6,Seed9Date,44386,,1,0,-44386,44410,24,24
450,OAP,Off-road,O,OAP-O,E,45,9,Filter,E_09,Filter_E,4,6,0.6,Seed10Date,44386,,1,0,-44386,44410,24,24
451,OAP,Roadside,R,OAP-R,A,46,10,Filter,A_10,Filter_A,6,4,0.4,Seed1Date,44386,44389,0,1,3,44410,24,3
452,OAP,Roadside,R,OAP-R,A,46,10,Filter,A_10,Filter_A,6,4,0.4,Seed2Date,44386,44389,0,1,3,44410,24,3
453,OAP,Roadside,R,OAP-R,A,46,10,Filter,A_10,Filter_A,6,4,0.4,Seed3Date,44386,44390,0,1,4,44410,24,4
454,OAP,Roadside,R,OAP-R,A,46,10,Filter,A_10,Filter_A,6,4,0.4,Seed4Date,44386,44391,0,1,5,44410,24,5
455,OAP,Roadside,R,OAP-R,A,46,10,Filter,A_10,Filter_A,6,4,0.4,Seed5Date,44386,,1,0,-44386,44410,24,24
456,OAP,Roadside,R,OAP-R,A,46,10,Filter,A_10,Filter_A,6,4,0.4,Seed6Date,44386,,1,0,-44386,44410,24,24
457,OAP,Roadside,R,OAP-R,A,46,10,Filter,A_10,Filter_A,6,4,0.4,Seed7Date,44386,,1,0,-44386,44410,24,24
458,OAP,Roadside,R,OAP-R,A,46,10,Filter,A_10,Filter_A,6,4,0.4,Seed8Date,44386,,1,0,-44386,44410,24,24
459,OAP,Roadside,R,OAP-R,A,46,10,Filter,A_10,Filter_A,6,4,0.4,Seed9Date,44386,,1,0,-44386,44410,24,24
460,OAP,Roadside,R,OAP-R,A,46,10,Filter,A_10,Filter_A,6,4,0.4,Seed10Date,44386,,1,0,-44386,44410,24,24
461,OAP,Roadside,R,OAP-R,B,47,10,Filter,B_10,Filter_B,5,5,0.5,Seed1Date,44386,44389,0,1,3,44410,24,3
462,OAP,Roadside,R,OAP-R,B,47,10,Filter,B_10,Filter_B,5,5,0.5,Seed2Date,44386,44389,0,1,3,44410,24,3
463,OAP,Roadside,R,OAP-R,B,47,10,Filter,B_10,Filter_B,5,5,0.5,Seed3Date,44386,44389,0,1,3,44410,24,3
464,OAP,Roadside,R,OAP-R,B,47,10,Filter,B_10,Filter_B,5,5,0.5,Seed4Date,44386,44396,0,1,10,44410,24,10
465,OAP,Roadside,R,OAP-R,B,47,10,Filter,B_10,Filter_B,5,5,0.5,Seed5Date,44386,44398,0,1,12,44410,24,12
466,OAP,Roadside,R,OAP-R,B,47,10,Filter,B_10,Filter_B,5,5,0.5,Seed6Date,44386,44400,0,1,14,44410,24,14
467,OAP,Roadside,R,OAP-R,B,47,10,Filter,B_10,Filter_B,5,5,0.5,Seed7Date,44386,44400,0,1,14,44410,24,14
468,OAP,Roadside,R,OAP-R,B,47,10,Filter,B_10,Filter_B,5,5,0.5,Seed8Date,44386,44403,0,1,17,44410,24,17
469,OAP,Roadside,R,OAP-R,B,47,10,Filter,B_10,Filter_B,5,5,0.5,Seed9Date,44386,44404,0,1,18,44410,24,18
470,OAP,Roadside,R,OAP-R,B,47,10,Filter,B_10,Filter_B,5,5,0.5,Seed10Date,44386,,1,0,-44386,44410,24,24
471,OAP,Roadside,R,OAP-R,C,48,10,Filter,C_10,Filter_C,2,8,0.8,Seed1Date,44386,44388,0,1,2,44410,24,2
472,OAP,Roadside,R,OAP-R,C,48,10,Filter,C_10,Filter_C,2,8,0.8,Seed2Date,44386,44389,0,1,3,44410,24,3
473,OAP,Roadside,R,OAP-R,C,48,10,Filter,C_10,Filter_C,2,8,0.8,Seed3Date,44386,44389,0,1,3,44410,24,3
474,OAP,Roadside,R,OAP-R,C,48,10,Filter,C_10,Filter_C,2,8,0.8,Seed4Date,44386,44389,0,1,3,44410,24,3
475,OAP,Roadside,R,OAP-R,C,48,10,Filter,C_10,Filter_C,2,8,0.8,Seed5Date,44386,44389,0,1,3,44410,24,3
476,OAP,Roadside,R,OAP-R,C,48,10,Filter,C_10,Filter_C,2,8,0.8,Seed6Date,44386,44393,0,1,7,44410,24,7
477,OAP,Roadside,R,OAP-R,C,48,10,Filter,C_10,Filter_C,2,8,0.8,Seed7Date,44386,44396,0,1,10,44410,24,10
478,OAP,Roadside,R,OAP-R,C,48,10,Filter,C_10,Filter_C,2,8,0.8,Seed8Date,44386,44397,0,1,11,44410,24,11
479,OAP,Roadside,R,OAP-R,C,48,10,Filter,C_10,Filter_C,2,8,0.8,Seed9Date,44386,,1,0,-44386,44410,24,24
480,OAP,Roadside,R,OAP-R,C,48,10,Filter,C_10,Filter_C,2,8,0.8,Seed10Date,44386,,1,0,-44386,44410,24,24
481,OAP,Roadside,R,OAP-R,D,49,10,Filter,D_10,Filter_D,5,5,0.5,Seed1Date,44386,44388,0,1,2,44410,24,2
482,OAP,Roadside,R,OAP-R,D,49,10,Filter,D_10,Filter_D,5,5,0.5,Seed2Date,44386,44389,0,1,3,44410,24,3
483,OAP,Roadside,R,OAP-R,D,49,10,Filter,D_10,Filter_D,5,5,0.5,Seed3Date,44386,44389,0,1,3,44410,24,3
484,OAP,Roadside,R,OAP-R,D,49,10,Filter,D_10,Filter_D,5,5,0.5,Seed4Date,44386,44391,0,1,5,44410,24,5
485,OAP,Roadside,R,OAP-R,D,49,10,Filter,D_10,Filter_D,5,5,0.5,Seed5Date,44386,44392,0,1,6,44410,24,6
486,OAP,Roadside,R,OAP-R,D,49,10,Filter,D_10,Filter_D,5,5,0.5,Seed6Date,44386,44402,0,1,16,44410,24,16
487,OAP,Roadside,R,OAP-R,D,49,10,Filter,D_10,Filter_D,5,5,0.5,Seed7Date,44386,44404,0,1,18,44410,24,18
488,OAP,Roadside,R,OAP-R,D,49,10,Filter,D_10,Filter_D,5,5,0.5,Seed8Date,44386,,1,0,-44386,44410,24,24
489,OAP,Roadside,R,OAP-R,D,49,10,Filter,D_10,Filter_D,5,5,0.5,Seed9Date,44386,,1,0,-44386,44410,24,24
490,OAP,Roadside,R,OAP-R,D,49,10,Filter,D_10,Filter_D,5,5,0.5,Seed10Date,44386,,1,0,-44386,44410,24,24
491,OAP,Roadside,R,OAP-R,E,50,10,Filter,E_10,Filter_E,3,7,0.7,Seed1Date,44386,44389,0,1,3,44410,24,3
492,OAP,Roadside,R,OAP-R,E,50,10,Filter,E_10,Filter_E,3,7,0.7,Seed2Date,44386,44389,0,1,3,44410,24,3
493,OAP,Roadside,R,OAP-R,E,50,10,Filter,E_10,Filter_E,3,7,0.7,Seed3Date,44386,44389,0,1,3,44410,24,3
494,OAP,Roadside,R,OAP-R,E,50,10,Filter,E_10,Filter_E,3,7,0.7,Seed4Date,44386,44389,0,1,3,44410,24,3
495,OAP,Roadside,R,OAP-R,E,50,10,Filter,E_10,Filter_E,3,7,0.7,Seed5Date,44386,44392,0,1,6,44410,24,6
496,OAP,Roadside,R,OAP-R,E,50,10,Filter,E_10,Filter_E,3,7,0.7,Seed6Date,44386,44395,0,1,9,44410,24,9
497,OAP,Roadside,R,OAP-R,E,50,10,Filter,E_10,Filter_E,3,7,0.7,Seed7Date,44386,44397,0,1,11,44410,24,11
498,OAP,Roadside,R,OAP-R,E,50,10,Filter,E_10,Filter_E,3,7,0.7,Seed8Date,44386,44400,0,1,14,44410,24,14
499,OAP,Roadside,R,OAP-R,E,50,10,Filter,E_10,Filter_E,3,7,0.7,Seed9Date,44386,44405,0,1,19,44410,24,19
500,OAP,Roadside,R,OAP-R,E,50,10,Filter,E_10,Filter_E,3,7,0.7,Seed10Date,44386,44409,0,1,23,44410,24,23
501,PAR,Off-road,O,PAR-O,A,51,11,Filter,A_11,Filter_A,6,4,0.4,Seed1Date,44386,44388,0,1,2,44410,24,2
502,PAR,Off-road,O,PAR-O,A,51,11,Filter,A_11,Filter_A,6,4,0.4,Seed2Date,44386,44389,0,1,3,44410,24,3
503,PAR,Off-road,O,PAR-O,A,51,11,Filter,A_11,Filter_A,6,4,0.4,Seed3Date,44386,44390,0,1,4,44410,24,4
504,PAR,Off-road,O,PAR-O,A,51,11,Filter,A_11,Filter_A,6,4,0.4,Seed4Date,44386,44390,0,1,4,44410,24,4
505,PAR,Off-road,O,PAR-O,A,51,11,Filter,A_11,Filter_A,6,4,0.4,Seed5Date,44386,44405,0,1,19,44410,24,19
506,PAR,Off-road,O,PAR-O,A,51,11,Filter,A_11,Filter_A,6,4,0.4,Seed6Date,44386,,1,0,-44386,44410,24,24
507,PAR,Off-road,O,PAR-O,A,51,11,Filter,A_11,Filter_A,6,4,0.4,Seed7Date,44386,,1,0,-44386,44410,24,24
508,PAR,Off-road,O,PAR-O,A,51,11,Filter,A_11,Filter_A,6,4,0.4,Seed8Date,44386,,1,0,-44386,44410,24,24
509,PAR,Off-road,O,PAR-O,A,51,11,Filter,A_11,Filter_A,6,4,0.4,Seed9Date,44386,,1,0,-44386,44410,24,24
510,PAR,Off-road,O,PAR-O,A,51,11,Filter,A_11,Filter_A,6,4,0.4,Seed10Date,44386,,1,0,-44386,44410,24,24
511,PAR,Off-road,O,PAR-O,B,52,11,Filter,B_11,Filter_B,2,8,0.8,Seed1Date,44386,44388,0,1,2,44410,24,2
512,PAR,Off-road,O,PAR-O,B,52,11,Filter,B_11,Filter_B,2,8,0.8,Seed2Date,44386,44389,0,1,3,44410,24,3
513,PAR,Off-road,O,PAR-O,B,52,11,Filter,B_11,Filter_B,2,8,0.8,Seed3Date,44386,44389,0,1,3,44410,24,3
514,PAR,Off-road,O,PAR-O,B,52,11,Filter,B_11,Filter_B,2,8,0.8,Seed4Date,44386,44393,0,1,7,44410,24,7
515,PAR,Off-road,O,PAR-O,B,52,11,Filter,B_11,Filter_B,2,8,0.8,Seed5Date,44386,44393,0,1,7,44410,24,7
516,PAR,Off-road,O,PAR-O,B,52,11,Filter,B_11,Filter_B,2,8,0.8,Seed6Date,44386,44394,0,1,8,44410,24,8
517,PAR,Off-road,O,PAR-O,B,52,11,Filter,B_11,Filter_B,2,8,0.8,Seed7Date,44386,44394,0,1,8,44410,24,8
518,PAR,Off-road,O,PAR-O,B,52,11,Filter,B_11,Filter_B,2,8,0.8,Seed8Date,44386,44394,0,1,8,44410,24,8
519,PAR,Off-road,O,PAR-O,B,52,11,Filter,B_11,Filter_B,2,8,0.8,Seed9Date,44386,44407,0,1,21,44410,24,21
520,PAR,Off-road,O,PAR-O,B,52,11,Filter,B_11,Filter_B,2,8,0.8,Seed10Date,44386,,1,0,-44386,44410,24,24
521,PAR,Off-road,O,PAR-O,C,53,11,Filter,C_11,Filter_C,7,3,0.3,Seed1Date,44386,44389,0,1,3,44410,24,3
522,PAR,Off-road,O,PAR-O,C,53,11,Filter,C_11,Filter_C,7,3,0.3,Seed2Date,44386,44389,0,1,3,44410,24,3
523,PAR,Off-road,O,PAR-O,C,53,11,Filter,C_11,Filter_C,7,3,0.3,Seed3Date,44386,44392,0,1,6,44410,24,6
524,PAR,Off-road,O,PAR-O,C,53,11,Filter,C_11,Filter_C,7,3,0.3,Seed4Date,44386,,1,0,-44386,44410,24,24
525,PAR,Off-road,O,PAR-O,C,53,11,Filter,C_11,Filter_C,7,3,0.3,Seed5Date,44386,,1,0,-44386,44410,24,24
526,PAR,Off-road,O,PAR-O,C,53,11,Filter,C_11,Filter_C,7,3,0.3,Seed6Date,44386,,1,0,-44386,44410,24,24
527,PAR,Off-road,O,PAR-O,C,53,11,Filter,C_11,Filter_C,7,3,0.3,Seed7Date,44386,,1,0,-44386,44410,24,24
528,PAR,Off-road,O,PAR-O,C,53,11,Filter,C_11,Filter_C,7,3,0.3,Seed8Date,44386,,1,0,-44386,44410,24,24
529,PAR,Off-road,O,PAR-O,C,53,11,Filter,C_11,Filter_C,7,3,0.3,Seed9Date,44386,,1,0,-44386,44410,24,24
530,PAR,Off-road,O,PAR-O,C,53,11,Filter,C_11,Filter_C,7,3,0.3,Seed10Date,44386,,1,0,-44386,44410,24,24
531,PAR,Off-road,O,PAR-O,D,54,11,Filter,D_11,Filter_D,5,5,0.5,Seed1Date,44386,44388,0,1,2,44410,24,2
532,PAR,Off-road,O,PAR-O,D,54,11,Filter,D_11,Filter_D,5,5,0.5,Seed2Date,44386,44390,0,1,4,44410,24,4
533,PAR,Off-road,O,PAR-O,D,54,11,Filter,D_11,Filter_D,5,5,0.5,Seed3Date,44386,44392,0,1,6,44410,24,6
534,PAR,Off-road,O,PAR-O,D,54,11,Filter,D_11,Filter_D,5,5,0.5,Seed4Date,44386,44395,0,1,9,44410,24,9
535,PAR,Off-road,O,PAR-O,D,54,11,Filter,D_11,Filter_D,5,5,0.5,Seed5Date,44386,44398,0,1,12,44410,24,12
536,PAR,Off-road,O,PAR-O,D,54,11,Filter,D_11,Filter_D,5,5,0.5,Seed6Date,44386,44399,0,1,13,44410,24,13
537,PAR,Off-road,O,PAR-O,D,54,11,Filter,D_11,Filter_D,5,5,0.5,Seed7Date,44386,44404,0,1,18,44410,24,18
538,PAR,Off-road,O,PAR-O,D,54,11,Filter,D_11,Filter_D,5,5,0.5,Seed8Date,44386,,1,0,-44386,44410,24,24
539,PAR,Off-road,O,PAR-O,D,54,11,Filter,D_11,Filter_D,5,5,0.5,Seed9Date,44386,,1,0,-44386,44410,24,24
540,PAR,Off-road,O,PAR-O,D,54,11,Filter,D_11,Filter_D,5,5,0.5,Seed10Date,44386,,1,0,-44386,44410,24,24
541,PAR,Off-road,O,PAR-O,E,55,11,Filter,E_11,Filter_E,2,8,0.8,Seed1Date,44386,44388,0,1,2,44410,24,2
542,PAR,Off-road,O,PAR-O,E,55,11,Filter,E_11,Filter_E,2,8,0.8,Seed2Date,44386,44391,0,1,5,44410,24,5
543,PAR,Off-road,O,PAR-O,E,55,11,Filter,E_11,Filter_E,2,8,0.8,Seed3Date,44386,44392,0,1,6,44410,24,6
544,PAR,Off-road,O,PAR-O,E,55,11,Filter,E_11,Filter_E,2,8,0.8,Seed4Date,44386,44392,0,1,6,44410,24,6
545,PAR,Off-road,O,PAR-O,E,55,11,Filter,E_11,Filter_E,2,8,0.8,Seed5Date,44386,44392,0,1,6,44410,24,6
546,PAR,Off-road,O,PAR-O,E,55,11,Filter,E_11,Filter_E,2,8,0.8,Seed6Date,44386,44393,0,1,7,44410,24,7
547,PAR,Off-road,O,PAR-O,E,55,11,Filter,E_11,Filter_E,2,8,0.8,Seed7Date,44386,44394,0,1,8,44410,24,8
548,PAR,Off-road,O,PAR-O,E,55,11,Filter,E_11,Filter_E,2,8,0.8,Seed8Date,44386,44395,0,1,9,44410,24,9
549,PAR,Off-road,O,PAR-O,E,55,11,Filter,E_11,Filter_E,2,8,0.8,Seed9Date,44386,,1,0,-44386,44410,24,24
550,PAR,Off-road,O,PAR-O,E,55,11,Filter,E_11,Filter_E,2,8,0.8,Seed10Date,44386,,1,0,-44386,44410,24,24
551,PAR,Roadside,R,PAR-R,A,56,12,Filter,A_12,Filter_A,0,10,1,Seed1Date,44386,44388,0,1,2,44410,24,2
552,PAR,Roadside,R,PAR-R,A,56,12,Filter,A_12,Filter_A,0,10,1,Seed2Date,44386,44389,0,1,3,44410,24,3
553,PAR,Roadside,R,PAR-R,A,56,12,Filter,A_12,Filter_A,0,10,1,Seed3Date,44386,44389,0,1,3,44410,24,3
554,PAR,Roadside,R,PAR-R,A,56,12,Filter,A_12,Filter_A,0,10,1,Seed4Date,44386,44389,0,1,3,44410,24,3
555,PAR,Roadside,R,PAR-R,A,56,12,Filter,A_12,Filter_A,0,10,1,Seed5Date,44386,44389,0,1,3,44410,24,3
556,PAR,Roadside,R,PAR-R,A,56,12,Filter,A_12,Filter_A,0,10,1,Seed6Date,44386,44390,0,1,4,44410,24,4
557,PAR,Roadside,R,PAR-R,A,56,12,Filter,A_12,Filter_A,0,10,1,Seed7Date,44386,44392,0,1,6,44410,24,6
558,PAR,Roadside,R,PAR-R,A,56,12,Filter,A_12,Filter_A,0,10,1,Seed8Date,44386,44396,0,1,10,44410,24,10
559,PAR,Roadside,R,PAR-R,A,56,12,Filter,A_12,Filter_A,0,10,1,Seed9Date,44386,44398,0,1,12,44410,24,12
560,PAR,Roadside,R,PAR-R,A,56,12,Filter,A_12,Filter_A,0,10,1,Seed10Date,44386,44398,0,1,12,44410,24,12
561,PAR,Roadside,R,PAR-R,B,57,12,Filter,B_12,Filter_B,2,8,0.8,Seed1Date,44386,44389,0,1,3,44410,24,3
562,PAR,Roadside,R,PAR-R,B,57,12,Filter,B_12,Filter_B,2,8,0.8,Seed2Date,44386,44389,0,1,3,44410,24,3
563,PAR,Roadside,R,PAR-R,B,57,12,Filter,B_12,Filter_B,2,8,0.8,Seed3Date,44386,44389,0,1,3,44410,24,3
564,PAR,Roadside,R,PAR-R,B,57,12,Filter,B_12,Filter_B,2,8,0.8,Seed4Date,44386,44389,0,1,3,44410,24,3
565,PAR,Roadside,R,PAR-R,B,57,12,Filter,B_12,Filter_B,2,8,0.8,Seed5Date,44386,44389,0,1,3,44410,24,3
566,PAR,Roadside,R,PAR-R,B,57,12,Filter,B_12,Filter_B,2,8,0.8,Seed6Date,44386,44389,0,1,3,44410,24,3
567,PAR,Roadside,R,PAR-R,B,57,12,Filter,B_12,Filter_B,2,8,0.8,Seed7Date,44386,44390,0,1,4,44410,24,4
568,PAR,Roadside,R,PAR-R,B,57,12,Filter,B_12,Filter_B,2,8,0.8,Seed8Date,44386,44398,0,1,12,44410,24,12
569,PAR,Roadside,R,PAR-R,B,57,12,Filter,B_12,Filter_B,2,8,0.8,Seed9Date,44386,,1,0,-44386,44410,24,24
570,PAR,Roadside,R,PAR-R,B,57,12,Filter,B_12,Filter_B,2,8,0.8,Seed10Date,44386,,1,0,-44386,44410,24,24
571,PAR,Roadside,R,PAR-R,C,58,12,Filter,C_12,Filter_C,1,9,0.9,Seed1Date,44386,44388,0,1,2,44410,24,2
572,PAR,Roadside,R,PAR-R,C,58,12,Filter,C_12,Filter_C,1,9,0.9,Seed2Date,44386,44388,0,1,2,44410,24,2
573,PAR,Roadside,R,PAR-R,C,58,12,Filter,C_12,Filter_C,1,9,0.9,Seed3Date,44386,44388,0,1,2,44410,24,2
574,PAR,Roadside,R,PAR-R,C,58,12,Filter,C_12,Filter_C,1,9,0.9,Seed4Date,44386,44389,0,1,3,44410,24,3
575,PAR,Roadside,R,PAR-R,C,58,12,Filter,C_12,Filter_C,1,9,0.9,Seed5Date,44386,44389,0,1,3,44410,24,3
576,PAR,Roadside,R,PAR-R,C,58,12,Filter,C_12,Filter_C,1,9,0.9,Seed6Date,44386,44389,0,1,3,44410,24,3
577,PAR,Roadside,R,PAR-R,C,58,12,Filter,C_12,Filter_C,1,9,0.9,Seed7Date,44386,44389,0,1,3,44410,24,3
578,PAR,Roadside,R,PAR-R,C,58,12,Filter,C_12,Filter_C,1,9,0.9,Seed8Date,44386,44389,0,1,3,44410,24,3
579,PAR,Roadside,R,PAR-R,C,58,12,Filter,C_12,Filter_C,1,9,0.9,Seed9Date,44386,44390,0,1,4,44410,24,4
580,PAR,Roadside,R,PAR-R,C,58,12,Filter,C_12,Filter_C,1,9,0.9,Seed10Date,44386,,1,0,-44386,44410,24,24
581,PAR,Roadside,R,PAR-R,D,59,12,Filter,D_12,Filter_D,2,8,0.8,Seed1Date,44386,44389,0,1,3,44410,24,3
582,PAR,Roadside,R,PAR-R,D,59,12,Filter,D_12,Filter_D,2,8,0.8,Seed2Date,44386,44389,0,1,3,44410,24,3
583,PAR,Roadside,R,PAR-R,D,59,12,Filter,D_12,Filter_D,2,8,0.8,Seed3Date,44386,44389,0,1,3,44410,24,3
584,PAR,Roadside,R,PAR-R,D,59,12,Filter,D_12,Filter_D,2,8,0.8,Seed4Date,44386,44389,0,1,3,44410,24,3
585,PAR,Roadside,R,PAR-R,D,59,12,Filter,D_12,Filter_D,2,8,0.8,Seed5Date,44386,44389,0,1,3,44410,24,3
586,PAR,Roadside,R,PAR-R,D,59,12,Filter,D_12,Filter_D,2,8,0.8,Seed6Date,44386,44392,0,1,6,44410,24,6
587,PAR,Roadside,R,PAR-R,D,59,12,Filter,D_12,Filter_D,2,8,0.8,Seed7Date,44386,44393,0,1,7,44410,24,7
588,PAR,Roadside,R,PAR-R,D,59,12,Filter,D_12,Filter_D,2,8,0.8,Seed8Date,44386,44398,0,1,12,44410,24,12
589,PAR,Roadside,R,PAR-R,D,59,12,Filter,D_12,Filter_D,2,8,0.8,Seed9Date,44386,44402,0,1,16,44410,24,16
590,PAR,Roadside,R,PAR-R,D,59,12,Filter,D_12,Filter_D,2,8,0.8,Seed10Date,44386,,1,0,-44386,44410,24,24
591,PAR,Roadside,R,PAR-R,E,60,12,Filter,E_12,Filter_E,0,10,1,Seed1Date,44386,44388,0,1,2,44410,24,2
592,PAR,Roadside,R,PAR-R,E,60,12,Filter,E_12,Filter_E,0,10,1,Seed2Date,44386,44389,0,1,3,44410,24,3
593,PAR,Roadside,R,PAR-R,E,60,12,Filter,E_12,Filter_E,0,10,1,Seed3Date,44386,44389,0,1,3,44410,24,3
594,PAR,Roadside,R,PAR-R,E,60,12,Filter,E_12,Filter_E,0,10,1,Seed4Date,44386,44391,0,1,5,44410,24,5
595,PAR,Roadside,R,PAR-R,E,60,12,Filter,E_12,Filter_E,0,10,1,Seed5Date,44386,44391,0,1,5,44410,24,5
596,PAR,Roadside,R,PAR-R,E,60,12,Filter,E_12,Filter_E,0,10,1,Seed6Date,44386,44391,0,1,5,44410,24,5
597,PAR,Roadside,R,PAR-R,E,60,12,Filter,E_12,Filter_E,0,10,1,Seed7Date,44386,44392,0,1,6,44410,24,6
598,PAR,Roadside,R,PAR-R,E,60,12,Filter,E_12,Filter_E,0,10,1,Seed8Date,44386,44392,0,1,6,44410,24,6
599,PAR,Roadside,R,PAR-R,E,60,12,Filter,E_12,Filter_E,0,10,1,Seed9Date,44386,44392,0,1,6,44410,24,6
600,PAR,Roadside,R,PAR-R,E,60,12,Filter,E_12,Filter_E,0,10,1,Seed10Date,44386,44396,0,1,10,44410,24,10
601,PEN,Off-road,O,PEN-O,A,61,13,Filter,A_13,Filter_A,2,8,0.8,Seed1Date,44386,44388,0,1,2,44410,24,2
602,PEN,Off-road,O,PEN-O,A,61,13,Filter,A_13,Filter_A,2,8,0.8,Seed2Date,44386,44390,0,1,4,44410,24,4
603,PEN,Off-road,O,PEN-O,A,61,13,Filter,A_13,Filter_A,2,8,0.8,Seed3Date,44386,44391,0,1,5,44410,24,5
604,PEN,Off-road,O,PEN-O,A,61,13,Filter,A_13,Filter_A,2,8,0.8,Seed4Date,44386,44391,0,1,5,44410,24,5
605,PEN,Off-road,O,PEN-O,A,61,13,Filter,A_13,Filter_A,2,8,0.8,Seed5Date,44386,44392,0,1,6,44410,24,6
606,PEN,Off-road,O,PEN-O,A,61,13,Filter,A_13,Filter_A,2,8,0.8,Seed6Date,44386,44393,0,1,7,44410,24,7
607,PEN,Off-road,O,PEN-O,A,61,13,Filter,A_13,Filter_A,2,8,0.8,Seed7Date,44386,44393,0,1,7,44410,24,7
608,PEN,Off-road,O,PEN-O,A,61,13,Filter,A_13,Filter_A,2,8,0.8,Seed8Date,44386,44393,0,1,7,44410,24,7
609,PEN,Off-road,O,PEN-O,A,61,13,Filter,A_13,Filter_A,2,8,0.8,Seed9Date,44386,,1,0,-44386,44410,24,24
610,PEN,Off-road,O,PEN-O,A,61,13,Filter,A_13,Filter_A,2,8,0.8,Seed10Date,44386,,1,0,-44386,44410,24,24
611,PEN,Off-road,O,PEN-O,B,62,13,Filter,B_13,Filter_B,4,6,0.6,Seed1Date,44386,44388,0,1,2,44410,24,2
612,PEN,Off-road,O,PEN-O,B,62,13,Filter,B_13,Filter_B,4,6,0.6,Seed2Date,44386,44388,0,1,2,44410,24,2
613,PEN,Off-road,O,PEN-O,B,62,13,Filter,B_13,Filter_B,4,6,0.6,Seed3Date,44386,44388,0,1,2,44410,24,2
614,PEN,Off-road,O,PEN-O,B,62,13,Filter,B_13,Filter_B,4,6,0.6,Seed4Date,44386,44389,0,1,3,44410,24,3
615,PEN,Off-road,O,PEN-O,B,62,13,Filter,B_13,Filter_B,4,6,0.6,Seed5Date,44386,44390,0,1,4,44410,24,4
616,PEN,Off-road,O,PEN-O,B,62,13,Filter,B_13,Filter_B,4,6,0.6,Seed6Date,44386,44393,0,1,7,44410,24,7
617,PEN,Off-road,O,PEN-O,B,62,13,Filter,B_13,Filter_B,4,6,0.6,Seed7Date,44386,44399,0,1,13,44410,24,13
618,PEN,Off-road,O,PEN-O,B,62,13,Filter,B_13,Filter_B,4,6,0.6,Seed8Date,44386,44406,0,1,20,44410,24,20
619,PEN,Off-road,O,PEN-O,B,62,13,Filter,B_13,Filter_B,4,6,0.6,Seed9Date,44386,,1,0,-44386,44410,24,24
620,PEN,Off-road,O,PEN-O,B,62,13,Filter,B_13,Filter_B,4,6,0.6,Seed10Date,44386,,1,0,-44386,44410,24,24
621,PEN,Off-road,O,PEN-O,C,63,13,Filter,C_13,Filter_C,3,7,0.7,Seed1Date,44386,44388,0,1,2,44410,24,2
622,PEN,Off-road,O,PEN-O,C,63,13,Filter,C_13,Filter_C,3,7,0.7,Seed2Date,44386,44389,0,1,3,44410,24,3
623,PEN,Off-road,O,PEN-O,C,63,13,Filter,C_13,Filter_C,3,7,0.7,Seed3Date,44386,44389,0,1,3,44410,24,3
624,PEN,Off-road,O,PEN-O,C,63,13,Filter,C_13,Filter_C,3,7,0.7,Seed4Date,44386,44389,0,1,3,44410,24,3
625,PEN,Off-road,O,PEN-O,C,63,13,Filter,C_13,Filter_C,3,7,0.7,Seed5Date,44386,44389,0,1,3,44410,24,3
626,PEN,Off-road,O,PEN-O,C,63,13,Filter,C_13,Filter_C,3,7,0.7,Seed6Date,44386,44390,0,1,4,44410,24,4
627,PEN,Off-road,O,PEN-O,C,63,13,Filter,C_13,Filter_C,3,7,0.7,Seed7Date,44386,44390,0,1,4,44410,24,4
628,PEN,Off-road,O,PEN-O,C,63,13,Filter,C_13,Filter_C,3,7,0.7,Seed8Date,44386,,1,0,-44386,44410,24,24
629,PEN,Off-road,O,PEN-O,C,63,13,Filter,C_13,Filter_C,3,7,0.7,Seed9Date,44386,,1,0,-44386,44410,24,24
630,PEN,Off-road,O,PEN-O,C,63,13,Filter,C_13,Filter_C,3,7,0.7,Seed10Date,44386,,1,0,-44386,44410,24,24
631,PEN,Off-road,O,PEN-O,D,64,13,Filter,D_13,Filter_D,3,7,0.7,Seed1Date,44386,44388,0,1,2,44410,24,2
632,PEN,Off-road,O,PEN-O,D,64,13,Filter,D_13,Filter_D,3,7,0.7,Seed2Date,44386,44388,0,1,2,44410,24,2
633,PEN,Off-road,O,PEN-O,D,64,13,Filter,D_13,Filter_D,3,7,0.7,Seed3Date,44386,44389,0,1,3,44410,24,3
634,PEN,Off-road,O,PEN-O,D,64,13,Filter,D_13,Filter_D,3,7,0.7,Seed4Date,44386,44389,0,1,3,44410,24,3
635,PEN,Off-road,O,PEN-O,D,64,13,Filter,D_13,Filter_D,3,7,0.7,Seed5Date,44386,44390,0,1,4,44410,24,4
636,PEN,Off-road,O,PEN-O,D,64,13,Filter,D_13,Filter_D,3,7,0.7,Seed6Date,44386,44392,0,1,6,44410,24,6
637,PEN,Off-road,O,PEN-O,D,64,13,Filter,D_13,Filter_D,3,7,0.7,Seed7Date,44386,44395,0,1,9,44410,24,9
638,PEN,Off-road,O,PEN-O,D,64,13,Filter,D_13,Filter_D,3,7,0.7,Seed8Date,44386,,1,0,-44386,44410,24,24
639,PEN,Off-road,O,PEN-O,D,64,13,Filter,D_13,Filter_D,3,7,0.7,Seed9Date,44386,,1,0,-44386,44410,24,24
640,PEN,Off-road,O,PEN-O,D,64,13,Filter,D_13,Filter_D,3,7,0.7,Seed10Date,44386,,1,0,-44386,44410,24,24
641,PEN,Off-road,O,PEN-O,E,65,13,Filter,E_13,Filter_E,1,9,0.9,Seed1Date,44386,44388,0,1,2,44410,24,2
642,PEN,Off-road,O,PEN-O,E,65,13,Filter,E_13,Filter_E,1,9,0.9,Seed2Date,44386,44389,0,1,3,44410,24,3
643,PEN,Off-road,O,PEN-O,E,65,13,Filter,E_13,Filter_E,1,9,0.9,Seed3Date,44386,44389,0,1,3,44410,24,3
644,PEN,Off-road,O,PEN-O,E,65,13,Filter,E_13,Filter_E,1,9,0.9,Seed4Date,44386,44389,0,1,3,44410,24,3
645,PEN,Off-road,O,PEN-O,E,65,13,Filter,E_13,Filter_E,1,9,0.9,Seed5Date,44386,44390,0,1,4,44410,24,4
646,PEN,Off-road,O,PEN-O,E,65,13,Filter,E_13,Filter_E,1,9,0.9,Seed6Date,44386,44391,0,1,5,44410,24,5
647,PEN,Off-road,O,PEN-O,E,65,13,Filter,E_13,Filter_E,1,9,0.9,Seed7Date,44386,44393,0,1,7,44410,24,7
648,PEN,Off-road,O,PEN-O,E,65,13,Filter,E_13,Filter_E,1,9,0.9,Seed8Date,44386,44393,0,1,7,44410,24,7
649,PEN,Off-road,O,PEN-O,E,65,13,Filter,E_13,Filter_E,1,9,0.9,Seed9Date,44386,44395,0,1,9,44410,24,9
650,PEN,Off-road,O,PEN-O,E,65,13,Filter,E_13,Filter_E,1,9,0.9,Seed10Date,44386,,1,0,-44386,44410,24,24
651,PEN,Roadside,R,PEN-R,A,66,14,Filter,A_14,Filter_A,0,10,1,Seed1Date,44386,44388,0,1,2,44410,24,2
652,PEN,Roadside,R,PEN-R,A,66,14,Filter,A_14,Filter_A,0,10,1,Seed2Date,44386,44388,0,1,2,44410,24,2
653,PEN,Roadside,R,PEN-R,A,66,14,Filter,A_14,Filter_A,0,10,1,Seed3Date,44386,44388,0,1,2,44410,24,2
654,PEN,Roadside,R,PEN-R,A,66,14,Filter,A_14,Filter_A,0,10,1,Seed4Date,44386,44388,0,1,2,44410,24,2
655,PEN,Roadside,R,PEN-R,A,66,14,Filter,A_14,Filter_A,0,10,1,Seed5Date,44386,44389,0,1,3,44410,24,3
656,PEN,Roadside,R,PEN-R,A,66,14,Filter,A_14,Filter_A,0,10,1,Seed6Date,44386,44389,0,1,3,44410,24,3
657,PEN,Roadside,R,PEN-R,A,66,14,Filter,A_14,Filter_A,0,10,1,Seed7Date,44386,44393,0,1,7,44410,24,7
658,PEN,Roadside,R,PEN-R,A,66,14,Filter,A_14,Filter_A,0,10,1,Seed8Date,44386,44393,0,1,7,44410,24,7
659,PEN,Roadside,R,PEN-R,A,66,14,Filter,A_14,Filter_A,0,10,1,Seed9Date,44386,44394,0,1,8,44410,24,8
660,PEN,Roadside,R,PEN-R,A,66,14,Filter,A_14,Filter_A,0,10,1,Seed10Date,44386,44396,0,1,10,44410,24,10
661,PEN,Roadside,R,PEN-R,B,67,14,Filter,B_14,Filter_B,1,9,0.9,Seed1Date,44386,44388,0,1,2,44410,24,2
662,PEN,Roadside,R,PEN-R,B,67,14,Filter,B_14,Filter_B,1,9,0.9,Seed2Date,44386,44388,0,1,2,44410,24,2
663,PEN,Roadside,R,PEN-R,B,67,14,Filter,B_14,Filter_B,1,9,0.9,Seed3Date,44386,44389,0,1,3,44410,24,3
664,PEN,Roadside,R,PEN-R,B,67,14,Filter,B_14,Filter_B,1,9,0.9,Seed4Date,44386,44389,0,1,3,44410,24,3
665,PEN,Roadside,R,PEN-R,B,67,14,Filter,B_14,Filter_B,1,9,0.9,Seed5Date,44386,44389,0,1,3,44410,24,3
666,PEN,Roadside,R,PEN-R,B,67,14,Filter,B_14,Filter_B,1,9,0.9,Seed6Date,44386,44389,0,1,3,44410,24,3
667,PEN,Roadside,R,PEN-R,B,67,14,Filter,B_14,Filter_B,1,9,0.9,Seed7Date,44386,44389,0,1,3,44410,24,3
668,PEN,Roadside,R,PEN-R,B,67,14,Filter,B_14,Filter_B,1,9,0.9,Seed8Date,44386,44396,0,1,10,44410,24,10
669,PEN,Roadside,R,PEN-R,B,67,14,Filter,B_14,Filter_B,1,9,0.9,Seed9Date,44386,44398,0,1,12,44410,24,12
670,PEN,Roadside,R,PEN-R,B,67,14,Filter,B_14,Filter_B,1,9,0.9,Seed10Date,44386,44401,0,1,15,44410,24,15
671,PEN,Roadside,R,PEN-R,C,68,14,Filter,C_14,Filter_C,4,6,0.6,Seed1Date,44386,44389,0,1,3,44410,24,3
672,PEN,Roadside,R,PEN-R,C,68,14,Filter,C_14,Filter_C,4,6,0.6,Seed2Date,44386,44389,0,1,3,44410,24,3
673,PEN,Roadside,R,PEN-R,C,68,14,Filter,C_14,Filter_C,4,6,0.6,Seed3Date,44386,44389,0,1,3,44410,24,3
674,PEN,Roadside,R,PEN-R,C,68,14,Filter,C_14,Filter_C,4,6,0.6,Seed4Date,44386,44392,0,1,6,44410,24,6
675,PEN,Roadside,R,PEN-R,C,68,14,Filter,C_14,Filter_C,4,6,0.6,Seed5Date,44386,44392,0,1,6,44410,24,6
676,PEN,Roadside,R,PEN-R,C,68,14,Filter,C_14,Filter_C,4,6,0.6,Seed6Date,44386,44392,0,1,6,44410,24,6
677,PEN,Roadside,R,PEN-R,C,68,14,Filter,C_14,Filter_C,4,6,0.6,Seed7Date,44386,44409,0,1,23,44410,24,23
678,PEN,Roadside,R,PEN-R,C,68,14,Filter,C_14,Filter_C,4,6,0.6,Seed8Date,44386,,1,0,-44386,44410,24,24
679,PEN,Roadside,R,PEN-R,C,68,14,Filter,C_14,Filter_C,4,6,0.6,Seed9Date,44386,,1,0,-44386,44410,24,24
680,PEN,Roadside,R,PEN-R,C,68,14,Filter,C_14,Filter_C,4,6,0.6,Seed10Date,44386,,1,0,-44386,44410,24,24
681,PEN,Roadside,R,PEN-R,D,69,14,Filter,D_14,Filter_D,3,7,0.7,Seed1Date,44386,44388,0,1,2,44410,24,2
682,PEN,Roadside,R,PEN-R,D,69,14,Filter,D_14,Filter_D,3,7,0.7,Seed2Date,44386,44389,0,1,3,44410,24,3
683,PEN,Roadside,R,PEN-R,D,69,14,Filter,D_14,Filter_D,3,7,0.7,Seed3Date,44386,44389,0,1,3,44410,24,3
684,PEN,Roadside,R,PEN-R,D,69,14,Filter,D_14,Filter_D,3,7,0.7,Seed4Date,44386,44389,0,1,3,44410,24,3
685,PEN,Roadside,R,PEN-R,D,69,14,Filter,D_14,Filter_D,3,7,0.7,Seed5Date,44386,44389,0,1,3,44410,24,3
686,PEN,Roadside,R,PEN-R,D,69,14,Filter,D_14,Filter_D,3,7,0.7,Seed6Date,44386,44391,0,1,5,44410,24,5
687,PEN,Roadside,R,PEN-R,D,69,14,Filter,D_14,Filter_D,3,7,0.7,Seed7Date,44386,44397,0,1,11,44410,24,11
688,PEN,Roadside,R,PEN-R,D,69,14,Filter,D_14,Filter_D,3,7,0.7,Seed8Date,44386,,1,0,-44386,44410,24,24
689,PEN,Roadside,R,PEN-R,D,69,14,Filter,D_14,Filter_D,3,7,0.7,Seed9Date,44386,,1,0,-44386,44410,24,24
690,PEN,Roadside,R,PEN-R,D,69,14,Filter,D_14,Filter_D,3,7,0.7,Seed10Date,44386,,1,0,-44386,44410,24,24
691,PEN,Roadside,R,PEN-R,E,70,14,Filter,E_14,Filter_E,0,10,1,Seed1Date,44386,44388,0,1,2,44410,24,2
692,PEN,Roadside,R,PEN-R,E,70,14,Filter,E_14,Filter_E,0,10,1,Seed2Date,44386,44389,0,1,3,44410,24,3
693,PEN,Roadside,R,PEN-R,E,70,14,Filter,E_14,Filter_E,0,10,1,Seed3Date,44386,44389,0,1,3,44410,24,3
694,PEN,Roadside,R,PEN-R,E,70,14,Filter,E_14,Filter_E,0,10,1,Seed4Date,44386,44389,0,1,3,44410,24,3
695,PEN,Roadside,R,PEN-R,E,70,14,Filter,E_14,Filter_E,0,10,1,Seed5Date,44386,44390,0,1,4,44410,24,4
696,PEN,Roadside,R,PEN-R,E,70,14,Filter,E_14,Filter_E,0,10,1,Seed6Date,44386,44390,0,1,4,44410,24,4
697,PEN,Roadside,R,PEN-R,E,70,14,Filter,E_14,Filter_E,0,10,1,Seed7Date,44386,44392,0,1,6,44410,24,6
698,PEN,Roadside,R,PEN-R,E,70,14,Filter,E_14,Filter_E,0,10,1,Seed8Date,44386,44392,0,1,6,44410,24,6
699,PEN,Roadside,R,PEN-R,E,70,14,Filter,E_14,Filter_E,0,10,1,Seed9Date,44386,44392,0,1,6,44410,24,6
700,PEN,Roadside,R,PEN-R,E,70,14,Filter,E_14,Filter_E,0,10,1,Seed10Date,44386,44395,0,1,9,44410,24,9
701,SSJ,Off-road,O,SSJ-O,A,71,15,Filter,A_15,Filter_A,6,4,0.4,Seed1Date,44386,44389,0,1,3,44410,24,3
702,SSJ,Off-road,O,SSJ-O,A,71,15,Filter,A_15,Filter_A,6,4,0.4,Seed2Date,44386,44390,0,1,4,44410,24,4
703,SSJ,Off-road,O,SSJ-O,A,71,15,Filter,A_15,Filter_A,6,4,0.4,Seed3Date,44386,44391,0,1,5,44410,24,5
704,SSJ,Off-road,O,SSJ-O,A,71,15,Filter,A_15,Filter_A,6,4,0.4,Seed4Date,44386,44395,0,1,9,44410,24,9
705,SSJ,Off-road,O,SSJ-O,A,71,15,Filter,A_15,Filter_A,6,4,0.4,Seed5Date,44386,44407,0,1,21,44410,24,21
706,SSJ,Off-road,O,SSJ-O,A,71,15,Filter,A_15,Filter_A,6,4,0.4,Seed6Date,44386,,1,0,-44386,44410,24,24
707,SSJ,Off-road,O,SSJ-O,A,71,15,Filter,A_15,Filter_A,6,4,0.4,Seed7Date,44386,,1,0,-44386,44410,24,24
708,SSJ,Off-road,O,SSJ-O,A,71,15,Filter,A_15,Filter_A,6,4,0.4,Seed8Date,44386,,1,0,-44386,44410,24,24
709,SSJ,Off-road,O,SSJ-O,A,71,15,Filter,A_15,Filter_A,6,4,0.4,Seed9Date,44386,,1,0,-44386,44410,24,24
710,SSJ,Off-road,O,SSJ-O,A,71,15,Filter,A_15,Filter_A,6,4,0.4,Seed10Date,44386,,1,0,-44386,44410,24,24
711,SSJ,Off-road,O,SSJ-O,B,72,15,Filter,B_15,Filter_B,4,6,0.6,Seed1Date,44386,44388,0,1,2,44410,24,2
712,SSJ,Off-road,O,SSJ-O,B,72,15,Filter,B_15,Filter_B,4,6,0.6,Seed2Date,44386,44391,0,1,5,44410,24,5
713,SSJ,Off-road,O,SSJ-O,B,72,15,Filter,B_15,Filter_B,4,6,0.6,Seed3Date,44386,44392,0,1,6,44410,24,6
714,SSJ,Off-road,O,SSJ-O,B,72,15,Filter,B_15,Filter_B,4,6,0.6,Seed4Date,44386,44395,0,1,9,44410,24,9
715,SSJ,Off-road,O,SSJ-O,B,72,15,Filter,B_15,Filter_B,4,6,0.6,Seed5Date,44386,44397,0,1,11,44410,24,11
716,SSJ,Off-road,O,SSJ-O,B,72,15,Filter,B_15,Filter_B,4,6,0.6,Seed6Date,44386,44398,0,1,12,44410,24,12
717,SSJ,Off-road,O,SSJ-O,B,72,15,Filter,B_15,Filter_B,4,6,0.6,Seed7Date,44386,44400,0,1,14,44410,24,14
718,SSJ,Off-road,O,SSJ-O,B,72,15,Filter,B_15,Filter_B,4,6,0.6,Seed8Date,44386,,1,0,-44386,44410,24,24
719,SSJ,Off-road,O,SSJ-O,B,72,15,Filter,B_15,Filter_B,4,6,0.6,Seed9Date,44386,,1,0,-44386,44410,24,24
720,SSJ,Off-road,O,SSJ-O,B,72,15,Filter,B_15,Filter_B,4,6,0.6,Seed10Date,44386,,1,0,-44386,44410,24,24
721,SSJ,Off-road,O,SSJ-O,C,73,15,Filter,C_15,Filter_C,9,1,0.1,Seed1Date,44386,44389,0,1,3,44410,24,3
722,SSJ,Off-road,O,SSJ-O,C,73,15,Filter,C_15,Filter_C,9,1,0.1,Seed2Date,44386,,1,0,-44386,44410,24,24
723,SSJ,Off-road,O,SSJ-O,C,73,15,Filter,C_15,Filter_C,9,1,0.1,Seed3Date,44386,,1,0,-44386,44410,24,24
724,SSJ,Off-road,O,SSJ-O,C,73,15,Filter,C_15,Filter_C,9,1,0.1,Seed4Date,44386,,1,0,-44386,44410,24,24
725,SSJ,Off-road,O,SSJ-O,C,73,15,Filter,C_15,Filter_C,9,1,0.1,Seed5Date,44386,,1,0,-44386,44410,24,24
726,SSJ,Off-road,O,SSJ-O,C,73,15,Filter,C_15,Filter_C,9,1,0.1,Seed6Date,44386,,1,0,-44386,44410,24,24
727,SSJ,Off-road,O,SSJ-O,C,73,15,Filter,C_15,Filter_C,9,1,0.1,Seed7Date,44386,,1,0,-44386,44410,24,24
728,SSJ,Off-road,O,SSJ-O,C,73,15,Filter,C_15,Filter_C,9,1,0.1,Seed8Date,44386,,1,0,-44386,44410,24,24
729,SSJ,Off-road,O,SSJ-O,C,73,15,Filter,C_15,Filter_C,9,1,0.1,Seed9Date,44386,,1,0,-44386,44410,24,24
730,SSJ,Off-road,O,SSJ-O,C,73,15,Filter,C_15,Filter_C,9,1,0.1,Seed10Date,44386,,1,0,-44386,44410,24,24
731,SSJ,Off-road,O,SSJ-O,D,74,15,Filter,D_15,Filter_D,6,4,0.4,Seed1Date,44386,44388,0,1,2,44410,24,2
732,SSJ,Off-road,O,SSJ-O,D,74,15,Filter,D_15,Filter_D,6,4,0.4,Seed2Date,44386,44390,0,1,4,44410,24,4
733,SSJ,Off-road,O,SSJ-O,D,74,15,Filter,D_15,Filter_D,6,4,0.4,Seed3Date,44386,44392,0,1,6,44410,24,6
734,SSJ,Off-road,O,SSJ-O,D,74,15,Filter,D_15,Filter_D,6,4,0.4,Seed4Date,44386,44397,0,1,11,44410,24,11
735,SSJ,Off-road,O,SSJ-O,D,74,15,Filter,D_15,Filter_D,6,4,0.4,Seed5Date,44386,,1,0,-44386,44410,24,24
736,SSJ,Off-road,O,SSJ-O,D,74,15,Filter,D_15,Filter_D,6,4,0.4,Seed6Date,44386,,1,0,-44386,44410,24,24
737,SSJ,Off-road,O,SSJ-O,D,74,15,Filter,D_15,Filter_D,6,4,0.4,Seed7Date,44386,,1,0,-44386,44410,24,24
738,SSJ,Off-road,O,SSJ-O,D,74,15,Filter,D_15,Filter_D,6,4,0.4,Seed8Date,44386,,1,0,-44386,44410,24,24
739,SSJ,Off-road,O,SSJ-O,D,74,15,Filter,D_15,Filter_D,6,4,0.4,Seed9Date,44386,,1,0,-44386,44410,24,24
740,SSJ,Off-road,O,SSJ-O,D,74,15,Filter,D_15,Filter_D,6,4,0.4,Seed10Date,44386,,1,0,-44386,44410,24,24
741,SSJ,Off-road,O,SSJ-O,E,75,15,Filter,E_15,Filter_E,5,5,0.5,Seed1Date,44386,44389,0,1,3,44410,24,3
742,SSJ,Off-road,O,SSJ-O,E,75,15,Filter,E_15,Filter_E,5,5,0.5,Seed2Date,44386,44389,0,1,3,44410,24,3
743,SSJ,Off-road,O,SSJ-O,E,75,15,Filter,E_15,Filter_E,5,5,0.5,Seed3Date,44386,44392,0,1,6,44410,24,6
744,SSJ,Off-road,O,SSJ-O,E,75,15,Filter,E_15,Filter_E,5,5,0.5,Seed4Date,44386,44392,0,1,6,44410,24,6
745,SSJ,Off-road,O,SSJ-O,E,75,15,Filter,E_15,Filter_E,5,5,0.5,Seed5Date,44386,44395,0,1,9,44410,24,9
746,SSJ,Off-road,O,SSJ-O,E,75,15,Filter,E_15,Filter_E,5,5,0.5,Seed6Date,44386,,1,0,-44386,44410,24,24
747,SSJ,Off-road,O,SSJ-O,E,75,15,Filter,E_15,Filter_E,5,5,0.5,Seed7Date,44386,,1,0,-44386,44410,24,24
748,SSJ,Off-road,O,SSJ-O,E,75,15,Filter,E_15,Filter_E,5,5,0.5,Seed8Date,44386,,1,0,-44386,44410,24,24
749,SSJ,Off-road,O,SSJ-O,E,75,15,Filter,E_15,Filter_E,5,5,0.5,Seed9Date,44386,,1,0,-44386,44410,24,24
750,SSJ,Off-road,O,SSJ-O,E,75,15,Filter,E_15,Filter_E,5,5,0.5,Seed10Date,44386,,1,0,-44386,44410,24,24
751,SSJ,Roadside,R,SSJ-R,A,76,16,Filter,A_16,Filter_A,6,4,0.4,Seed1Date,44386,44390,0,1,4,44410,24,4
752,SSJ,Roadside,R,SSJ-R,A,76,16,Filter,A_16,Filter_A,6,4,0.4,Seed2Date,44386,44392,0,1,6,44410,24,6
753,SSJ,Roadside,R,SSJ-R,A,76,16,Filter,A_16,Filter_A,6,4,0.4,Seed3Date,44386,44393,0,1,7,44410,24,7
754,SSJ,Roadside,R,SSJ-R,A,76,16,Filter,A_16,Filter_A,6,4,0.4,Seed4Date,44386,44394,0,1,8,44410,24,8
755,SSJ,Roadside,R,SSJ-R,A,76,16,Filter,A_16,Filter_A,6,4,0.4,Seed5Date,44386,,1,0,-44386,44410,24,24
756,SSJ,Roadside,R,SSJ-R,A,76,16,Filter,A_16,Filter_A,6,4,0.4,Seed6Date,44386,,1,0,-44386,44410,24,24
757,SSJ,Roadside,R,SSJ-R,A,76,16,Filter,A_16,Filter_A,6,4,0.4,Seed7Date,44386,,1,0,-44386,44410,24,24
758,SSJ,Roadside,R,SSJ-R,A,76,16,Filter,A_16,Filter_A,6,4,0.4,Seed8Date,44386,,1,0,-44386,44410,24,24
759,SSJ,Roadside,R,SSJ-R,A,76,16,Filter,A_16,Filter_A,6,4,0.4,Seed9Date,44386,,1,0,-44386,44410,24,24
760,SSJ,Roadside,R,SSJ-R,A,76,16,Filter,A_16,Filter_A,6,4,0.4,Seed10Date,44386,,1,0,-44386,44410,24,24
761,SSJ,Roadside,R,SSJ-R,B,77,16,Filter,B_16,Filter_B,6,4,0.4,Seed1Date,44386,44389,0,1,3,44410,24,3
762,SSJ,Roadside,R,SSJ-R,B,77,16,Filter,B_16,Filter_B,6,4,0.4,Seed2Date,44386,44392,0,1,6,44410,24,6
763,SSJ,Roadside,R,SSJ-R,B,77,16,Filter,B_16,Filter_B,6,4,0.4,Seed3Date,44386,44397,0,1,11,44410,24,11
764,SSJ,Roadside,R,SSJ-R,B,77,16,Filter,B_16,Filter_B,6,4,0.4,Seed4Date,44386,44397,0,1,11,44410,24,11
765,SSJ,Roadside,R,SSJ-R,B,77,16,Filter,B_16,Filter_B,6,4,0.4,Seed5Date,44386,,1,0,-44386,44410,24,24
766,SSJ,Roadside,R,SSJ-R,B,77,16,Filter,B_16,Filter_B,6,4,0.4,Seed6Date,44386,,1,0,-44386,44410,24,24
767,SSJ,Roadside,R,SSJ-R,B,77,16,Filter,B_16,Filter_B,6,4,0.4,Seed7Date,44386,,1,0,-44386,44410,24,24
768,SSJ,Roadside,R,SSJ-R,B,77,16,Filter,B_16,Filter_B,6,4,0.4,Seed8Date,44386,,1,0,-44386,44410,24,24
769,SSJ,Roadside,R,SSJ-R,B,77,16,Filter,B_16,Filter_B,6,4,0.4,Seed9Date,44386,,1,0,-44386,44410,24,24
770,SSJ,Roadside,R,SSJ-R,B,77,16,Filter,B_16,Filter_B,6,4,0.4,Seed10Date,44386,,1,0,-44386,44410,24,24
771,SSJ,Roadside,R,SSJ-R,C,78,16,Filter,C_16,Filter_C,6,4,0.4,Seed1Date,44386,44389,0,1,3,44410,24,3
772,SSJ,Roadside,R,SSJ-R,C,78,16,Filter,C_16,Filter_C,6,4,0.4,Seed2Date,44386,44396,0,1,10,44410,24,10
773,SSJ,Roadside,R,SSJ-R,C,78,16,Filter,C_16,Filter_C,6,4,0.4,Seed3Date,44386,44397,0,1,11,44410,24,11
774,SSJ,Roadside,R,SSJ-R,C,78,16,Filter,C_16,Filter_C,6,4,0.4,Seed4Date,44386,44397,0,1,11,44410,24,11
775,SSJ,Roadside,R,SSJ-R,C,78,16,Filter,C_16,Filter_C,6,4,0.4,Seed5Date,44386,44399,0,1,13,44410,24,13
776,SSJ,Roadside,R,SSJ-R,C,78,16,Filter,C_16,Filter_C,6,4,0.4,Seed6Date,44386,44405,0,1,19,44410,24,19
777,SSJ,Roadside,R,SSJ-R,C,78,16,Filter,C_16,Filter_C,6,4,0.4,Seed7Date,44386,,1,0,-44386,44410,24,24
778,SSJ,Roadside,R,SSJ-R,C,78,16,Filter,C_16,Filter_C,6,4,0.4,Seed8Date,44386,,1,0,-44386,44410,24,24
779,SSJ,Roadside,R,SSJ-R,C,78,16,Filter,C_16,Filter_C,6,4,0.4,Seed9Date,44386,,1,0,-44386,44410,24,24
780,SSJ,Roadside,R,SSJ-R,C,78,16,Filter,C_16,Filter_C,6,4,0.4,Seed10Date,44386,,1,0,-44386,44410,24,24
781,SSJ,Roadside,R,SSJ-R,D,79,16,Filter,D_16,Filter_D,6,4,0.4,Seed1Date,44386,44389,0,1,3,44410,24,3
782,SSJ,Roadside,R,SSJ-R,D,79,16,Filter,D_16,Filter_D,6,4,0.4,Seed2Date,44386,44389,0,1,3,44410,24,3
783,SSJ,Roadside,R,SSJ-R,D,79,16,Filter,D_16,Filter_D,6,4,0.4,Seed3Date,44386,44390,0,1,4,44410,24,4
784,SSJ,Roadside,R,SSJ-R,D,79,16,Filter,D_16,Filter_D,6,4,0.4,Seed4Date,44386,44390,0,1,4,44410,24,4
785,SSJ,Roadside,R,SSJ-R,D,79,16,Filter,D_16,Filter_D,6,4,0.4,Seed5Date,44386,,1,0,-44386,44410,24,24
786,SSJ,Roadside,R,SSJ-R,D,79,16,Filter,D_16,Filter_D,6,4,0.4,Seed6Date,44386,,1,0,-44386,44410,24,24
787,SSJ,Roadside,R,SSJ-R,D,79,16,Filter,D_16,Filter_D,6,4,0.4,Seed7Date,44386,,1,0,-44386,44410,24,24
788,SSJ,Roadside,R,SSJ-R,D,79,16,Filter,D_16,Filter_D,6,4,0.4,Seed8Date,44386,,1,0,-44386,44410,24,24
789,SSJ,Roadside,R,SSJ-R,D,79,16,Filter,D_16,Filter_D,6,4,0.4,Seed9Date,44386,,1,0,-44386,44410,24,24
790,SSJ,Roadside,R,SSJ-R,D,79,16,Filter,D_16,Filter_D,6,4,0.4,Seed10Date,44386,,1,0,-44386,44410,24,24
791,SSJ,Roadside,R,SSJ-R,E,80,16,Filter,E_16,Filter_E,3,7,0.7,Seed1Date,44386,44389,0,1,3,44410,24,3
792,SSJ,Roadside,R,SSJ-R,E,80,16,Filter,E_16,Filter_E,3,7,0.7,Seed2Date,44386,44389,0,1,3,44410,24,3
793,SSJ,Roadside,R,SSJ-R,E,80,16,Filter,E_16,Filter_E,3,7,0.7,Seed3Date,44386,44390,0,1,4,44410,24,4
794,SSJ,Roadside,R,SSJ-R,E,80,16,Filter,E_16,Filter_E,3,7,0.7,Seed4Date,44386,44392,0,1,6,44410,24,6
795,SSJ,Roadside,R,SSJ-R,E,80,16,Filter,E_16,Filter_E,3,7,0.7,Seed5Date,44386,44393,0,1,7,44410,24,7
796,SSJ,Roadside,R,SSJ-R,E,80,16,Filter,E_16,Filter_E,3,7,0.7,Seed6Date,44386,44394,0,1,8,44410,24,8
797,SSJ,Roadside,R,SSJ-R,E,80,16,Filter,E_16,Filter_E,3,7,0.7,Seed7Date,44386,44397,0,1,11,44410,24,11
798,SSJ,Roadside,R,SSJ-R,E,80,16,Filter,E_16,Filter_E,3,7,0.7,Seed8Date,44386,,1,0,-44386,44410,24,24
799,SSJ,Roadside,R,SSJ-R,E,80,16,Filter,E_16,Filter_E,3,7,0.7,Seed9Date,44386,,1,0,-44386,44410,24,24
800,SSJ,Roadside,R,SSJ-R,E,80,16,Filter,E_16,Filter_E,3,7,0.7,Seed10Date,44386,,1,0,-44386,44410,24,24