Num,Site,Habitat,Population,Rep,DishNum,PopNum,Treatment,ID,SurvivalID,NoGermDish,TotGermDish,PropGermDish,Label,PlantDate,GermDate,Censor,Census,DaysCensus,DaysToGerm
1,BAY,Vegetated,BAY-O,A,1,1,Filter,A_01,Filter_A,4,6,0.6,Seed1Date,7/9/21,7/11/21,1,8/2/21,0,2
2,BAY,Vegetated,BAY-O,A,1,1,Filter,A_01,Filter_A,4,6,0.6,Seed2Date,7/9/21,7/11/21,1,8/2/21,0,2
3,BAY,Vegetated,BAY-O,A,1,1,Filter,A_01,Filter_A,4,6,0.6,Seed3Date,7/9/21,7/11/21,1,8/2/21,0,2
4,BAY,Vegetated,BAY-O,A,1,1,Filter,A_01,Filter_A,4,6,0.6,Seed4Date,7/9/21,7/12/21,1,8/2/21,0,3
5,BAY,Vegetated,BAY-O,A,1,1,Filter,A_01,Filter_A,4,6,0.6,Seed5Date,7/9/21,7/12/21,1,8/2/21,0,3
6,BAY,Vegetated,BAY-O,A,1,1,Filter,A_01,Filter_A,4,6,0.6,Seed6Date,7/9/21,7/14/21,1,8/2/21,0,5
7,BAY,Vegetated,BAY-O,A,1,1,Filter,A_01,Filter_A,4,6,0.6,Seed7Date,7/9/21,7/22/21,1,8/2/21,0,13
8,BAY,Vegetated,BAY-O,A,1,1,Filter,A_01,Filter_A,4,6,0.6,Seed8Date,7/9/21,7/29/21,1,8/2/21,0,20
9,BAY,Vegetated,BAY-O,A,1,1,Filter,A_01,Filter_A,4,6,0.6,Seed9Date,7/9/21,,NA,8/2/21,0,0
10,BAY,Vegetated,BAY-O,A,1,1,Filter,A_01,Filter_A,4,6,0.6,Seed10Date,7/9/21,,NA,8/2/21,0,0
11,BAY,Vegetated,BAY-O,B,2,1,Filter,B_01,Filter_B,2,8,0.8,Seed1Date,7/9/21,7/11/21,1,8/2/21,0,2
12,BAY,Vegetated,BAY-O,B,2,1,Filter,B_01,Filter_B,2,8,0.8,Seed2Date,7/9/21,7/12/21,1,8/2/21,0,3
13,BAY,Vegetated,BAY-O,B,2,1,Filter,B_01,Filter_B,2,8,0.8,Seed3Date,7/9/21,7/12/21,1,8/2/21,0,3
14,BAY,Vegetated,BAY-O,B,2,1,Filter,B_01,Filter_B,2,8,0.8,Seed4Date,7/9/21,7/13/21,1,8/2/21,0,4
15,BAY,Vegetated,BAY-O,B,2,1,Filter,B_01,Filter_B,2,8,0.8,Seed5Date,7/9/21,7/13/21,1,8/2/21,0,4
16,BAY,Vegetated,BAY-O,B,2,1,Filter,B_01,Filter_B,2,8,0.8,Seed6Date,7/9/21,7/13/21,1,8/2/21,0,4
17,BAY,Vegetated,BAY-O,B,2,1,Filter,B_01,Filter_B,2,8,0.8,Seed7Date,7/9/21,7/18/21,1,8/2/21,0,9
18,BAY,Vegetated,BAY-O,B,2,1,Filter,B_01,Filter_B,2,8,0.8,Seed8Date,7/9/21,7/18/21,1,8/2/21,0,9
19,BAY,Vegetated,BAY-O,B,2,1,Filter,B_01,Filter_B,2,8,0.8,Seed9Date,7/9/21,7/22/21,1,8/2/21,0,13
20,BAY,Vegetated,BAY-O,B,2,1,Filter,B_01,Filter_B,2,8,0.8,Seed10Date,7/9/21,,NA,8/2/21,0,0
21,BAY,Vegetated,BAY-O,C,3,1,Filter,C_01,Filter_C,7,3,0.3,Seed1Date,7/9/21,7/11/21,1,8/2/21,0,2
22,BAY,Vegetated,BAY-O,C,3,1,Filter,C_01,Filter_C,7,3,0.3,Seed2Date,7/9/21,7/12/21,1,8/2/21,0,3
23,BAY,Vegetated,BAY-O,C,3,1,Filter,C_01,Filter_C,7,3,0.3,Seed3Date,7/9/21,7/12/21,1,8/2/21,0,3
24,BAY,Vegetated,BAY-O,C,3,1,Filter,C_01,Filter_C,7,3,0.3,Seed4Date,7/9/21,7/24/21,1,8/2/21,0,15
25,BAY,Vegetated,BAY-O,C,3,1,Filter,C_01,Filter_C,7,3,0.3,Seed5Date,7/9/21,,NA,8/2/21,0,0
26,BAY,Vegetated,BAY-O,C,3,1,Filter,C_01,Filter_C,7,3,0.3,Seed6Date,7/9/21,,NA,8/2/21,0,0
27,BAY,Vegetated,BAY-O,C,3,1,Filter,C_01,Filter_C,7,3,0.3,Seed7Date,7/9/21,,NA,8/2/21,0,0
28,BAY,Vegetated,BAY-O,C,3,1,Filter,C_01,Filter_C,7,3,0.3,Seed8Date,7/9/21,,NA,8/2/21,0,0
29,BAY,Vegetated,BAY-O,C,3,1,Filter,C_01,Filter_C,7,3,0.3,Seed9Date,7/9/21,,NA,8/2/21,0,0
30,BAY,Vegetated,BAY-O,C,3,1,Filter,C_01,Filter_C,7,3,0.3,Seed10Date,7/9/21,,NA,8/2/21,0,0
31,BAY,Vegetated,BAY-O,D,4,1,Filter,D_01,Filter_D,2,8,0.8,Seed1Date,7/9/21,7/11/21,1,8/2/21,0,2
32,BAY,Vegetated,BAY-O,D,4,1,Filter,D_01,Filter_D,2,8,0.8,Seed2Date,7/9/21,7/11/21,1,8/2/21,0,2
33,BAY,Vegetated,BAY-O,D,4,1,Filter,D_01,Filter_D,2,8,0.8,Seed3Date,7/9/21,7/12/21,1,8/2/21,0,3
34,BAY,Vegetated,BAY-O,D,4,1,Filter,D_01,Filter_D,2,8,0.8,Seed4Date,7/9/21,7/12/21,1,8/2/21,0,3
35,BAY,Vegetated,BAY-O,D,4,1,Filter,D_01,Filter_D,2,8,0.8,Seed5Date,7/9/21,7/12/21,1,8/2/21,0,3
36,BAY,Vegetated,BAY-O,D,4,1,Filter,D_01,Filter_D,2,8,0.8,Seed6Date,7/9/21,7/12/21,1,8/2/21,0,3
37,BAY,Vegetated,BAY-O,D,4,1,Filter,D_01,Filter_D,2,8,0.8,Seed7Date,7/9/21,7/16/21,1,8/2/21,0,7
38,BAY,Vegetated,BAY-O,D,4,1,Filter,D_01,Filter_D,2,8,0.8,Seed8Date,7/9/21,7/20/21,1,8/2/21,0,11
39,BAY,Vegetated,BAY-O,D,4,1,Filter,D_01,Filter_D,2,8,0.8,Seed9Date,7/9/21,7/26/21,1,8/2/21,0,17
40,BAY,Vegetated,BAY-O,D,4,1,Filter,D_01,Filter_D,2,8,0.8,Seed10Date,7/9/21,,NA,8/2/21,0,0
41,BAY,Vegetated,BAY-O,E,5,1,Filter,E_01,Filter_E,3,7,0.7,Seed1Date,7/9/21,7/12/21,1,8/2/21,0,3
42,BAY,Vegetated,BAY-O,E,5,1,Filter,E_01,Filter_E,3,7,0.7,Seed2Date,7/9/21,7/12/21,1,8/2/21,0,3
43,BAY,Vegetated,BAY-O,E,5,1,Filter,E_01,Filter_E,3,7,0.7,Seed3Date,7/9/21,7/12/21,1,8/2/21,0,3
44,BAY,Vegetated,BAY-O,E,5,1,Filter,E_01,Filter_E,3,7,0.7,Seed4Date,7/9/21,7/13/21,1,8/2/21,0,4
45,BAY,Vegetated,BAY-O,E,5,1,Filter,E_01,Filter_E,3,7,0.7,Seed5Date,7/9/21,7/13/21,1,8/2/21,0,4
46,BAY,Vegetated,BAY-O,E,5,1,Filter,E_01,Filter_E,3,7,0.7,Seed6Date,7/9/21,7/14/21,1,8/2/21,0,5
47,BAY,Vegetated,BAY-O,E,5,1,Filter,E_01,Filter_E,3,7,0.7,Seed7Date,7/9/21,7/20/21,1,8/2/21,0,11
48,BAY,Vegetated,BAY-O,E,5,1,Filter,E_01,Filter_E,3,7,0.7,Seed8Date,7/9/21,,NA,8/2/21,0,0
49,BAY,Vegetated,BAY-O,E,5,1,Filter,E_01,Filter_E,3,7,0.7,Seed9Date,7/9/21,,NA,8/2/21,0,0
50,BAY,Vegetated,BAY-O,E,5,1,Filter,E_01,Filter_E,3,7,0.7,Seed10Date,7/9/21,,NA,8/2/21,0,0
51,BAY,Roadside,BAY-R,A,6,2,Filter,A_02,Filter_A,3,7,0.7,Seed1Date,7/9/21,7/10/21,1,8/2/21,0,1
52,BAY,Roadside,BAY-R,A,6,2,Filter,A_02,Filter_A,3,7,0.7,Seed2Date,7/9/21,7/11/21,1,8/2/21,0,2
53,BAY,Roadside,BAY-R,A,6,2,Filter,A_02,Filter_A,3,7,0.7,Seed3Date,7/9/21,7/11/21,1,8/2/21,0,2
54,BAY,Roadside,BAY-R,A,6,2,Filter,A_02,Filter_A,3,7,0.7,Seed4Date,7/9/21,7/11/21,1,8/2/21,0,2
55,BAY,Roadside,BAY-R,A,6,2,Filter,A_02,Filter_A,3,7,0.7,Seed5Date,7/9/21,7/11/21,1,8/2/21,0,2
56,BAY,Roadside,BAY-R,A,6,2,Filter,A_02,Filter_A,3,7,0.7,Seed6Date,7/9/21,7/13/21,1,8/2/21,0,4
57,BAY,Roadside,BAY-R,A,6,2,Filter,A_02,Filter_A,3,7,0.7,Seed7Date,7/9/21,7/21/21,1,8/2/21,0,12
58,BAY,Roadside,BAY-R,A,6,2,Filter,A_02,Filter_A,3,7,0.7,Seed8Date,7/9/21,,NA,8/2/21,0,0
59,BAY,Roadside,BAY-R,A,6,2,Filter,A_02,Filter_A,3,7,0.7,Seed9Date,7/9/21,,NA,8/2/21,0,0
60,BAY,Roadside,BAY-R,A,6,2,Filter,A_02,Filter_A,3,7,0.7,Seed10Date,7/9/21,,NA,8/2/21,0,0
61,BAY,Roadside,BAY-R,B,7,2,Filter,B_02,Filter_B,1,9,0.9,Seed1Date,7/9/21,7/10/21,1,8/2/21,0,1
62,BAY,Roadside,BAY-R,B,7,2,Filter,B_02,Filter_B,1,9,0.9,Seed2Date,7/9/21,7/11/21,1,8/2/21,0,2
63,BAY,Roadside,BAY-R,B,7,2,Filter,B_02,Filter_B,1,9,0.9,Seed3Date,7/9/21,7/11/21,1,8/2/21,0,2
64,BAY,Roadside,BAY-R,B,7,2,Filter,B_02,Filter_B,1,9,0.9,Seed4Date,7/9/21,7/11/21,1,8/2/21,0,2
65,BAY,Roadside,BAY-R,B,7,2,Filter,B_02,Filter_B,1,9,0.9,Seed5Date,7/9/21,7/11/21,1,8/2/21,0,2
66,BAY,Roadside,BAY-R,B,7,2,Filter,B_02,Filter_B,1,9,0.9,Seed6Date,7/9/21,7/11/21,1,8/2/21,0,2
67,BAY,Roadside,BAY-R,B,7,2,Filter,B_02,Filter_B,1,9,0.9,Seed7Date,7/9/21,7/12/21,1,8/2/21,0,3
68,BAY,Roadside,BAY-R,B,7,2,Filter,B_02,Filter_B,1,9,0.9,Seed8Date,7/9/21,7/12/21,1,8/2/21,0,3
69,BAY,Roadside,BAY-R,B,7,2,Filter,B_02,Filter_B,1,9,0.9,Seed9Date,7/9/21,7/21/21,1,8/2/21,0,12
70,BAY,Roadside,BAY-R,B,7,2,Filter,B_02,Filter_B,1,9,0.9,Seed10Date,7/9/21,,NA,8/2/21,0,0
71,BAY,Roadside,BAY-R,C,8,2,Filter,C_02,Filter_C,1,9,0.9,Seed1Date,7/9/21,7/10/21,1,8/2/21,0,1
72,BAY,Roadside,BAY-R,C,8,2,Filter,C_02,Filter_C,1,9,0.9,Seed2Date,7/9/21,7/11/21,1,8/2/21,0,2
73,BAY,Roadside,BAY-R,C,8,2,Filter,C_02,Filter_C,1,9,0.9,Seed3Date,7/9/21,7/11/21,1,8/2/21,0,2
74,BAY,Roadside,BAY-R,C,8,2,Filter,C_02,Filter_C,1,9,0.9,Seed4Date,7/9/21,7/11/21,1,8/2/21,0,2
75,BAY,Roadside,BAY-R,C,8,2,Filter,C_02,Filter_C,1,9,0.9,Seed5Date,7/9/21,7/12/21,1,8/2/21,0,3
76,BAY,Roadside,BAY-R,C,8,2,Filter,C_02,Filter_C,1,9,0.9,Seed6Date,7/9/21,7/12/21,1,8/2/21,0,3
77,BAY,Roadside,BAY-R,C,8,2,Filter,C_02,Filter_C,1,9,0.9,Seed7Date,7/9/21,7/12/21,1,8/2/21,0,3
78,BAY,Roadside,BAY-R,C,8,2,Filter,C_02,Filter_C,1,9,0.9,Seed8Date,7/9/21,7/12/21,1,8/2/21,0,3
79,BAY,Roadside,BAY-R,C,8,2,Filter,C_02,Filter_C,1,9,0.9,Seed9Date,7/9/21,7/14/21,1,8/2/21,0,5
80,BAY,Roadside,BAY-R,C,8,2,Filter,C_02,Filter_C,1,9,0.9,Seed10Date,7/9/21,,NA,8/2/21,0,0
81,BAY,Roadside,BAY-R,D,9,2,Filter,D_02,Filter_D,1,9,0.9,Seed1Date,7/9/21,7/10/21,1,8/2/21,0,1
82,BAY,Roadside,BAY-R,D,9,2,Filter,D_02,Filter_D,1,9,0.9,Seed2Date,7/9/21,7/11/21,1,8/2/21,0,2
83,BAY,Roadside,BAY-R,D,9,2,Filter,D_02,Filter_D,1,9,0.9,Seed3Date,7/9/21,7/11/21,1,8/2/21,0,2
84,BAY,Roadside,BAY-R,D,9,2,Filter,D_02,Filter_D,1,9,0.9,Seed4Date,7/9/21,7/11/21,1,8/2/21,0,2
85,BAY,Roadside,BAY-R,D,9,2,Filter,D_02,Filter_D,1,9,0.9,Seed5Date,7/9/21,7/12/21,1,8/2/21,0,3
86,BAY,Roadside,BAY-R,D,9,2,Filter,D_02,Filter_D,1,9,0.9,Seed6Date,7/9/21,7/12/21,1,8/2/21,0,3
87,BAY,Roadside,BAY-R,D,9,2,Filter,D_02,Filter_D,1,9,0.9,Seed7Date,7/9/21,7/12/21,1,8/2/21,0,3
88,BAY,Roadside,BAY-R,D,9,2,Filter,D_02,Filter_D,1,9,0.9,Seed8Date,7/9/21,7/12/21,1,8/2/21,0,3
89,BAY,Roadside,BAY-R,D,9,2,Filter,D_02,Filter_D,1,9,0.9,Seed9Date,7/9/21,7/14/21,1,8/2/21,0,5
90,BAY,Roadside,BAY-R,D,9,2,Filter,D_02,Filter_D,1,9,0.9,Seed10Date,7/9/21,,NA,8/2/21,0,0
91,BAY,Roadside,BAY-R,E,10,2,Filter,E_02,Filter_E,0,10,1,Seed1Date,7/9/21,7/11/21,1,8/2/21,0,2
92,BAY,Roadside,BAY-R,E,10,2,Filter,E_02,Filter_E,0,10,1,Seed2Date,7/9/21,7/11/21,1,8/2/21,0,2
93,BAY,Roadside,BAY-R,E,10,2,Filter,E_02,Filter_E,0,10,1,Seed3Date,7/9/21,7/11/21,1,8/2/21,0,2
94,BAY,Roadside,BAY-R,E,10,2,Filter,E_02,Filter_E,0,10,1,Seed4Date,7/9/21,7/11/21,1,8/2/21,0,2
95,BAY,Roadside,BAY-R,E,10,2,Filter,E_02,Filter_E,0,10,1,Seed5Date,7/9/21,7/11/21,1,8/2/21,0,2
96,BAY,Roadside,BAY-R,E,10,2,Filter,E_02,Filter_E,0,10,1,Seed6Date,7/9/21,7/12/21,1,8/2/21,0,3
97,BAY,Roadside,BAY-R,E,10,2,Filter,E_02,Filter_E,0,10,1,Seed7Date,7/9/21,7/12/21,1,8/2/21,0,3
98,BAY,Roadside,BAY-R,E,10,2,Filter,E_02,Filter_E,0,10,1,Seed8Date,7/9/21,7/12/21,1,8/2/21,0,3
99,BAY,Roadside,BAY-R,E,10,2,Filter,E_02,Filter_E,0,10,1,Seed9Date,7/9/21,7/12/21,1,8/2/21,0,3
100,BAY,Roadside,BAY-R,E,10,2,Filter,E_02,Filter_E,0,10,1,Seed10Date,7/9/21,7/13/21,1,8/2/21,0,4
101,CHE,Vegetated,CHE-O,A,11,3,Filter,A_03,Filter_A,5,5,0.5,Seed1Date,7/9/21,7/11/21,1,8/2/21,0,2
102,CHE,Vegetated,CHE-O,A,11,3,Filter,A_03,Filter_A,5,5,0.5,Seed2Date,7/9/21,7/12/21,1,8/2/21,0,3
103,CHE,Vegetated,CHE-O,A,11,3,Filter,A_03,Filter_A,5,5,0.5,Seed3Date,7/9/21,7/13/21,1,8/2/21,0,4
104,CHE,Vegetated,CHE-O,A,11,3,Filter,A_03,Filter_A,5,5,0.5,Seed4Date,7/9/21,7/15/21,1,8/2/21,0,6
105,CHE,Vegetated,CHE-O,A,11,3,Filter,A_03,Filter_A,5,5,0.5,Seed5Date,7/9/21,7/21/21,1,8/2/21,0,12
106,CHE,Vegetated,CHE-O,A,11,3,Filter,A_03,Filter_A,5,5,0.5,Seed6Date,7/9/21,7/26/21,1,8/2/21,0,17
107,CHE,Vegetated,CHE-O,A,11,3,Filter,A_03,Filter_A,5,5,0.5,Seed7Date,7/9/21,7/28/21,1,8/2/21,0,19
108,CHE,Vegetated,CHE-O,A,11,3,Filter,A_03,Filter_A,5,5,0.5,Seed8Date,7/9/21,,NA,8/2/21,0,0
109,CHE,Vegetated,CHE-O,A,11,3,Filter,A_03,Filter_A,5,5,0.5,Seed9Date,7/9/21,,NA,8/2/21,0,0
110,CHE,Vegetated,CHE-O,A,11,3,Filter,A_03,Filter_A,5,5,0.5,Seed10Date,7/9/21,,NA,8/2/21,0,0
111,CHE,Vegetated,CHE-O,B,12,3,Filter,B_03,Filter_B,6,4,0.4,Seed1Date,7/9/21,7/12/21,1,8/2/21,0,3
112,CHE,Vegetated,CHE-O,B,12,3,Filter,B_03,Filter_B,6,4,0.4,Seed2Date,7/9/21,7/13/21,1,8/2/21,0,4
113,CHE,Vegetated,CHE-O,B,12,3,Filter,B_03,Filter_B,6,4,0.4,Seed3Date,7/9/21,7/19/21,1,8/2/21,0,10
114,CHE,Vegetated,CHE-O,B,12,3,Filter,B_03,Filter_B,6,4,0.4,Seed4Date,7/9/21,7/20/21,1,8/2/21,0,11
115,CHE,Vegetated,CHE-O,B,12,3,Filter,B_03,Filter_B,6,4,0.4,Seed5Date,7/9/21,7/23/21,1,8/2/21,0,14
116,CHE,Vegetated,CHE-O,B,12,3,Filter,B_03,Filter_B,6,4,0.4,Seed6Date,7/9/21,8/1/21,1,8/2/21,0,23
117,CHE,Vegetated,CHE-O,B,12,3,Filter,B_03,Filter_B,6,4,0.4,Seed7Date,7/9/21,8/1/21,1,8/2/21,0,23
118,CHE,Vegetated,CHE-O,B,12,3,Filter,B_03,Filter_B,6,4,0.4,Seed8Date,7/9/21,,NA,8/2/21,0,0
119,CHE,Vegetated,CHE-O,B,12,3,Filter,B_03,Filter_B,6,4,0.4,Seed9Date,7/9/21,,NA,8/2/21,0,0
120,CHE,Vegetated,CHE-O,B,12,3,Filter,B_03,Filter_B,6,4,0.4,Seed10Date,7/9/21,,NA,8/2/21,0,0
121,CHE,Vegetated,CHE-O,C,13,3,Filter,C_03,Filter_C,8,2,0.2,Seed1Date,7/9/21,7/12/21,1,8/2/21,0,3
122,CHE,Vegetated,CHE-O,C,13,3,Filter,C_03,Filter_C,8,2,0.2,Seed2Date,7/9/21,7/12/21,1,8/2/21,0,3
123,CHE,Vegetated,CHE-O,C,13,3,Filter,C_03,Filter_C,8,2,0.2,Seed3Date,7/9/21,7/27/21,1,8/2/21,0,18
10,CHE,Vegetated,CHE-O,C,13,3,Filter,C_03,Filter_C,8,2,0.2,Seed4Date,7/9/21,7/27/21,1,8/2/21,0,18
125,CHE,Vegetated,CHE-O,C,13,3,Filter,C_03,Filter_C,8,2,0.2,Seed5Date,7/9/21,7/29/21,1,8/2/21,0,20
126,CHE,Vegetated,CHE-O,C,13,3,Filter,C_03,Filter_C,8,2,0.2,Seed6Date,7/9/21,,NA,8/2/21,0,0
127,CHE,Vegetated,CHE-O,C,13,3,Filter,C_03,Filter_C,8,2,0.2,Seed7Date,7/9/21,,NA,8/2/21,0,0
128,CHE,Vegetated,CHE-O,C,13,3,Filter,C_03,Filter_C,8,2,0.2,Seed8Date,7/9/21,,NA,8/2/21,0,0
129,CHE,Vegetated,CHE-O,C,13,3,Filter,C_03,Filter_C,8,2,0.2,Seed9Date,7/9/21,,NA,8/2/21,0,0
130,CHE,Vegetated,CHE-O,C,13,3,Filter,C_03,Filter_C,8,2,0.2,Seed10Date,7/9/21,,NA,8/2/21,0,0
131,CHE,Vegetated,CHE-O,D,14,3,Filter,D_03,Filter_D,8,2,0.2,Seed1Date,7/9/21,7/12/21,1,8/2/21,0,3
132,CHE,Vegetated,CHE-O,D,14,3,Filter,D_03,Filter_D,8,2,0.2,Seed2Date,7/9/21,7/20/21,1,8/2/21,0,11
133,CHE,Vegetated,CHE-O,D,14,3,Filter,D_03,Filter_D,8,2,0.2,Seed3Date,7/9/21,7/22/21,1,8/2/21,0,13
134,CHE,Vegetated,CHE-O,D,14,3,Filter,D_03,Filter_D,8,2,0.2,Seed4Date,7/9/21,7/23/21,1,8/2/21,0,14
135,CHE,Vegetated,CHE-O,D,14,3,Filter,D_03,Filter_D,8,2,0.2,Seed5Date,7/9/21,7/25/21,1,8/2/21,0,16
136,CHE,Vegetated,CHE-O,D,14,3,Filter,D_03,Filter_D,8,2,0.2,Seed6Date,7/9/21,7/29/21,1,8/2/21,0,20
137,CHE,Vegetated,CHE-O,D,14,3,Filter,D_03,Filter_D,8,2,0.2,Seed7Date,7/9/21,,NA,8/2/21,0,0
138,CHE,Vegetated,CHE-O,D,14,3,Filter,D_03,Filter_D,8,2,0.2,Seed8Date,7/9/21,,NA,8/2/21,0,0
139,CHE,Vegetated,CHE-O,D,14,3,Filter,D_03,Filter_D,8,2,0.2,Seed9Date,7/9/21,,NA,8/2/21,0,0
140,CHE,Vegetated,CHE-O,D,14,3,Filter,D_03,Filter_D,8,2,0.2,Seed10Date,7/9/21,,NA,8/2/21,0,0
141,CHE,Vegetated,CHE-O,E,15,3,Filter,E_03,Filter_E,4,6,0.6,Seed1Date,7/9/21,7/11/21,1,8/2/21,0,2
142,CHE,Vegetated,CHE-O,E,15,3,Filter,E_03,Filter_E,4,6,0.6,Seed2Date,7/9/21,7/18/21,1,8/2/21,0,9
143,CHE,Vegetated,CHE-O,E,15,3,Filter,E_03,Filter_E,4,6,0.6,Seed3Date,7/9/21,7/18/21,1,8/2/21,0,9
144,CHE,Vegetated,CHE-O,E,15,3,Filter,E_03,Filter_E,4,6,0.6,Seed4Date,7/9/21,7/19/21,1,8/2/21,0,10
145,CHE,Vegetated,CHE-O,E,15,3,Filter,E_03,Filter_E,4,6,0.6,Seed5Date,7/9/21,7/19/21,1,8/2/21,0,10
146,CHE,Vegetated,CHE-O,E,15,3,Filter,E_03,Filter_E,4,6,0.6,Seed6Date,7/9/21,7/21/21,1,8/2/21,0,12
147,CHE,Vegetated,CHE-O,E,15,3,Filter,E_03,Filter_E,4,6,0.6,Seed7Date,7/9/21,7/22/21,1,8/2/21,0,13
148,CHE,Vegetated,CHE-O,E,15,3,Filter,E_03,Filter_E,4,6,0.6,Seed8Date,7/9/21,7/25/21,1,8/2/21,0,16
149,CHE,Vegetated,CHE-O,E,15,3,Filter,E_03,Filter_E,4,6,0.6,Seed9Date,7/9/21,,NA,8/2/21,0,0
150,CHE,Vegetated,CHE-O,E,15,3,Filter,E_03,Filter_E,4,6,0.6,Seed10Date,7/9/21,,NA,8/2/21,0,0
151,CHE,Roadside,CHE-R,A,16,4,Filter,A_04,Filter_A,3,7,0.7,Seed1Date,7/9/21,7/13/21,1,8/2/21,0,4
152,CHE,Roadside,CHE-R,A,16,4,Filter,A_04,Filter_A,3,7,0.7,Seed2Date,7/9/21,7/16/21,1,8/2/21,0,7
153,CHE,Roadside,CHE-R,A,16,4,Filter,A_04,Filter_A,3,7,0.7,Seed3Date,7/9/21,7/16/21,1,8/2/21,0,7
154,CHE,Roadside,CHE-R,A,16,4,Filter,A_04,Filter_A,3,7,0.7,Seed4Date,7/9/21,7/18/21,1,8/2/21,0,9
155,CHE,Roadside,CHE-R,A,16,4,Filter,A_04,Filter_A,3,7,0.7,Seed5Date,7/9/21,7/19/21,1,8/2/21,0,10
156,CHE,Roadside,CHE-R,A,16,4,Filter,A_04,Filter_A,3,7,0.7,Seed6Date,7/9/21,7/21/21,1,8/2/21,0,12
157,CHE,Roadside,CHE-R,A,16,4,Filter,A_04,Filter_A,3,7,0.7,Seed7Date,7/9/21,7/24/21,1,8/2/21,0,15
158,CHE,Roadside,CHE-R,A,16,4,Filter,A_04,Filter_A,3,7,0.7,Seed8Date,7/9/21,,NA,8/2/21,0,0
159,CHE,Roadside,CHE-R,A,16,4,Filter,A_04,Filter_A,3,7,0.7,Seed9Date,7/9/21,,NA,8/2/21,0,0
160,CHE,Roadside,CHE-R,A,16,4,Filter,A_04,Filter_A,3,7,0.7,Seed10Date,7/9/21,,NA,8/2/21,0,0
161,CHE,Roadside,CHE-R,B,17,4,Filter,B_04,Filter_B,1,9,0.9,Seed1Date,7/9/21,7/11/21,1,8/2/21,0,2
162,CHE,Roadside,CHE-R,B,17,4,Filter,B_04,Filter_B,1,9,0.9,Seed2Date,7/9/21,7/11/21,1,8/2/21,0,2
163,CHE,Roadside,CHE-R,B,17,4,Filter,B_04,Filter_B,1,9,0.9,Seed3Date,7/9/21,7/12/21,1,8/2/21,0,3
164,CHE,Roadside,CHE-R,B,17,4,Filter,B_04,Filter_B,1,9,0.9,Seed4Date,7/9/21,7/12/21,1,8/2/21,0,3
165,CHE,Roadside,CHE-R,B,17,4,Filter,B_04,Filter_B,1,9,0.9,Seed5Date,7/9/21,7/12/21,1,8/2/21,0,3
166,CHE,Roadside,CHE-R,B,17,4,Filter,B_04,Filter_B,1,9,0.9,Seed6Date,7/9/21,7/12/21,1,8/2/21,0,3
167,CHE,Roadside,CHE-R,B,17,4,Filter,B_04,Filter_B,1,9,0.9,Seed7Date,7/9/21,7/13/21,1,8/2/21,0,4
168,CHE,Roadside,CHE-R,B,17,4,Filter,B_04,Filter_B,1,9,0.9,Seed8Date,7/9/21,7/17/21,1,8/2/21,0,8
169,CHE,Roadside,CHE-R,B,17,4,Filter,B_04,Filter_B,1,9,0.9,Seed9Date,7/9/21,7/17/21,1,8/2/21,0,8
170,CHE,Roadside,CHE-R,B,17,4,Filter,B_04,Filter_B,1,9,0.9,Seed10Date,7/9/21,8/1/21,1,8/2/21,0,23
171,CHE,Roadside,CHE-R,C,18,4,Filter,C_04,Filter_C,5,5,0.5,Seed1Date,7/9/21,7/11/21,1,8/2/21,0,2
172,CHE,Roadside,CHE-R,C,18,4,Filter,C_04,Filter_C,5,5,0.5,Seed2Date,7/9/21,7/11/21,1,8/2/21,0,2
173,CHE,Roadside,CHE-R,C,18,4,Filter,C_04,Filter_C,5,5,0.5,Seed3Date,7/9/21,7/11/21,1,8/2/21,0,2
174,CHE,Roadside,CHE-R,C,18,4,Filter,C_04,Filter_C,5,5,0.5,Seed4Date,7/9/21,7/12/21,1,8/2/21,0,3
175,CHE,Roadside,CHE-R,C,18,4,Filter,C_04,Filter_C,5,5,0.5,Seed5Date,7/9/21,7/17/21,1,8/2/21,0,8
176,CHE,Roadside,CHE-R,C,18,4,Filter,C_04,Filter_C,5,5,0.5,Seed6Date,7/9/21,8/1/21,1,8/2/21,0,23
177,CHE,Roadside,CHE-R,C,18,4,Filter,C_04,Filter_C,5,5,0.5,Seed7Date,7/9/21,,NA,8/2/21,0,0
178,CHE,Roadside,CHE-R,C,18,4,Filter,C_04,Filter_C,5,5,0.5,Seed8Date,7/9/21,,NA,8/2/21,0,0
179,CHE,Roadside,CHE-R,C,18,4,Filter,C_04,Filter_C,5,5,0.5,Seed9Date,7/9/21,,NA,8/2/21,0,0
180,CHE,Roadside,CHE-R,C,18,4,Filter,C_04,Filter_C,5,5,0.5,Seed10Date,7/9/21,,NA,8/2/21,0,0
181,CHE,Roadside,CHE-R,D,19,4,Filter,D_04,Filter_D,2,8,0.8,Seed1Date,7/9/21,7/12/21,1,8/2/21,0,3
182,CHE,Roadside,CHE-R,D,19,4,Filter,D_04,Filter_D,2,8,0.8,Seed2Date,7/9/21,7/13/21,1,8/2/21,0,4
183,CHE,Roadside,CHE-R,D,19,4,Filter,D_04,Filter_D,2,8,0.8,Seed3Date,7/9/21,7/14/21,1,8/2/21,0,5
184,CHE,Roadside,CHE-R,D,19,4,Filter,D_04,Filter_D,2,8,0.8,Seed4Date,7/9/21,7/14/21,1,8/2/21,0,5
185,CHE,Roadside,CHE-R,D,19,4,Filter,D_04,Filter_D,2,8,0.8,Seed5Date,7/9/21,7/15/21,1,8/2/21,0,6
186,CHE,Roadside,CHE-R,D,19,4,Filter,D_04,Filter_D,2,8,0.8,Seed6Date,7/9/21,7/17/21,1,8/2/21,0,8
187,CHE,Roadside,CHE-R,D,19,4,Filter,D_04,Filter_D,2,8,0.8,Seed7Date,7/9/21,7/17/21,1,8/2/21,0,8
188,CHE,Roadside,CHE-R,D,19,4,Filter,D_04,Filter_D,2,8,0.8,Seed8Date,7/9/21,7/21/21,1,8/2/21,0,12
189,CHE,Roadside,CHE-R,D,19,4,Filter,D_04,Filter_D,2,8,0.8,Seed9Date,7/9/21,8/1/21,1,8/2/21,0,23
190,CHE,Roadside,CHE-R,D,19,4,Filter,D_04,Filter_D,2,8,0.8,Seed10Date,7/9/21,,NA,8/2/21,0,0
191,CHE,Roadside,CHE-R,E,20,4,Filter,E_04,Filter_E,2,8,0.8,Seed1Date,7/9/21,7/11/21,1,8/2/21,0,2
192,CHE,Roadside,CHE-R,E,20,4,Filter,E_04,Filter_E,2,8,0.8,Seed2Date,7/9/21,7/12/21,1,8/2/21,0,3
193,CHE,Roadside,CHE-R,E,20,4,Filter,E_04,Filter_E,2,8,0.8,Seed3Date,7/9/21,7/12/21,1,8/2/21,0,3
194,CHE,Roadside,CHE-R,E,20,4,Filter,E_04,Filter_E,2,8,0.8,Seed4Date,7/9/21,7/12/21,1,8/2/21,0,3
195,CHE,Roadside,CHE-R,E,20,4,Filter,E_04,Filter_E,2,8,0.8,Seed5Date,7/9/21,7/15/21,1,8/2/21,0,6
196,CHE,Roadside,CHE-R,E,20,4,Filter,E_04,Filter_E,2,8,0.8,Seed6Date,7/9/21,7/15/21,1,8/2/21,0,6
197,CHE,Roadside,CHE-R,E,20,4,Filter,E_04,Filter_E,2,8,0.8,Seed7Date,7/9/21,7/16/21,1,8/2/21,0,7
198,CHE,Roadside,CHE-R,E,20,4,Filter,E_04,Filter_E,2,8,0.8,Seed8Date,7/9/21,7/16/21,1,8/2/21,0,7
199,CHE,Roadside,CHE-R,E,20,4,Filter,E_04,Filter_E,2,8,0.8,Seed9Date,7/9/21,,NA,8/2/21,0,0
200,CHE,Roadside,CHE-R,E,20,4,Filter,E_04,Filter_E,2,8,0.8,Seed10Date,7/9/21,,NA,8/2/21,0,0
201,GUA,Vegetated,GUA-O,A,21,5,Filter,A_05,Filter_A,4,6,0.6,Seed1Date,7/9/21,7/11/21,1,8/2/21,0,2
202,GUA,Vegetated,GUA-O,A,21,5,Filter,A_05,Filter_A,4,6,0.6,Seed2Date,7/9/21,7/11/21,1,8/2/21,0,2
203,GUA,Vegetated,GUA-O,A,21,5,Filter,A_05,Filter_A,4,6,0.6,Seed3Date,7/9/21,7/11/21,1,8/2/21,0,2
204,GUA,Vegetated,GUA-O,A,21,5,Filter,A_05,Filter_A,4,6,0.6,Seed4Date,7/9/21,7/12/21,1,8/2/21,0,3
205,GUA,Vegetated,GUA-O,A,21,5,Filter,A_05,Filter_A,4,6,0.6,Seed5Date,7/9/21,7/15/21,1,8/2/21,0,6
206,GUA,Vegetated,GUA-O,A,21,5,Filter,A_05,Filter_A,4,6,0.6,Seed6Date,7/9/21,7/18/21,1,8/2/21,0,9
207,GUA,Vegetated,GUA-O,A,21,5,Filter,A_05,Filter_A,4,6,0.6,Seed7Date,7/9/21,,NA,8/2/21,0,0
208,GUA,Vegetated,GUA-O,A,21,5,Filter,A_05,Filter_A,4,6,0.6,Seed8Date,7/9/21,,NA,8/2/21,0,0
209,GUA,Vegetated,GUA-O,A,21,5,Filter,A_05,Filter_A,4,6,0.6,Seed9Date,7/9/21,,NA,8/2/21,0,0
210,GUA,Vegetated,GUA-O,A,21,5,Filter,A_05,Filter_A,4,6,0.6,Seed10Date,7/9/21,,NA,8/2/21,0,0
211,GUA,Vegetated,GUA-O,B,22,5,Filter,B_05,Filter_B,5,5,0.5,Seed1Date,7/9/21,7/10/21,1,8/2/21,0,1
212,GUA,Vegetated,GUA-O,B,22,5,Filter,B_05,Filter_B,5,5,0.5,Seed2Date,7/9/21,7/12/21,1,8/2/21,0,3
213,GUA,Vegetated,GUA-O,B,22,5,Filter,B_05,Filter_B,5,5,0.5,Seed3Date,7/9/21,7/12/21,1,8/2/21,0,3
214,GUA,Vegetated,GUA-O,B,22,5,Filter,B_05,Filter_B,5,5,0.5,Seed4Date,7/9/21,7/13/21,1,8/2/21,0,4
215,GUA,Vegetated,GUA-O,B,22,5,Filter,B_05,Filter_B,5,5,0.5,Seed5Date,7/9/21,7/18/21,1,8/2/21,0,9
216,GUA,Vegetated,GUA-O,B,22,5,Filter,B_05,Filter_B,5,5,0.5,Seed6Date,7/9/21,,NA,8/2/21,0,0
217,GUA,Vegetated,GUA-O,B,22,5,Filter,B_05,Filter_B,5,5,0.5,Seed7Date,7/9/21,,NA,8/2/21,0,0
218,GUA,Vegetated,GUA-O,B,22,5,Filter,B_05,Filter_B,5,5,0.5,Seed8Date,7/9/21,,NA,8/2/21,0,0
219,GUA,Vegetated,GUA-O,B,22,5,Filter,B_05,Filter_B,5,5,0.5,Seed9Date,7/9/21,,NA,8/2/21,0,0
220,GUA,Vegetated,GUA-O,B,22,5,Filter,B_05,Filter_B,5,5,0.5,Seed10Date,7/9/21,,NA,8/2/21,0,0
221,GUA,Vegetated,GUA-O,C,23,5,Filter,C_05,Filter_C,3,7,0.7,Seed1Date,7/9/21,7/12/21,1,8/2/21,0,3
222,GUA,Vegetated,GUA-O,C,23,5,Filter,C_05,Filter_C,3,7,0.7,Seed2Date,7/9/21,7/12/21,1,8/2/21,0,3
223,GUA,Vegetated,GUA-O,C,23,5,Filter,C_05,Filter_C,3,7,0.7,Seed3Date,7/9/21,7/12/21,1,8/2/21,0,3
20,GUA,Vegetated,GUA-O,C,23,5,Filter,C_05,Filter_C,3,7,0.7,Seed4Date,7/9/21,7/12/21,1,8/2/21,0,3
225,GUA,Vegetated,GUA-O,C,23,5,Filter,C_05,Filter_C,3,7,0.7,Seed5Date,7/9/21,7/12/21,1,8/2/21,0,3
226,GUA,Vegetated,GUA-O,C,23,5,Filter,C_05,Filter_C,3,7,0.7,Seed6Date,7/9/21,7/12/21,1,8/2/21,0,3
227,GUA,Vegetated,GUA-O,C,23,5,Filter,C_05,Filter_C,3,7,0.7,Seed7Date,7/9/21,7/14/21,1,8/2/21,0,5
228,GUA,Vegetated,GUA-O,C,23,5,Filter,C_05,Filter_C,3,7,0.7,Seed8Date,7/9/21,7/26/21,1,8/2/21,0,17
229,GUA,Vegetated,GUA-O,C,23,5,Filter,C_05,Filter_C,3,7,0.7,Seed9Date,7/9/21,,NA,8/2/21,0,0
230,GUA,Vegetated,GUA-O,C,23,5,Filter,C_05,Filter_C,3,7,0.7,Seed10Date,7/9/21,,NA,8/2/21,0,0
231,GUA,Vegetated,GUA-O,D,24,5,Filter,D_05,Filter_D,5,5,0.5,Seed1Date,7/9/21,7/12/21,1,8/2/21,0,3
232,GUA,Vegetated,GUA-O,D,24,5,Filter,D_05,Filter_D,5,5,0.5,Seed2Date,7/9/21,7/12/21,1,8/2/21,0,3
233,GUA,Vegetated,GUA-O,D,24,5,Filter,D_05,Filter_D,5,5,0.5,Seed3Date,7/9/21,7/13/21,1,8/2/21,0,4
234,GUA,Vegetated,GUA-O,D,24,5,Filter,D_05,Filter_D,5,5,0.5,Seed4Date,7/9/21,7/15/21,1,8/2/21,0,6
235,GUA,Vegetated,GUA-O,D,24,5,Filter,D_05,Filter_D,5,5,0.5,Seed5Date,7/9/21,7/17/21,1,8/2/21,0,8
236,GUA,Vegetated,GUA-O,D,24,5,Filter,D_05,Filter_D,5,5,0.5,Seed6Date,7/9/21,7/22/21,1,8/2/21,0,13
237,GUA,Vegetated,GUA-O,D,24,5,Filter,D_05,Filter_D,5,5,0.5,Seed7Date,7/9/21,7/23/21,1,8/2/21,0,14
238,GUA,Vegetated,GUA-O,D,24,5,Filter,D_05,Filter_D,5,5,0.5,Seed8Date,7/9/21,7/27/21,1,8/2/21,0,18
239,GUA,Vegetated,GUA-O,D,24,5,Filter,D_05,Filter_D,5,5,0.5,Seed9Date,7/9/21,,NA,8/2/21,0,0
0,GUA,Vegetated,GUA-O,D,24,5,Filter,D_05,Filter_D,5,5,0.5,Seed10Date,7/9/21,,NA,8/2/21,0,0
1,GUA,Vegetated,GUA-O,E,25,5,Filter,E_05,Filter_E,0,10,1,Seed1Date,7/9/21,7/10/21,1,8/2/21,0,1
2,GUA,Vegetated,GUA-O,E,25,5,Filter,E_05,Filter_E,0,10,1,Seed2Date,7/9/21,7/12/21,1,8/2/21,0,3
3,GUA,Vegetated,GUA-O,E,25,5,Filter,E_05,Filter_E,0,10,1,Seed3Date,7/9/21,7/12/21,1,8/2/21,0,3
4,GUA,Vegetated,GUA-O,E,25,5,Filter,E_05,Filter_E,0,10,1,Seed4Date,7/9/21,7/12/21,1,8/2/21,0,3
5,GUA,Vegetated,GUA-O,E,25,5,Filter,E_05,Filter_E,0,10,1,Seed5Date,7/9/21,7/12/21,1,8/2/21,0,3
6,GUA,Vegetated,GUA-O,E,25,5,Filter,E_05,Filter_E,0,10,1,Seed6Date,7/9/21,7/13/21,1,8/2/21,0,4
7,GUA,Vegetated,GUA-O,E,25,5,Filter,E_05,Filter_E,0,10,1,Seed7Date,7/9/21,7/14/21,1,8/2/21,0,5
8,GUA,Vegetated,GUA-O,E,25,5,Filter,E_05,Filter_E,0,10,1,Seed8Date,7/9/21,7/15/21,1,8/2/21,0,6
9,GUA,Vegetated,GUA-O,E,25,5,Filter,E_05,Filter_E,0,10,1,Seed9Date,7/9/21,7/15/21,1,8/2/21,0,6
250,GUA,Vegetated,GUA-O,E,25,5,Filter,E_05,Filter_E,0,10,1,Seed10Date,7/9/21,7/16/21,1,8/2/21,0,7
251,GUA,Roadside,GUA-R,A,26,6,Filter,A_06,Filter_A,2,8,0.8,Seed1Date,7/9/21,7/15/21,1,8/2/21,0,6
252,GUA,Roadside,GUA-R,A,26,6,Filter,A_06,Filter_A,2,8,0.8,Seed2Date,7/9/21,7/16/21,1,8/2/21,0,7
253,GUA,Roadside,GUA-R,A,26,6,Filter,A_06,Filter_A,2,8,0.8,Seed3Date,7/9/21,7/16/21,1,8/2/21,0,7
254,GUA,Roadside,GUA-R,A,26,6,Filter,A_06,Filter_A,2,8,0.8,Seed4Date,7/9/21,7/18/21,1,8/2/21,0,9
255,GUA,Roadside,GUA-R,A,26,6,Filter,A_06,Filter_A,2,8,0.8,Seed5Date,7/9/21,7/19/21,1,8/2/21,0,10
256,GUA,Roadside,GUA-R,A,26,6,Filter,A_06,Filter_A,2,8,0.8,Seed6Date,7/9/21,7/20/21,1,8/2/21,0,11
257,GUA,Roadside,GUA-R,A,26,6,Filter,A_06,Filter_A,2,8,0.8,Seed7Date,7/9/21,7/20/21,1,8/2/21,0,11
258,GUA,Roadside,GUA-R,A,26,6,Filter,A_06,Filter_A,2,8,0.8,Seed8Date,7/9/21,7/21/21,1,8/2/21,0,12
259,GUA,Roadside,GUA-R,A,26,6,Filter,A_06,Filter_A,2,8,0.8,Seed9Date,7/9/21,,NA,8/2/21,0,0
260,GUA,Roadside,GUA-R,A,26,6,Filter,A_06,Filter_A,2,8,0.8,Seed10Date,7/9/21,,NA,8/2/21,0,0
261,GUA,Roadside,GUA-R,B,27,6,Filter,B_06,Filter_B,0,10,1,Seed1Date,7/9/21,7/12/21,1,8/2/21,0,3
262,GUA,Roadside,GUA-R,B,27,6,Filter,B_06,Filter_B,0,10,1,Seed2Date,7/9/21,7/12/21,1,8/2/21,0,3
263,GUA,Roadside,GUA-R,B,27,6,Filter,B_06,Filter_B,0,10,1,Seed3Date,7/9/21,7/12/21,1,8/2/21,0,3
264,GUA,Roadside,GUA-R,B,27,6,Filter,B_06,Filter_B,0,10,1,Seed4Date,7/9/21,7/12/21,1,8/2/21,0,3
265,GUA,Roadside,GUA-R,B,27,6,Filter,B_06,Filter_B,0,10,1,Seed5Date,7/9/21,7/12/21,1,8/2/21,0,3
266,GUA,Roadside,GUA-R,B,27,6,Filter,B_06,Filter_B,0,10,1,Seed6Date,7/9/21,7/12/21,1,8/2/21,0,3
267,GUA,Roadside,GUA-R,B,27,6,Filter,B_06,Filter_B,0,10,1,Seed7Date,7/9/21,7/12/21,1,8/2/21,0,3
268,GUA,Roadside,GUA-R,B,27,6,Filter,B_06,Filter_B,0,10,1,Seed8Date,7/9/21,7/13/21,1,8/2/21,0,4
269,GUA,Roadside,GUA-R,B,27,6,Filter,B_06,Filter_B,0,10,1,Seed9Date,7/9/21,7/19/21,1,8/2/21,0,10
270,GUA,Roadside,GUA-R,B,27,6,Filter,B_06,Filter_B,0,10,1,Seed10Date,7/9/21,7/20/21,1,8/2/21,0,11
271,GUA,Roadside,GUA-R,C,28,6,Filter,C_06,Filter_C,3,7,0.7,Seed1Date,7/9/21,7/11/21,1,8/2/21,0,2
272,GUA,Roadside,GUA-R,C,28,6,Filter,C_06,Filter_C,3,7,0.7,Seed2Date,7/9/21,7/12/21,1,8/2/21,0,3
273,GUA,Roadside,GUA-R,C,28,6,Filter,C_06,Filter_C,3,7,0.7,Seed3Date,7/9/21,7/13/21,1,8/2/21,0,4
274,GUA,Roadside,GUA-R,C,28,6,Filter,C_06,Filter_C,3,7,0.7,Seed4Date,7/9/21,7/18/21,1,8/2/21,0,9
275,GUA,Roadside,GUA-R,C,28,6,Filter,C_06,Filter_C,3,7,0.7,Seed5Date,7/9/21,7/18/21,1,8/2/21,0,9
276,GUA,Roadside,GUA-R,C,28,6,Filter,C_06,Filter_C,3,7,0.7,Seed6Date,7/9/21,7/21/21,1,8/2/21,0,12
277,GUA,Roadside,GUA-R,C,28,6,Filter,C_06,Filter_C,3,7,0.7,Seed7Date,7/9/21,7/21/21,1,8/2/21,0,12
278,GUA,Roadside,GUA-R,C,28,6,Filter,C_06,Filter_C,3,7,0.7,Seed8Date,7/9/21,,NA,8/2/21,0,0
279,GUA,Roadside,GUA-R,C,28,6,Filter,C_06,Filter_C,3,7,0.7,Seed9Date,7/9/21,,NA,8/2/21,0,0
280,GUA,Roadside,GUA-R,C,28,6,Filter,C_06,Filter_C,3,7,0.7,Seed10Date,7/9/21,,NA,8/2/21,0,0
281,GUA,Roadside,GUA-R,D,29,6,Filter,D_06,Filter_D,5,5,0.5,Seed1Date,7/9/21,7/13/21,1,8/2/21,0,4
282,GUA,Roadside,GUA-R,D,29,6,Filter,D_06,Filter_D,5,5,0.5,Seed2Date,7/9/21,7/13/21,1,8/2/21,0,4
283,GUA,Roadside,GUA-R,D,29,6,Filter,D_06,Filter_D,5,5,0.5,Seed3Date,7/9/21,7/15/21,1,8/2/21,0,6
284,GUA,Roadside,GUA-R,D,29,6,Filter,D_06,Filter_D,5,5,0.5,Seed4Date,7/9/21,7/16/21,1,8/2/21,0,7
285,GUA,Roadside,GUA-R,D,29,6,Filter,D_06,Filter_D,5,5,0.5,Seed5Date,7/9/21,7/20/21,1,8/2/21,0,11
286,GUA,Roadside,GUA-R,D,29,6,Filter,D_06,Filter_D,5,5,0.5,Seed6Date,7/9/21,7/22/21,1,8/2/21,0,13
287,GUA,Roadside,GUA-R,D,29,6,Filter,D_06,Filter_D,5,5,0.5,Seed7Date,7/9/21,7/22/21,1,8/2/21,0,13
288,GUA,Roadside,GUA-R,D,29,6,Filter,D_06,Filter_D,5,5,0.5,Seed8Date,7/9/21,7/22/21,1,8/2/21,0,13
289,GUA,Roadside,GUA-R,D,29,6,Filter,D_06,Filter_D,5,5,0.5,Seed9Date,7/9/21,7/22/21,1,8/2/21,0,13
290,GUA,Roadside,GUA-R,D,29,6,Filter,D_06,Filter_D,5,5,0.5,Seed10Date,7/9/21,,NA,8/2/21,0,0
291,GUA,Roadside,GUA-R,E,30,6,Filter,E_06,Filter_E,2,8,0.8,Seed1Date,7/9/21,7/15/21,1,8/2/21,0,6
292,GUA,Roadside,GUA-R,E,30,6,Filter,E_06,Filter_E,2,8,0.8,Seed2Date,7/9/21,7/15/21,1,8/2/21,0,6
293,GUA,Roadside,GUA-R,E,30,6,Filter,E_06,Filter_E,2,8,0.8,Seed3Date,7/9/21,7/16/21,1,8/2/21,0,7
294,GUA,Roadside,GUA-R,E,30,6,Filter,E_06,Filter_E,2,8,0.8,Seed4Date,7/9/21,7/16/21,1,8/2/21,0,7
295,GUA,Roadside,GUA-R,E,30,6,Filter,E_06,Filter_E,2,8,0.8,Seed5Date,7/9/21,7/16/21,1,8/2/21,0,7
296,GUA,Roadside,GUA-R,E,30,6,Filter,E_06,Filter_E,2,8,0.8,Seed6Date,7/9/21,7/16/21,1,8/2/21,0,7
297,GUA,Roadside,GUA-R,E,30,6,Filter,E_06,Filter_E,2,8,0.8,Seed7Date,7/9/21,7/17/21,1,8/2/21,0,8
298,GUA,Roadside,GUA-R,E,30,6,Filter,E_06,Filter_E,2,8,0.8,Seed8Date,7/9/21,7/20/21,1,8/2/21,0,11
299,GUA,Roadside,GUA-R,E,30,6,Filter,E_06,Filter_E,2,8,0.8,Seed9Date,7/9/21,7/24/21,1,8/2/21,0,15
300,GUA,Roadside,GUA-R,E,30,6,Filter,E_06,Filter_E,2,8,0.8,Seed10Date,7/9/21,7/28/21,1,8/2/21,0,19
301,LEX,Vegetated,LEX-O,A,31,7,Filter,A_07,Filter_A,1,9,0.9,Seed1Date,7/9/21,7/11/21,1,8/2/21,0,2
302,LEX,Vegetated,LEX-O,A,31,7,Filter,A_07,Filter_A,1,9,0.9,Seed2Date,7/9/21,7/11/21,1,8/2/21,0,2
303,LEX,Vegetated,LEX-O,A,31,7,Filter,A_07,Filter_A,1,9,0.9,Seed3Date,7/9/21,7/11/21,1,8/2/21,0,2
304,LEX,Vegetated,LEX-O,A,31,7,Filter,A_07,Filter_A,1,9,0.9,Seed4Date,7/9/21,7/11/21,1,8/2/21,0,2
305,LEX,Vegetated,LEX-O,A,31,7,Filter,A_07,Filter_A,1,9,0.9,Seed5Date,7/9/21,7/12/21,1,8/2/21,0,3
306,LEX,Vegetated,LEX-O,A,31,7,Filter,A_07,Filter_A,1,9,0.9,Seed6Date,7/9/21,7/12/21,1,8/2/21,0,3
307,LEX,Vegetated,LEX-O,A,31,7,Filter,A_07,Filter_A,1,9,0.9,Seed7Date,7/9/21,7/12/21,1,8/2/21,0,3
308,LEX,Vegetated,LEX-O,A,31,7,Filter,A_07,Filter_A,1,9,0.9,Seed8Date,7/9/21,7/12/21,1,8/2/21,0,3
309,LEX,Vegetated,LEX-O,A,31,7,Filter,A_07,Filter_A,1,9,0.9,Seed9Date,7/9/21,7/14/21,1,8/2/21,0,5
310,LEX,Vegetated,LEX-O,A,31,7,Filter,A_07,Filter_A,1,9,0.9,Seed10Date,7/9/21,,NA,8/2/21,0,0
311,LEX,Vegetated,LEX-O,B,32,7,Filter,B_07,Filter_B,1,9,0.9,Seed1Date,7/9/21,7/11/21,1,8/2/21,0,2
312,LEX,Vegetated,LEX-O,B,32,7,Filter,B_07,Filter_B,1,9,0.9,Seed2Date,7/9/21,7/11/21,1,8/2/21,0,2
313,LEX,Vegetated,LEX-O,B,32,7,Filter,B_07,Filter_B,1,9,0.9,Seed3Date,7/9/21,7/11/21,1,8/2/21,0,2
314,LEX,Vegetated,LEX-O,B,32,7,Filter,B_07,Filter_B,1,9,0.9,Seed4Date,7/9/21,7/12/21,1,8/2/21,0,3
315,LEX,Vegetated,LEX-O,B,32,7,Filter,B_07,Filter_B,1,9,0.9,Seed5Date,7/9/21,7/12/21,1,8/2/21,0,3
316,LEX,Vegetated,LEX-O,B,32,7,Filter,B_07,Filter_B,1,9,0.9,Seed6Date,7/9/21,7/12/21,1,8/2/21,0,3
317,LEX,Vegetated,LEX-O,B,32,7,Filter,B_07,Filter_B,1,9,0.9,Seed7Date,7/9/21,7/14/21,1,8/2/21,0,5
318,LEX,Vegetated,LEX-O,B,32,7,Filter,B_07,Filter_B,1,9,0.9,Seed8Date,7/9/21,7/16/21,1,8/2/21,0,7
319,LEX,Vegetated,LEX-O,B,32,7,Filter,B_07,Filter_B,1,9,0.9,Seed9Date,7/9/21,7/16/21,1,8/2/21,0,7
320,LEX,Vegetated,LEX-O,B,32,7,Filter,B_07,Filter_B,1,9,0.9,Seed10Date,7/9/21,,NA,8/2/21,0,0
321,LEX,Vegetated,LEX-O,C,33,7,Filter,C_07,Filter_C,3,7,0.7,Seed1Date,7/9/21,7/11/21,1,8/2/21,0,2
322,LEX,Vegetated,LEX-O,C,33,7,Filter,C_07,Filter_C,3,7,0.7,Seed2Date,7/9/21,7/11/21,1,8/2/21,0,2
323,LEX,Vegetated,LEX-O,C,33,7,Filter,C_07,Filter_C,3,7,0.7,Seed3Date,7/9/21,7/12/21,1,8/2/21,0,3
30,LEX,Vegetated,LEX-O,C,33,7,Filter,C_07,Filter_C,3,7,0.7,Seed4Date,7/9/21,7/12/21,1,8/2/21,0,3
325,LEX,Vegetated,LEX-O,C,33,7,Filter,C_07,Filter_C,3,7,0.7,Seed5Date,7/9/21,7/12/21,1,8/2/21,0,3
326,LEX,Vegetated,LEX-O,C,33,7,Filter,C_07,Filter_C,3,7,0.7,Seed6Date,7/9/21,7/12/21,1,8/2/21,0,3
327,LEX,Vegetated,LEX-O,C,33,7,Filter,C_07,Filter_C,3,7,0.7,Seed7Date,7/9/21,7/12/21,1,8/2/21,0,3
328,LEX,Vegetated,LEX-O,C,33,7,Filter,C_07,Filter_C,3,7,0.7,Seed8Date,7/9/21,7/23/21,1,8/2/21,0,14
329,LEX,Vegetated,LEX-O,C,33,7,Filter,C_07,Filter_C,3,7,0.7,Seed9Date,7/9/21,7/29/21,1,8/2/21,0,20
330,LEX,Vegetated,LEX-O,C,33,7,Filter,C_07,Filter_C,3,7,0.7,Seed10Date,7/9/21,,NA,8/2/21,0,0
331,LEX,Vegetated,LEX-O,D,34,7,Filter,D_07,Filter_D,2,8,0.8,Seed1Date,7/9/21,7/11/21,1,8/2/21,0,2
332,LEX,Vegetated,LEX-O,D,34,7,Filter,D_07,Filter_D,2,8,0.8,Seed2Date,7/9/21,7/12/21,1,8/2/21,0,3
333,LEX,Vegetated,LEX-O,D,34,7,Filter,D_07,Filter_D,2,8,0.8,Seed3Date,7/9/21,7/12/21,1,8/2/21,0,3
334,LEX,Vegetated,LEX-O,D,34,7,Filter,D_07,Filter_D,2,8,0.8,Seed4Date,7/9/21,7/12/21,1,8/2/21,0,3
335,LEX,Vegetated,LEX-O,D,34,7,Filter,D_07,Filter_D,2,8,0.8,Seed5Date,7/9/21,7/12/21,1,8/2/21,0,3
336,LEX,Vegetated,LEX-O,D,34,7,Filter,D_07,Filter_D,2,8,0.8,Seed6Date,7/9/21,7/12/21,1,8/2/21,0,3
337,LEX,Vegetated,LEX-O,D,34,7,Filter,D_07,Filter_D,2,8,0.8,Seed7Date,7/9/21,7/14/21,1,8/2/21,0,5
338,LEX,Vegetated,LEX-O,D,34,7,Filter,D_07,Filter_D,2,8,0.8,Seed8Date,7/9/21,7/14/21,1,8/2/21,0,5
339,LEX,Vegetated,LEX-O,D,34,7,Filter,D_07,Filter_D,2,8,0.8,Seed9Date,7/9/21,,NA,8/2/21,0,0
340,LEX,Vegetated,LEX-O,D,34,7,Filter,D_07,Filter_D,2,8,0.8,Seed10Date,7/9/21,,NA,8/2/21,0,0
341,LEX,Vegetated,LEX-O,E,35,7,Filter,E_07,Filter_E,0,10,1,Seed1Date,7/9/21,7/11/21,1,8/2/21,0,2
342,LEX,Vegetated,LEX-O,E,35,7,Filter,E_07,Filter_E,0,10,1,Seed2Date,7/9/21,7/11/21,1,8/2/21,0,2
343,LEX,Vegetated,LEX-O,E,35,7,Filter,E_07,Filter_E,0,10,1,Seed3Date,7/9/21,7/11/21,1,8/2/21,0,2
344,LEX,Vegetated,LEX-O,E,35,7,Filter,E_07,Filter_E,0,10,1,Seed4Date,7/9/21,7/11/21,1,8/2/21,0,2
345,LEX,Vegetated,LEX-O,E,35,7,Filter,E_07,Filter_E,0,10,1,Seed5Date,7/9/21,7/11/21,1,8/2/21,0,2
346,LEX,Vegetated,LEX-O,E,35,7,Filter,E_07,Filter_E,0,10,1,Seed6Date,7/9/21,7/12/21,1,8/2/21,0,3
347,LEX,Vegetated,LEX-O,E,35,7,Filter,E_07,Filter_E,0,10,1,Seed7Date,7/9/21,7/12/21,1,8/2/21,0,3
348,LEX,Vegetated,LEX-O,E,35,7,Filter,E_07,Filter_E,0,10,1,Seed8Date,7/9/21,7/13/21,1,8/2/21,0,4
349,LEX,Vegetated,LEX-O,E,35,7,Filter,E_07,Filter_E,0,10,1,Seed9Date,7/9/21,7/13/21,1,8/2/21,0,4
350,LEX,Vegetated,LEX-O,E,35,7,Filter,E_07,Filter_E,0,10,1,Seed10Date,7/9/21,7/16/21,1,8/2/21,0,7
351,LEX,Roadside,LEX-R,A,36,8,Filter,A_08,Filter_A,2,8,0.8,Seed1Date,7/9/21,7/11/21,1,8/2/21,0,2
352,LEX,Roadside,LEX-R,A,36,8,Filter,A_08,Filter_A,2,8,0.8,Seed2Date,7/9/21,7/15/21,1,8/2/21,0,6
353,LEX,Roadside,LEX-R,A,36,8,Filter,A_08,Filter_A,2,8,0.8,Seed3Date,7/9/21,7/16/21,1,8/2/21,0,7
354,LEX,Roadside,LEX-R,A,36,8,Filter,A_08,Filter_A,2,8,0.8,Seed4Date,7/9/21,7/16/21,1,8/2/21,0,7
355,LEX,Roadside,LEX-R,A,36,8,Filter,A_08,Filter_A,2,8,0.8,Seed5Date,7/9/21,7/16/21,1,8/2/21,0,7
356,LEX,Roadside,LEX-R,A,36,8,Filter,A_08,Filter_A,2,8,0.8,Seed6Date,7/9/21,7/16/21,1,8/2/21,0,7
357,LEX,Roadside,LEX-R,A,36,8,Filter,A_08,Filter_A,2,8,0.8,Seed7Date,7/9/21,7/16/21,1,8/2/21,0,7
358,LEX,Roadside,LEX-R,A,36,8,Filter,A_08,Filter_A,2,8,0.8,Seed8Date,7/9/21,7/16/21,1,8/2/21,0,7
359,LEX,Roadside,LEX-R,A,36,8,Filter,A_08,Filter_A,2,8,0.8,Seed9Date,7/9/21,,NA,8/2/21,0,0
360,LEX,Roadside,LEX-R,A,36,8,Filter,A_08,Filter_A,2,8,0.8,Seed10Date,7/9/21,,NA,8/2/21,0,0
361,LEX,Roadside,LEX-R,B,37,8,Filter,B_08,Filter_B,1,9,0.9,Seed1Date,7/9/21,7/11/21,1,8/2/21,0,2
362,LEX,Roadside,LEX-R,B,37,8,Filter,B_08,Filter_B,1,9,0.9,Seed2Date,7/9/21,7/11/21,1,8/2/21,0,2
363,LEX,Roadside,LEX-R,B,37,8,Filter,B_08,Filter_B,1,9,0.9,Seed3Date,7/9/21,7/11/21,1,8/2/21,0,2
364,LEX,Roadside,LEX-R,B,37,8,Filter,B_08,Filter_B,1,9,0.9,Seed4Date,7/9/21,7/13/21,1,8/2/21,0,4
365,LEX,Roadside,LEX-R,B,37,8,Filter,B_08,Filter_B,1,9,0.9,Seed5Date,7/9/21,7/14/21,1,8/2/21,0,5
366,LEX,Roadside,LEX-R,B,37,8,Filter,B_08,Filter_B,1,9,0.9,Seed6Date,7/9/21,7/15/21,1,8/2/21,0,6
367,LEX,Roadside,LEX-R,B,37,8,Filter,B_08,Filter_B,1,9,0.9,Seed7Date,7/9/21,7/15/21,1,8/2/21,0,6
368,LEX,Roadside,LEX-R,B,37,8,Filter,B_08,Filter_B,1,9,0.9,Seed8Date,7/9/21,7/15/21,1,8/2/21,0,6
369,LEX,Roadside,LEX-R,B,37,8,Filter,B_08,Filter_B,1,9,0.9,Seed9Date,7/9/21,7/17/21,1,8/2/21,0,8
370,LEX,Roadside,LEX-R,B,37,8,Filter,B_08,Filter_B,1,9,0.9,Seed10Date,7/9/21,,NA,8/2/21,0,0
371,LEX,Roadside,LEX-R,C,38,8,Filter,C_08,Filter_C,7,3,0.3,Seed1Date,7/9/21,7/12/21,1,8/2/21,0,3
372,LEX,Roadside,LEX-R,C,38,8,Filter,C_08,Filter_C,7,3,0.3,Seed2Date,7/9/21,7/12/21,1,8/2/21,0,3
373,LEX,Roadside,LEX-R,C,38,8,Filter,C_08,Filter_C,7,3,0.3,Seed3Date,7/9/21,7/12/21,1,8/2/21,0,3
374,LEX,Roadside,LEX-R,C,38,8,Filter,C_08,Filter_C,7,3,0.3,Seed4Date,7/9/21,7/23/21,1,8/2/21,0,14
375,LEX,Roadside,LEX-R,C,38,8,Filter,C_08,Filter_C,7,3,0.3,Seed5Date,7/9/21,7/26/21,1,8/2/21,0,17
376,LEX,Roadside,LEX-R,C,38,8,Filter,C_08,Filter_C,7,3,0.3,Seed6Date,7/9/21,7/28/21,1,8/2/21,0,19
377,LEX,Roadside,LEX-R,C,38,8,Filter,C_08,Filter_C,7,3,0.3,Seed7Date,7/9/21,7/29/21,1,8/2/21,0,20
378,LEX,Roadside,LEX-R,C,38,8,Filter,C_08,Filter_C,7,3,0.3,Seed8Date,7/9/21,,NA,8/2/21,0,0
379,LEX,Roadside,LEX-R,C,38,8,Filter,C_08,Filter_C,7,3,0.3,Seed9Date,7/9/21,,NA,8/2/21,0,0
380,LEX,Roadside,LEX-R,C,38,8,Filter,C_08,Filter_C,7,3,0.3,Seed10Date,7/9/21,,NA,8/2/21,0,0
381,LEX,Roadside,LEX-R,D,39,8,Filter,D_08,Filter_D,7,3,0.3,Seed1Date,7/9/21,7/11/21,1,8/2/21,0,2
382,LEX,Roadside,LEX-R,D,39,8,Filter,D_08,Filter_D,7,3,0.3,Seed2Date,7/9/21,7/12/21,1,8/2/21,0,3
383,LEX,Roadside,LEX-R,D,39,8,Filter,D_08,Filter_D,7,3,0.3,Seed3Date,7/9/21,7/14/21,1,8/2/21,0,5
384,LEX,Roadside,LEX-R,D,39,8,Filter,D_08,Filter_D,7,3,0.3,Seed4Date,7/9/21,7/26/21,1,8/2/21,0,17
385,LEX,Roadside,LEX-R,D,39,8,Filter,D_08,Filter_D,7,3,0.3,Seed5Date,7/9/21,,NA,8/2/21,0,0
386,LEX,Roadside,LEX-R,D,39,8,Filter,D_08,Filter_D,7,3,0.3,Seed6Date,7/9/21,,NA,8/2/21,0,0
387,LEX,Roadside,LEX-R,D,39,8,Filter,D_08,Filter_D,7,3,0.3,Seed7Date,7/9/21,,NA,8/2/21,0,0
388,LEX,Roadside,LEX-R,D,39,8,Filter,D_08,Filter_D,7,3,0.3,Seed8Date,7/9/21,,NA,8/2/21,0,0
389,LEX,Roadside,LEX-R,D,39,8,Filter,D_08,Filter_D,7,3,0.3,Seed9Date,7/9/21,,NA,8/2/21,0,0
390,LEX,Roadside,LEX-R,D,39,8,Filter,D_08,Filter_D,7,3,0.3,Seed10Date,7/9/21,,NA,8/2/21,0,0
391,LEX,Roadside,LEX-R,E,40,8,Filter,E_08,Filter_E,4,6,0.6,Seed1Date,7/9/21,7/11/21,1,8/2/21,0,2
392,LEX,Roadside,LEX-R,E,40,8,Filter,E_08,Filter_E,4,6,0.6,Seed2Date,7/9/21,7/11/21,1,8/2/21,0,2
393,LEX,Roadside,LEX-R,E,40,8,Filter,E_08,Filter_E,4,6,0.6,Seed3Date,7/9/21,7/11/21,1,8/2/21,0,2
394,LEX,Roadside,LEX-R,E,40,8,Filter,E_08,Filter_E,4,6,0.6,Seed4Date,7/9/21,7/12/21,1,8/2/21,0,3
395,LEX,Roadside,LEX-R,E,40,8,Filter,E_08,Filter_E,4,6,0.6,Seed5Date,7/9/21,7/13/21,1,8/2/21,0,4
396,LEX,Roadside,LEX-R,E,40,8,Filter,E_08,Filter_E,4,6,0.6,Seed6Date,7/9/21,7/15/21,1,8/2/21,0,6
397,LEX,Roadside,LEX-R,E,40,8,Filter,E_08,Filter_E,4,6,0.6,Seed7Date,7/9/21,7/23/21,1,8/2/21,0,14
398,LEX,Roadside,LEX-R,E,40,8,Filter,E_08,Filter_E,4,6,0.6,Seed8Date,7/9/21,,NA,8/2/21,0,0
399,LEX,Roadside,LEX-R,E,40,8,Filter,E_08,Filter_E,4,6,0.6,Seed9Date,7/9/21,,NA,8/2/21,0,0
400,LEX,Roadside,LEX-R,E,40,8,Filter,E_08,Filter_E,4,6,0.6,Seed10Date,7/9/21,,NA,8/2/21,0,0
401,OAP,Vegetated,OAP-O,A,41,9,Filter,A_09,Filter_A,3,7,0.7,Seed1Date,7/9/21,7/12/21,1,8/2/21,0,3
402,OAP,Vegetated,OAP-O,A,41,9,Filter,A_09,Filter_A,3,7,0.7,Seed2Date,7/9/21,7/12/21,1,8/2/21,0,3
403,OAP,Vegetated,OAP-O,A,41,9,Filter,A_09,Filter_A,3,7,0.7,Seed3Date,7/9/21,7/12/21,1,8/2/21,0,3
404,OAP,Vegetated,OAP-O,A,41,9,Filter,A_09,Filter_A,3,7,0.7,Seed4Date,7/9/21,7/13/21,1,8/2/21,0,4
405,OAP,Vegetated,OAP-O,A,41,9,Filter,A_09,Filter_A,3,7,0.7,Seed5Date,7/9/21,7/13/21,1,8/2/21,0,4
406,OAP,Vegetated,OAP-O,A,41,9,Filter,A_09,Filter_A,3,7,0.7,Seed6Date,7/9/21,7/15/21,1,8/2/21,0,6
407,OAP,Vegetated,OAP-O,A,41,9,Filter,A_09,Filter_A,3,7,0.7,Seed7Date,7/9/21,7/17/21,1,8/2/21,0,8
408,OAP,Vegetated,OAP-O,A,41,9,Filter,A_09,Filter_A,3,7,0.7,Seed8Date,7/9/21,,NA,8/2/21,0,0
409,OAP,Vegetated,OAP-O,A,41,9,Filter,A_09,Filter_A,3,7,0.7,Seed9Date,7/9/21,,NA,8/2/21,0,0
410,OAP,Vegetated,OAP-O,A,41,9,Filter,A_09,Filter_A,3,7,0.7,Seed10Date,7/9/21,,NA,8/2/21,0,0
411,OAP,Vegetated,OAP-O,B,42,9,Filter,B_09,Filter_B,5,5,0.5,Seed1Date,7/9/21,7/12/21,1,8/2/21,0,3
412,OAP,Vegetated,OAP-O,B,42,9,Filter,B_09,Filter_B,5,5,0.5,Seed2Date,7/9/21,7/13/21,1,8/2/21,0,4
413,OAP,Vegetated,OAP-O,B,42,9,Filter,B_09,Filter_B,5,5,0.5,Seed3Date,7/9/21,7/13/21,1,8/2/21,0,4
414,OAP,Vegetated,OAP-O,B,42,9,Filter,B_09,Filter_B,5,5,0.5,Seed4Date,7/9/21,7/13/21,1,8/2/21,0,4
415,OAP,Vegetated,OAP-O,B,42,9,Filter,B_09,Filter_B,5,5,0.5,Seed5Date,7/9/21,7/16/21,1,8/2/21,0,7
416,OAP,Vegetated,OAP-O,B,42,9,Filter,B_09,Filter_B,5,5,0.5,Seed6Date,7/9/21,,NA,8/2/21,0,0
417,OAP,Vegetated,OAP-O,B,42,9,Filter,B_09,Filter_B,5,5,0.5,Seed7Date,7/9/21,,NA,8/2/21,0,0
418,OAP,Vegetated,OAP-O,B,42,9,Filter,B_09,Filter_B,5,5,0.5,Seed8Date,7/9/21,,NA,8/2/21,0,0
419,OAP,Vegetated,OAP-O,B,42,9,Filter,B_09,Filter_B,5,5,0.5,Seed9Date,7/9/21,,NA,8/2/21,0,0
420,OAP,Vegetated,OAP-O,B,42,9,Filter,B_09,Filter_B,5,5,0.5,Seed10Date,7/9/21,,NA,8/2/21,0,0
421,OAP,Vegetated,OAP-O,C,43,9,Filter,C_09,Filter_C,0,10,1,Seed1Date,7/9/21,7/11/21,1,8/2/21,0,2
422,OAP,Vegetated,OAP-O,C,43,9,Filter,C_09,Filter_C,0,10,1,Seed2Date,7/9/21,7/12/21,1,8/2/21,0,3
423,OAP,Vegetated,OAP-O,C,43,9,Filter,C_09,Filter_C,0,10,1,Seed3Date,7/9/21,7/12/21,1,8/2/21,0,3
40,OAP,Vegetated,OAP-O,C,43,9,Filter,C_09,Filter_C,0,10,1,Seed4Date,7/9/21,7/12/21,1,8/2/21,0,3
425,OAP,Vegetated,OAP-O,C,43,9,Filter,C_09,Filter_C,0,10,1,Seed5Date,7/9/21,7/12/21,1,8/2/21,0,3
426,OAP,Vegetated,OAP-O,C,43,9,Filter,C_09,Filter_C,0,10,1,Seed6Date,7/9/21,7/12/21,1,8/2/21,0,3
427,OAP,Vegetated,OAP-O,C,43,9,Filter,C_09,Filter_C,0,10,1,Seed7Date,7/9/21,7/13/21,1,8/2/21,0,4
428,OAP,Vegetated,OAP-O,C,43,9,Filter,C_09,Filter_C,0,10,1,Seed8Date,7/9/21,7/13/21,1,8/2/21,0,4
429,OAP,Vegetated,OAP-O,C,43,9,Filter,C_09,Filter_C,0,10,1,Seed9Date,7/9/21,7/13/21,1,8/2/21,0,4
430,OAP,Vegetated,OAP-O,C,43,9,Filter,C_09,Filter_C,0,10,1,Seed10Date,7/9/21,7/14/21,1,8/2/21,0,5
431,OAP,Vegetated,OAP-O,D,44,9,Filter,D_09,Filter_D,5,5,0.5,Seed1Date,7/9/21,7/12/21,1,8/2/21,0,3
432,OAP,Vegetated,OAP-O,D,44,9,Filter,D_09,Filter_D,5,5,0.5,Seed2Date,7/9/21,7/12/21,1,8/2/21,0,3
433,OAP,Vegetated,OAP-O,D,44,9,Filter,D_09,Filter_D,5,5,0.5,Seed3Date,7/9/21,7/13/21,1,8/2/21,0,4
434,OAP,Vegetated,OAP-O,D,44,9,Filter,D_09,Filter_D,5,5,0.5,Seed4Date,7/9/21,7/15/21,1,8/2/21,0,6
435,OAP,Vegetated,OAP-O,D,44,9,Filter,D_09,Filter_D,5,5,0.5,Seed5Date,7/9/21,7/20/21,1,8/2/21,0,11
436,OAP,Vegetated,OAP-O,D,44,9,Filter,D_09,Filter_D,5,5,0.5,Seed6Date,7/9/21,,NA,8/2/21,0,0
437,OAP,Vegetated,OAP-O,D,44,9,Filter,D_09,Filter_D,5,5,0.5,Seed7Date,7/9/21,,NA,8/2/21,0,0
438,OAP,Vegetated,OAP-O,D,44,9,Filter,D_09,Filter_D,5,5,0.5,Seed8Date,7/9/21,,NA,8/2/21,0,0
439,OAP,Vegetated,OAP-O,D,44,9,Filter,D_09,Filter_D,5,5,0.5,Seed9Date,7/9/21,,NA,8/2/21,0,0
440,OAP,Vegetated,OAP-O,D,44,9,Filter,D_09,Filter_D,5,5,0.5,Seed10Date,7/9/21,,NA,8/2/21,0,0
441,OAP,Vegetated,OAP-O,E,45,9,Filter,E_09,Filter_E,4,6,0.6,Seed1Date,7/9/21,7/11/21,1,8/2/21,0,2
442,OAP,Vegetated,OAP-O,E,45,9,Filter,E_09,Filter_E,4,6,0.6,Seed2Date,7/9/21,7/12/21,1,8/2/21,0,3
443,OAP,Vegetated,OAP-O,E,45,9,Filter,E_09,Filter_E,4,6,0.6,Seed3Date,7/9/21,7/12/21,1,8/2/21,0,3
444,OAP,Vegetated,OAP-O,E,45,9,Filter,E_09,Filter_E,4,6,0.6,Seed4Date,7/9/21,7/14/21,1,8/2/21,0,5
445,OAP,Vegetated,OAP-O,E,45,9,Filter,E_09,Filter_E,4,6,0.6,Seed5Date,7/9/21,7/15/21,1,8/2/21,0,6
446,OAP,Vegetated,OAP-O,E,45,9,Filter,E_09,Filter_E,4,6,0.6,Seed6Date,7/9/21,7/15/21,1,8/2/21,0,6
447,OAP,Vegetated,OAP-O,E,45,9,Filter,E_09,Filter_E,4,6,0.6,Seed7Date,7/9/21,7/28/21,1,8/2/21,0,19
448,OAP,Vegetated,OAP-O,E,45,9,Filter,E_09,Filter_E,4,6,0.6,Seed8Date,7/9/21,,NA,8/2/21,0,0
449,OAP,Vegetated,OAP-O,E,45,9,Filter,E_09,Filter_E,4,6,0.6,Seed9Date,7/9/21,,NA,8/2/21,0,0
450,OAP,Vegetated,OAP-O,E,45,9,Filter,E_09,Filter_E,4,6,0.6,Seed10Date,7/9/21,,NA,8/2/21,0,0
451,OAP,Roadside,OAP-R,A,46,10,Filter,A_10,Filter_A,6,4,0.4,Seed1Date,7/9/21,7/12/21,1,8/2/21,0,3
452,OAP,Roadside,OAP-R,A,46,10,Filter,A_10,Filter_A,6,4,0.4,Seed2Date,7/9/21,7/12/21,1,8/2/21,0,3
453,OAP,Roadside,OAP-R,A,46,10,Filter,A_10,Filter_A,6,4,0.4,Seed3Date,7/9/21,7/13/21,1,8/2/21,0,4
454,OAP,Roadside,OAP-R,A,46,10,Filter,A_10,Filter_A,6,4,0.4,Seed4Date,7/9/21,7/14/21,1,8/2/21,0,5
455,OAP,Roadside,OAP-R,A,46,10,Filter,A_10,Filter_A,6,4,0.4,Seed5Date,7/9/21,,NA,8/2/21,0,0
456,OAP,Roadside,OAP-R,A,46,10,Filter,A_10,Filter_A,6,4,0.4,Seed6Date,7/9/21,,NA,8/2/21,0,0
457,OAP,Roadside,OAP-R,A,46,10,Filter,A_10,Filter_A,6,4,0.4,Seed7Date,7/9/21,,NA,8/2/21,0,0
458,OAP,Roadside,OAP-R,A,46,10,Filter,A_10,Filter_A,6,4,0.4,Seed8Date,7/9/21,,NA,8/2/21,0,0
459,OAP,Roadside,OAP-R,A,46,10,Filter,A_10,Filter_A,6,4,0.4,Seed9Date,7/9/21,,NA,8/2/21,0,0
460,OAP,Roadside,OAP-R,A,46,10,Filter,A_10,Filter_A,6,4,0.4,Seed10Date,7/9/21,,NA,8/2/21,0,0
461,OAP,Roadside,OAP-R,B,47,10,Filter,B_10,Filter_B,5,5,0.5,Seed1Date,7/9/21,7/12/21,1,8/2/21,0,3
462,OAP,Roadside,OAP-R,B,47,10,Filter,B_10,Filter_B,5,5,0.5,Seed2Date,7/9/21,7/12/21,1,8/2/21,0,3
463,OAP,Roadside,OAP-R,B,47,10,Filter,B_10,Filter_B,5,5,0.5,Seed3Date,7/9/21,7/12/21,1,8/2/21,0,3
464,OAP,Roadside,OAP-R,B,47,10,Filter,B_10,Filter_B,5,5,0.5,Seed4Date,7/9/21,7/19/21,1,8/2/21,0,10
465,OAP,Roadside,OAP-R,B,47,10,Filter,B_10,Filter_B,5,5,0.5,Seed5Date,7/9/21,7/21/21,1,8/2/21,0,12
466,OAP,Roadside,OAP-R,B,47,10,Filter,B_10,Filter_B,5,5,0.5,Seed6Date,7/9/21,7/23/21,1,8/2/21,0,14
467,OAP,Roadside,OAP-R,B,47,10,Filter,B_10,Filter_B,5,5,0.5,Seed7Date,7/9/21,7/23/21,1,8/2/21,0,14
468,OAP,Roadside,OAP-R,B,47,10,Filter,B_10,Filter_B,5,5,0.5,Seed8Date,7/9/21,7/26/21,1,8/2/21,0,17
469,OAP,Roadside,OAP-R,B,47,10,Filter,B_10,Filter_B,5,5,0.5,Seed9Date,7/9/21,7/27/21,1,8/2/21,0,18
470,OAP,Roadside,OAP-R,B,47,10,Filter,B_10,Filter_B,5,5,0.5,Seed10Date,7/9/21,,NA,8/2/21,0,0
471,OAP,Roadside,OAP-R,C,48,10,Filter,C_10,Filter_C,2,8,0.8,Seed1Date,7/9/21,7/11/21,1,8/2/21,0,2
472,OAP,Roadside,OAP-R,C,48,10,Filter,C_10,Filter_C,2,8,0.8,Seed2Date,7/9/21,7/12/21,1,8/2/21,0,3
473,OAP,Roadside,OAP-R,C,48,10,Filter,C_10,Filter_C,2,8,0.8,Seed3Date,7/9/21,7/12/21,1,8/2/21,0,3
474,OAP,Roadside,OAP-R,C,48,10,Filter,C_10,Filter_C,2,8,0.8,Seed4Date,7/9/21,7/12/21,1,8/2/21,0,3
475,OAP,Roadside,OAP-R,C,48,10,Filter,C_10,Filter_C,2,8,0.8,Seed5Date,7/9/21,7/12/21,1,8/2/21,0,3
476,OAP,Roadside,OAP-R,C,48,10,Filter,C_10,Filter_C,2,8,0.8,Seed6Date,7/9/21,7/16/21,1,8/2/21,0,7
477,OAP,Roadside,OAP-R,C,48,10,Filter,C_10,Filter_C,2,8,0.8,Seed7Date,7/9/21,7/19/21,1,8/2/21,0,10
478,OAP,Roadside,OAP-R,C,48,10,Filter,C_10,Filter_C,2,8,0.8,Seed8Date,7/9/21,7/20/21,1,8/2/21,0,11
479,OAP,Roadside,OAP-R,C,48,10,Filter,C_10,Filter_C,2,8,0.8,Seed9Date,7/9/21,,NA,8/2/21,0,0
480,OAP,Roadside,OAP-R,C,48,10,Filter,C_10,Filter_C,2,8,0.8,Seed10Date,7/9/21,,NA,8/2/21,0,0
481,OAP,Roadside,OAP-R,D,49,10,Filter,D_10,Filter_D,5,5,0.5,Seed1Date,7/9/21,7/11/21,1,8/2/21,0,2
482,OAP,Roadside,OAP-R,D,49,10,Filter,D_10,Filter_D,5,5,0.5,Seed2Date,7/9/21,7/12/21,1,8/2/21,0,3
483,OAP,Roadside,OAP-R,D,49,10,Filter,D_10,Filter_D,5,5,0.5,Seed3Date,7/9/21,7/12/21,1,8/2/21,0,3
484,OAP,Roadside,OAP-R,D,49,10,Filter,D_10,Filter_D,5,5,0.5,Seed4Date,7/9/21,7/14/21,1,8/2/21,0,5
485,OAP,Roadside,OAP-R,D,49,10,Filter,D_10,Filter_D,5,5,0.5,Seed5Date,7/9/21,7/15/21,1,8/2/21,0,6
486,OAP,Roadside,OAP-R,D,49,10,Filter,D_10,Filter_D,5,5,0.5,Seed6Date,7/9/21,7/25/21,1,8/2/21,0,16
487,OAP,Roadside,OAP-R,D,49,10,Filter,D_10,Filter_D,5,5,0.5,Seed7Date,7/9/21,7/27/21,1,8/2/21,0,18
488,OAP,Roadside,OAP-R,D,49,10,Filter,D_10,Filter_D,5,5,0.5,Seed8Date,7/9/21,,NA,8/2/21,0,0
489,OAP,Roadside,OAP-R,D,49,10,Filter,D_10,Filter_D,5,5,0.5,Seed9Date,7/9/21,,NA,8/2/21,0,0
490,OAP,Roadside,OAP-R,D,49,10,Filter,D_10,Filter_D,5,5,0.5,Seed10Date,7/9/21,,NA,8/2/21,0,0
491,OAP,Roadside,OAP-R,E,50,10,Filter,E_10,Filter_E,3,7,0.7,Seed1Date,7/9/21,7/12/21,1,8/2/21,0,3
492,OAP,Roadside,OAP-R,E,50,10,Filter,E_10,Filter_E,3,7,0.7,Seed2Date,7/9/21,7/12/21,1,8/2/21,0,3
493,OAP,Roadside,OAP-R,E,50,10,Filter,E_10,Filter_E,3,7,0.7,Seed3Date,7/9/21,7/12/21,1,8/2/21,0,3
494,OAP,Roadside,OAP-R,E,50,10,Filter,E_10,Filter_E,3,7,0.7,Seed4Date,7/9/21,7/12/21,1,8/2/21,0,3
495,OAP,Roadside,OAP-R,E,50,10,Filter,E_10,Filter_E,3,7,0.7,Seed5Date,7/9/21,7/15/21,1,8/2/21,0,6
496,OAP,Roadside,OAP-R,E,50,10,Filter,E_10,Filter_E,3,7,0.7,Seed6Date,7/9/21,7/18/21,1,8/2/21,0,9
497,OAP,Roadside,OAP-R,E,50,10,Filter,E_10,Filter_E,3,7,0.7,Seed7Date,7/9/21,7/20/21,1,8/2/21,0,11
498,OAP,Roadside,OAP-R,E,50,10,Filter,E_10,Filter_E,3,7,0.7,Seed8Date,7/9/21,7/23/21,1,8/2/21,0,14
499,OAP,Roadside,OAP-R,E,50,10,Filter,E_10,Filter_E,3,7,0.7,Seed9Date,7/9/21,7/28/21,1,8/2/21,0,19
500,OAP,Roadside,OAP-R,E,50,10,Filter,E_10,Filter_E,3,7,0.7,Seed10Date,7/9/21,8/1/21,1,8/2/21,0,23
501,PAR,Vegetated,PAR-O,A,51,11,Filter,A_11,Filter_A,6,4,0.4,Seed1Date,7/9/21,7/11/21,1,8/2/21,0,2
502,PAR,Vegetated,PAR-O,A,51,11,Filter,A_11,Filter_A,6,4,0.4,Seed2Date,7/9/21,7/12/21,1,8/2/21,0,3
503,PAR,Vegetated,PAR-O,A,51,11,Filter,A_11,Filter_A,6,4,0.4,Seed3Date,7/9/21,7/13/21,1,8/2/21,0,4
504,PAR,Vegetated,PAR-O,A,51,11,Filter,A_11,Filter_A,6,4,0.4,Seed4Date,7/9/21,7/13/21,1,8/2/21,0,4
505,PAR,Vegetated,PAR-O,A,51,11,Filter,A_11,Filter_A,6,4,0.4,Seed5Date,7/9/21,7/28/21,1,8/2/21,0,19
506,PAR,Vegetated,PAR-O,A,51,11,Filter,A_11,Filter_A,6,4,0.4,Seed6Date,7/9/21,,NA,8/2/21,0,0
507,PAR,Vegetated,PAR-O,A,51,11,Filter,A_11,Filter_A,6,4,0.4,Seed7Date,7/9/21,,NA,8/2/21,0,0
508,PAR,Vegetated,PAR-O,A,51,11,Filter,A_11,Filter_A,6,4,0.4,Seed8Date,7/9/21,,NA,8/2/21,0,0
509,PAR,Vegetated,PAR-O,A,51,11,Filter,A_11,Filter_A,6,4,0.4,Seed9Date,7/9/21,,NA,8/2/21,0,0
510,PAR,Vegetated,PAR-O,A,51,11,Filter,A_11,Filter_A,6,4,0.4,Seed10Date,7/9/21,,NA,8/2/21,0,0
511,PAR,Vegetated,PAR-O,B,52,11,Filter,B_11,Filter_B,2,8,0.8,Seed1Date,7/9/21,7/11/21,1,8/2/21,0,2
512,PAR,Vegetated,PAR-O,B,52,11,Filter,B_11,Filter_B,2,8,0.8,Seed2Date,7/9/21,7/12/21,1,8/2/21,0,3
513,PAR,Vegetated,PAR-O,B,52,11,Filter,B_11,Filter_B,2,8,0.8,Seed3Date,7/9/21,7/12/21,1,8/2/21,0,3
514,PAR,Vegetated,PAR-O,B,52,11,Filter,B_11,Filter_B,2,8,0.8,Seed4Date,7/9/21,7/16/21,1,8/2/21,0,7
515,PAR,Vegetated,PAR-O,B,52,11,Filter,B_11,Filter_B,2,8,0.8,Seed5Date,7/9/21,7/16/21,1,8/2/21,0,7
516,PAR,Vegetated,PAR-O,B,52,11,Filter,B_11,Filter_B,2,8,0.8,Seed6Date,7/9/21,7/17/21,1,8/2/21,0,8
517,PAR,Vegetated,PAR-O,B,52,11,Filter,B_11,Filter_B,2,8,0.8,Seed7Date,7/9/21,7/17/21,1,8/2/21,0,8
518,PAR,Vegetated,PAR-O,B,52,11,Filter,B_11,Filter_B,2,8,0.8,Seed8Date,7/9/21,7/17/21,1,8/2/21,0,8
519,PAR,Vegetated,PAR-O,B,52,11,Filter,B_11,Filter_B,2,8,0.8,Seed9Date,7/9/21,7/30/21,1,8/2/21,0,21
520,PAR,Vegetated,PAR-O,B,52,11,Filter,B_11,Filter_B,2,8,0.8,Seed10Date,7/9/21,,NA,8/2/21,0,0
521,PAR,Vegetated,PAR-O,C,53,11,Filter,C_11,Filter_C,7,3,0.3,Seed1Date,7/9/21,7/12/21,1,8/2/21,0,3
522,PAR,Vegetated,PAR-O,C,53,11,Filter,C_11,Filter_C,7,3,0.3,Seed2Date,7/9/21,7/12/21,1,8/2/21,0,3
523,PAR,Vegetated,PAR-O,C,53,11,Filter,C_11,Filter_C,7,3,0.3,Seed3Date,7/9/21,7/15/21,1,8/2/21,0,6
50,PAR,Vegetated,PAR-O,C,53,11,Filter,C_11,Filter_C,7,3,0.3,Seed4Date,7/9/21,,NA,8/2/21,0,0
525,PAR,Vegetated,PAR-O,C,53,11,Filter,C_11,Filter_C,7,3,0.3,Seed5Date,7/9/21,,NA,8/2/21,0,0
526,PAR,Vegetated,PAR-O,C,53,11,Filter,C_11,Filter_C,7,3,0.3,Seed6Date,7/9/21,,NA,8/2/21,0,0
527,PAR,Vegetated,PAR-O,C,53,11,Filter,C_11,Filter_C,7,3,0.3,Seed7Date,7/9/21,,NA,8/2/21,0,0
528,PAR,Vegetated,PAR-O,C,53,11,Filter,C_11,Filter_C,7,3,0.3,Seed8Date,7/9/21,,NA,8/2/21,0,0
529,PAR,Vegetated,PAR-O,C,53,11,Filter,C_11,Filter_C,7,3,0.3,Seed9Date,7/9/21,,NA,8/2/21,0,0
530,PAR,Vegetated,PAR-O,C,53,11,Filter,C_11,Filter_C,7,3,0.3,Seed10Date,7/9/21,,NA,8/2/21,0,0
531,PAR,Vegetated,PAR-O,D,54,11,Filter,D_11,Filter_D,5,5,0.5,Seed1Date,7/9/21,7/11/21,1,8/2/21,0,2
532,PAR,Vegetated,PAR-O,D,54,11,Filter,D_11,Filter_D,5,5,0.5,Seed2Date,7/9/21,7/13/21,1,8/2/21,0,4
533,PAR,Vegetated,PAR-O,D,54,11,Filter,D_11,Filter_D,5,5,0.5,Seed3Date,7/9/21,7/15/21,1,8/2/21,0,6
534,PAR,Vegetated,PAR-O,D,54,11,Filter,D_11,Filter_D,5,5,0.5,Seed4Date,7/9/21,7/18/21,1,8/2/21,0,9
535,PAR,Vegetated,PAR-O,D,54,11,Filter,D_11,Filter_D,5,5,0.5,Seed5Date,7/9/21,7/21/21,1,8/2/21,0,12
536,PAR,Vegetated,PAR-O,D,54,11,Filter,D_11,Filter_D,5,5,0.5,Seed6Date,7/9/21,7/22/21,1,8/2/21,0,13
537,PAR,Vegetated,PAR-O,D,54,11,Filter,D_11,Filter_D,5,5,0.5,Seed7Date,7/9/21,7/27/21,1,8/2/21,0,18
538,PAR,Vegetated,PAR-O,D,54,11,Filter,D_11,Filter_D,5,5,0.5,Seed8Date,7/9/21,,NA,8/2/21,0,0
539,PAR,Vegetated,PAR-O,D,54,11,Filter,D_11,Filter_D,5,5,0.5,Seed9Date,7/9/21,,NA,8/2/21,0,0
540,PAR,Vegetated,PAR-O,D,54,11,Filter,D_11,Filter_D,5,5,0.5,Seed10Date,7/9/21,,NA,8/2/21,0,0
541,PAR,Vegetated,PAR-O,E,55,11,Filter,E_11,Filter_E,2,8,0.8,Seed1Date,7/9/21,7/11/21,1,8/2/21,0,2
542,PAR,Vegetated,PAR-O,E,55,11,Filter,E_11,Filter_E,2,8,0.8,Seed2Date,7/9/21,7/14/21,1,8/2/21,0,5
543,PAR,Vegetated,PAR-O,E,55,11,Filter,E_11,Filter_E,2,8,0.8,Seed3Date,7/9/21,7/15/21,1,8/2/21,0,6
544,PAR,Vegetated,PAR-O,E,55,11,Filter,E_11,Filter_E,2,8,0.8,Seed4Date,7/9/21,7/15/21,1,8/2/21,0,6
545,PAR,Vegetated,PAR-O,E,55,11,Filter,E_11,Filter_E,2,8,0.8,Seed5Date,7/9/21,7/15/21,1,8/2/21,0,6
546,PAR,Vegetated,PAR-O,E,55,11,Filter,E_11,Filter_E,2,8,0.8,Seed6Date,7/9/21,7/16/21,1,8/2/21,0,7
547,PAR,Vegetated,PAR-O,E,55,11,Filter,E_11,Filter_E,2,8,0.8,Seed7Date,7/9/21,7/17/21,1,8/2/21,0,8
548,PAR,Vegetated,PAR-O,E,55,11,Filter,E_11,Filter_E,2,8,0.8,Seed8Date,7/9/21,7/18/21,1,8/2/21,0,9
549,PAR,Vegetated,PAR-O,E,55,11,Filter,E_11,Filter_E,2,8,0.8,Seed9Date,7/9/21,,NA,8/2/21,0,0
550,PAR,Vegetated,PAR-O,E,55,11,Filter,E_11,Filter_E,2,8,0.8,Seed10Date,7/9/21,,NA,8/2/21,0,0
551,PAR,Roadside,PAR-R,A,56,12,Filter,A_12,Filter_A,0,10,1,Seed1Date,7/9/21,7/11/21,1,8/2/21,0,2
552,PAR,Roadside,PAR-R,A,56,12,Filter,A_12,Filter_A,0,10,1,Seed2Date,7/9/21,7/12/21,1,8/2/21,0,3
553,PAR,Roadside,PAR-R,A,56,12,Filter,A_12,Filter_A,0,10,1,Seed3Date,7/9/21,7/12/21,1,8/2/21,0,3
554,PAR,Roadside,PAR-R,A,56,12,Filter,A_12,Filter_A,0,10,1,Seed4Date,7/9/21,7/12/21,1,8/2/21,0,3
555,PAR,Roadside,PAR-R,A,56,12,Filter,A_12,Filter_A,0,10,1,Seed5Date,7/9/21,7/12/21,1,8/2/21,0,3
556,PAR,Roadside,PAR-R,A,56,12,Filter,A_12,Filter_A,0,10,1,Seed6Date,7/9/21,7/13/21,1,8/2/21,0,4
557,PAR,Roadside,PAR-R,A,56,12,Filter,A_12,Filter_A,0,10,1,Seed7Date,7/9/21,7/15/21,1,8/2/21,0,6
558,PAR,Roadside,PAR-R,A,56,12,Filter,A_12,Filter_A,0,10,1,Seed8Date,7/9/21,7/19/21,1,8/2/21,0,10
559,PAR,Roadside,PAR-R,A,56,12,Filter,A_12,Filter_A,0,10,1,Seed9Date,7/9/21,7/21/21,1,8/2/21,0,12
560,PAR,Roadside,PAR-R,A,56,12,Filter,A_12,Filter_A,0,10,1,Seed10Date,7/9/21,7/21/21,1,8/2/21,0,12
561,PAR,Roadside,PAR-R,B,57,12,Filter,B_12,Filter_B,2,8,0.8,Seed1Date,7/9/21,7/12/21,1,8/2/21,0,3
562,PAR,Roadside,PAR-R,B,57,12,Filter,B_12,Filter_B,2,8,0.8,Seed2Date,7/9/21,7/12/21,1,8/2/21,0,3
563,PAR,Roadside,PAR-R,B,57,12,Filter,B_12,Filter_B,2,8,0.8,Seed3Date,7/9/21,7/12/21,1,8/2/21,0,3
564,PAR,Roadside,PAR-R,B,57,12,Filter,B_12,Filter_B,2,8,0.8,Seed4Date,7/9/21,7/12/21,1,8/2/21,0,3
565,PAR,Roadside,PAR-R,B,57,12,Filter,B_12,Filter_B,2,8,0.8,Seed5Date,7/9/21,7/12/21,1,8/2/21,0,3
566,PAR,Roadside,PAR-R,B,57,12,Filter,B_12,Filter_B,2,8,0.8,Seed6Date,7/9/21,7/12/21,1,8/2/21,0,3
567,PAR,Roadside,PAR-R,B,57,12,Filter,B_12,Filter_B,2,8,0.8,Seed7Date,7/9/21,7/13/21,1,8/2/21,0,4
568,PAR,Roadside,PAR-R,B,57,12,Filter,B_12,Filter_B,2,8,0.8,Seed8Date,7/9/21,7/21/21,1,8/2/21,0,12
569,PAR,Roadside,PAR-R,B,57,12,Filter,B_12,Filter_B,2,8,0.8,Seed9Date,7/9/21,,NA,8/2/21,0,0
570,PAR,Roadside,PAR-R,B,57,12,Filter,B_12,Filter_B,2,8,0.8,Seed10Date,7/9/21,,NA,8/2/21,0,0
571,PAR,Roadside,PAR-R,C,58,12,Filter,C_12,Filter_C,1,9,0.9,Seed1Date,7/9/21,7/11/21,1,8/2/21,0,2
572,PAR,Roadside,PAR-R,C,58,12,Filter,C_12,Filter_C,1,9,0.9,Seed2Date,7/9/21,7/11/21,1,8/2/21,0,2
573,PAR,Roadside,PAR-R,C,58,12,Filter,C_12,Filter_C,1,9,0.9,Seed3Date,7/9/21,7/11/21,1,8/2/21,0,2
574,PAR,Roadside,PAR-R,C,58,12,Filter,C_12,Filter_C,1,9,0.9,Seed4Date,7/9/21,7/12/21,1,8/2/21,0,3
575,PAR,Roadside,PAR-R,C,58,12,Filter,C_12,Filter_C,1,9,0.9,Seed5Date,7/9/21,7/12/21,1,8/2/21,0,3
576,PAR,Roadside,PAR-R,C,58,12,Filter,C_12,Filter_C,1,9,0.9,Seed6Date,7/9/21,7/12/21,1,8/2/21,0,3
577,PAR,Roadside,PAR-R,C,58,12,Filter,C_12,Filter_C,1,9,0.9,Seed7Date,7/9/21,7/12/21,1,8/2/21,0,3
578,PAR,Roadside,PAR-R,C,58,12,Filter,C_12,Filter_C,1,9,0.9,Seed8Date,7/9/21,7/12/21,1,8/2/21,0,3
579,PAR,Roadside,PAR-R,C,58,12,Filter,C_12,Filter_C,1,9,0.9,Seed9Date,7/9/21,7/13/21,1,8/2/21,0,4
580,PAR,Roadside,PAR-R,C,58,12,Filter,C_12,Filter_C,1,9,0.9,Seed10Date,7/9/21,,NA,8/2/21,0,0
581,PAR,Roadside,PAR-R,D,59,12,Filter,D_12,Filter_D,2,8,0.8,Seed1Date,7/9/21,7/12/21,1,8/2/21,0,3
582,PAR,Roadside,PAR-R,D,59,12,Filter,D_12,Filter_D,2,8,0.8,Seed2Date,7/9/21,7/12/21,1,8/2/21,0,3
583,PAR,Roadside,PAR-R,D,59,12,Filter,D_12,Filter_D,2,8,0.8,Seed3Date,7/9/21,7/12/21,1,8/2/21,0,3
584,PAR,Roadside,PAR-R,D,59,12,Filter,D_12,Filter_D,2,8,0.8,Seed4Date,7/9/21,7/12/21,1,8/2/21,0,3
585,PAR,Roadside,PAR-R,D,59,12,Filter,D_12,Filter_D,2,8,0.8,Seed5Date,7/9/21,7/12/21,1,8/2/21,0,3
586,PAR,Roadside,PAR-R,D,59,12,Filter,D_12,Filter_D,2,8,0.8,Seed6Date,7/9/21,7/15/21,1,8/2/21,0,6
587,PAR,Roadside,PAR-R,D,59,12,Filter,D_12,Filter_D,2,8,0.8,Seed7Date,7/9/21,7/16/21,1,8/2/21,0,7
588,PAR,Roadside,PAR-R,D,59,12,Filter,D_12,Filter_D,2,8,0.8,Seed8Date,7/9/21,7/21/21,1,8/2/21,0,12
589,PAR,Roadside,PAR-R,D,59,12,Filter,D_12,Filter_D,2,8,0.8,Seed9Date,7/9/21,7/25/21,1,8/2/21,0,16
590,PAR,Roadside,PAR-R,D,59,12,Filter,D_12,Filter_D,2,8,0.8,Seed10Date,7/9/21,,NA,8/2/21,0,0
591,PAR,Roadside,PAR-R,E,60,12,Filter,E_12,Filter_E,0,10,1,Seed1Date,7/9/21,7/11/21,1,8/2/21,0,2
592,PAR,Roadside,PAR-R,E,60,12,Filter,E_12,Filter_E,0,10,1,Seed2Date,7/9/21,7/12/21,1,8/2/21,0,3
593,PAR,Roadside,PAR-R,E,60,12,Filter,E_12,Filter_E,0,10,1,Seed3Date,7/9/21,7/12/21,1,8/2/21,0,3
594,PAR,Roadside,PAR-R,E,60,12,Filter,E_12,Filter_E,0,10,1,Seed4Date,7/9/21,7/14/21,1,8/2/21,0,5
595,PAR,Roadside,PAR-R,E,60,12,Filter,E_12,Filter_E,0,10,1,Seed5Date,7/9/21,7/14/21,1,8/2/21,0,5
596,PAR,Roadside,PAR-R,E,60,12,Filter,E_12,Filter_E,0,10,1,Seed6Date,7/9/21,7/14/21,1,8/2/21,0,5
597,PAR,Roadside,PAR-R,E,60,12,Filter,E_12,Filter_E,0,10,1,Seed7Date,7/9/21,7/15/21,1,8/2/21,0,6
598,PAR,Roadside,PAR-R,E,60,12,Filter,E_12,Filter_E,0,10,1,Seed8Date,7/9/21,7/15/21,1,8/2/21,0,6
599,PAR,Roadside,PAR-R,E,60,12,Filter,E_12,Filter_E,0,10,1,Seed9Date,7/9/21,7/15/21,1,8/2/21,0,6
600,PAR,Roadside,PAR-R,E,60,12,Filter,E_12,Filter_E,0,10,1,Seed10Date,7/9/21,7/19/21,1,8/2/21,0,10
601,PEN,Vegetated,PEN-O,A,61,13,Filter,A_13,Filter_A,2,8,0.8,Seed1Date,7/9/21,7/11/21,1,8/2/21,0,2
602,PEN,Vegetated,PEN-O,A,61,13,Filter,A_13,Filter_A,2,8,0.8,Seed2Date,7/9/21,7/13/21,1,8/2/21,0,4
603,PEN,Vegetated,PEN-O,A,61,13,Filter,A_13,Filter_A,2,8,0.8,Seed3Date,7/9/21,7/14/21,1,8/2/21,0,5
604,PEN,Vegetated,PEN-O,A,61,13,Filter,A_13,Filter_A,2,8,0.8,Seed4Date,7/9/21,7/14/21,1,8/2/21,0,5
605,PEN,Vegetated,PEN-O,A,61,13,Filter,A_13,Filter_A,2,8,0.8,Seed5Date,7/9/21,7/15/21,1,8/2/21,0,6
606,PEN,Vegetated,PEN-O,A,61,13,Filter,A_13,Filter_A,2,8,0.8,Seed6Date,7/9/21,7/16/21,1,8/2/21,0,7
607,PEN,Vegetated,PEN-O,A,61,13,Filter,A_13,Filter_A,2,8,0.8,Seed7Date,7/9/21,7/16/21,1,8/2/21,0,7
608,PEN,Vegetated,PEN-O,A,61,13,Filter,A_13,Filter_A,2,8,0.8,Seed8Date,7/9/21,7/16/21,1,8/2/21,0,7
609,PEN,Vegetated,PEN-O,A,61,13,Filter,A_13,Filter_A,2,8,0.8,Seed9Date,7/9/21,,NA,8/2/21,0,0
610,PEN,Vegetated,PEN-O,A,61,13,Filter,A_13,Filter_A,2,8,0.8,Seed10Date,7/9/21,,NA,8/2/21,0,0
611,PEN,Vegetated,PEN-O,B,62,13,Filter,B_13,Filter_B,4,6,0.6,Seed1Date,7/9/21,7/11/21,1,8/2/21,0,2
612,PEN,Vegetated,PEN-O,B,62,13,Filter,B_13,Filter_B,4,6,0.6,Seed2Date,7/9/21,7/11/21,1,8/2/21,0,2
613,PEN,Vegetated,PEN-O,B,62,13,Filter,B_13,Filter_B,4,6,0.6,Seed3Date,7/9/21,7/11/21,1,8/2/21,0,2
614,PEN,Vegetated,PEN-O,B,62,13,Filter,B_13,Filter_B,4,6,0.6,Seed4Date,7/9/21,7/12/21,1,8/2/21,0,3
615,PEN,Vegetated,PEN-O,B,62,13,Filter,B_13,Filter_B,4,6,0.6,Seed5Date,7/9/21,7/13/21,1,8/2/21,0,4
616,PEN,Vegetated,PEN-O,B,62,13,Filter,B_13,Filter_B,4,6,0.6,Seed6Date,7/9/21,7/16/21,1,8/2/21,0,7
617,PEN,Vegetated,PEN-O,B,62,13,Filter,B_13,Filter_B,4,6,0.6,Seed7Date,7/9/21,7/22/21,1,8/2/21,0,13
618,PEN,Vegetated,PEN-O,B,62,13,Filter,B_13,Filter_B,4,6,0.6,Seed8Date,7/9/21,7/29/21,1,8/2/21,0,20
619,PEN,Vegetated,PEN-O,B,62,13,Filter,B_13,Filter_B,4,6,0.6,Seed9Date,7/9/21,,NA,8/2/21,0,0
620,PEN,Vegetated,PEN-O,B,62,13,Filter,B_13,Filter_B,4,6,0.6,Seed10Date,7/9/21,,NA,8/2/21,0,0
621,PEN,Vegetated,PEN-O,C,63,13,Filter,C_13,Filter_C,3,7,0.7,Seed1Date,7/9/21,7/11/21,1,8/2/21,0,2
622,PEN,Vegetated,PEN-O,C,63,13,Filter,C_13,Filter_C,3,7,0.7,Seed2Date,7/9/21,7/12/21,1,8/2/21,0,3
623,PEN,Vegetated,PEN-O,C,63,13,Filter,C_13,Filter_C,3,7,0.7,Seed3Date,7/9/21,7/12/21,1,8/2/21,0,3
60,PEN,Vegetated,PEN-O,C,63,13,Filter,C_13,Filter_C,3,7,0.7,Seed4Date,7/9/21,7/12/21,1,8/2/21,0,3
625,PEN,Vegetated,PEN-O,C,63,13,Filter,C_13,Filter_C,3,7,0.7,Seed5Date,7/9/21,7/12/21,1,8/2/21,0,3
626,PEN,Vegetated,PEN-O,C,63,13,Filter,C_13,Filter_C,3,7,0.7,Seed6Date,7/9/21,7/13/21,1,8/2/21,0,4
627,PEN,Vegetated,PEN-O,C,63,13,Filter,C_13,Filter_C,3,7,0.7,Seed7Date,7/9/21,7/13/21,1,8/2/21,0,4
628,PEN,Vegetated,PEN-O,C,63,13,Filter,C_13,Filter_C,3,7,0.7,Seed8Date,7/9/21,,NA,8/2/21,0,0
629,PEN,Vegetated,PEN-O,C,63,13,Filter,C_13,Filter_C,3,7,0.7,Seed9Date,7/9/21,,NA,8/2/21,0,0
630,PEN,Vegetated,PEN-O,C,63,13,Filter,C_13,Filter_C,3,7,0.7,Seed10Date,7/9/21,,NA,8/2/21,0,0
631,PEN,Vegetated,PEN-O,D,64,13,Filter,D_13,Filter_D,3,7,0.7,Seed1Date,7/9/21,7/11/21,1,8/2/21,0,2
632,PEN,Vegetated,PEN-O,D,64,13,Filter,D_13,Filter_D,3,7,0.7,Seed2Date,7/9/21,7/11/21,1,8/2/21,0,2
633,PEN,Vegetated,PEN-O,D,64,13,Filter,D_13,Filter_D,3,7,0.7,Seed3Date,7/9/21,7/12/21,1,8/2/21,0,3
634,PEN,Vegetated,PEN-O,D,64,13,Filter,D_13,Filter_D,3,7,0.7,Seed4Date,7/9/21,7/12/21,1,8/2/21,0,3
635,PEN,Vegetated,PEN-O,D,64,13,Filter,D_13,Filter_D,3,7,0.7,Seed5Date,7/9/21,7/13/21,1,8/2/21,0,4
636,PEN,Vegetated,PEN-O,D,64,13,Filter,D_13,Filter_D,3,7,0.7,Seed6Date,7/9/21,7/15/21,1,8/2/21,0,6
637,PEN,Vegetated,PEN-O,D,64,13,Filter,D_13,Filter_D,3,7,0.7,Seed7Date,7/9/21,7/18/21,1,8/2/21,0,9
638,PEN,Vegetated,PEN-O,D,64,13,Filter,D_13,Filter_D,3,7,0.7,Seed8Date,7/9/21,,NA,8/2/21,0,0
639,PEN,Vegetated,PEN-O,D,64,13,Filter,D_13,Filter_D,3,7,0.7,Seed9Date,7/9/21,,NA,8/2/21,0,0
640,PEN,Vegetated,PEN-O,D,64,13,Filter,D_13,Filter_D,3,7,0.7,Seed10Date,7/9/21,,NA,8/2/21,0,0
641,PEN,Vegetated,PEN-O,E,65,13,Filter,E_13,Filter_E,1,9,0.9,Seed1Date,7/9/21,7/11/21,1,8/2/21,0,2
642,PEN,Vegetated,PEN-O,E,65,13,Filter,E_13,Filter_E,1,9,0.9,Seed2Date,7/9/21,7/12/21,1,8/2/21,0,3
643,PEN,Vegetated,PEN-O,E,65,13,Filter,E_13,Filter_E,1,9,0.9,Seed3Date,7/9/21,7/12/21,1,8/2/21,0,3
644,PEN,Vegetated,PEN-O,E,65,13,Filter,E_13,Filter_E,1,9,0.9,Seed4Date,7/9/21,7/12/21,1,8/2/21,0,3
645,PEN,Vegetated,PEN-O,E,65,13,Filter,E_13,Filter_E,1,9,0.9,Seed5Date,7/9/21,7/13/21,1,8/2/21,0,4
646,PEN,Vegetated,PEN-O,E,65,13,Filter,E_13,Filter_E,1,9,0.9,Seed6Date,7/9/21,7/14/21,1,8/2/21,0,5
647,PEN,Vegetated,PEN-O,E,65,13,Filter,E_13,Filter_E,1,9,0.9,Seed7Date,7/9/21,7/16/21,1,8/2/21,0,7
648,PEN,Vegetated,PEN-O,E,65,13,Filter,E_13,Filter_E,1,9,0.9,Seed8Date,7/9/21,7/16/21,1,8/2/21,0,7
649,PEN,Vegetated,PEN-O,E,65,13,Filter,E_13,Filter_E,1,9,0.9,Seed9Date,7/9/21,7/18/21,1,8/2/21,0,9
650,PEN,Vegetated,PEN-O,E,65,13,Filter,E_13,Filter_E,1,9,0.9,Seed10Date,7/9/21,,NA,8/2/21,0,0
651,PEN,Roadside,PEN-R,A,66,14,Filter,A_14,Filter_A,0,10,1,Seed1Date,7/9/21,7/11/21,1,8/2/21,0,2
652,PEN,Roadside,PEN-R,A,66,14,Filter,A_14,Filter_A,0,10,1,Seed2Date,7/9/21,7/11/21,1,8/2/21,0,2
653,PEN,Roadside,PEN-R,A,66,14,Filter,A_14,Filter_A,0,10,1,Seed3Date,7/9/21,7/11/21,1,8/2/21,0,2
654,PEN,Roadside,PEN-R,A,66,14,Filter,A_14,Filter_A,0,10,1,Seed4Date,7/9/21,7/11/21,1,8/2/21,0,2
655,PEN,Roadside,PEN-R,A,66,14,Filter,A_14,Filter_A,0,10,1,Seed5Date,7/9/21,7/12/21,1,8/2/21,0,3
656,PEN,Roadside,PEN-R,A,66,14,Filter,A_14,Filter_A,0,10,1,Seed6Date,7/9/21,7/12/21,1,8/2/21,0,3
657,PEN,Roadside,PEN-R,A,66,14,Filter,A_14,Filter_A,0,10,1,Seed7Date,7/9/21,7/16/21,1,8/2/21,0,7
658,PEN,Roadside,PEN-R,A,66,14,Filter,A_14,Filter_A,0,10,1,Seed8Date,7/9/21,7/16/21,1,8/2/21,0,7
659,PEN,Roadside,PEN-R,A,66,14,Filter,A_14,Filter_A,0,10,1,Seed9Date,7/9/21,7/17/21,1,8/2/21,0,8
660,PEN,Roadside,PEN-R,A,66,14,Filter,A_14,Filter_A,0,10,1,Seed10Date,7/9/21,7/19/21,1,8/2/21,0,10
661,PEN,Roadside,PEN-R,B,67,14,Filter,B_14,Filter_B,1,9,0.9,Seed1Date,7/9/21,7/11/21,1,8/2/21,0,2
662,PEN,Roadside,PEN-R,B,67,14,Filter,B_14,Filter_B,1,9,0.9,Seed2Date,7/9/21,7/11/21,1,8/2/21,0,2
663,PEN,Roadside,PEN-R,B,67,14,Filter,B_14,Filter_B,1,9,0.9,Seed3Date,7/9/21,7/12/21,1,8/2/21,0,3
664,PEN,Roadside,PEN-R,B,67,14,Filter,B_14,Filter_B,1,9,0.9,Seed4Date,7/9/21,7/12/21,1,8/2/21,0,3
665,PEN,Roadside,PEN-R,B,67,14,Filter,B_14,Filter_B,1,9,0.9,Seed5Date,7/9/21,7/12/21,1,8/2/21,0,3
666,PEN,Roadside,PEN-R,B,67,14,Filter,B_14,Filter_B,1,9,0.9,Seed6Date,7/9/21,7/12/21,1,8/2/21,0,3
667,PEN,Roadside,PEN-R,B,67,14,Filter,B_14,Filter_B,1,9,0.9,Seed7Date,7/9/21,7/12/21,1,8/2/21,0,3
668,PEN,Roadside,PEN-R,B,67,14,Filter,B_14,Filter_B,1,9,0.9,Seed8Date,7/9/21,7/19/21,1,8/2/21,0,10
669,PEN,Roadside,PEN-R,B,67,14,Filter,B_14,Filter_B,1,9,0.9,Seed9Date,7/9/21,7/21/21,1,8/2/21,0,12
670,PEN,Roadside,PEN-R,B,67,14,Filter,B_14,Filter_B,1,9,0.9,Seed10Date,7/9/21,7/24/21,1,8/2/21,0,15
671,PEN,Roadside,PEN-R,C,68,14,Filter,C_14,Filter_C,4,6,0.6,Seed1Date,7/9/21,7/12/21,1,8/2/21,0,3
672,PEN,Roadside,PEN-R,C,68,14,Filter,C_14,Filter_C,4,6,0.6,Seed2Date,7/9/21,7/12/21,1,8/2/21,0,3
673,PEN,Roadside,PEN-R,C,68,14,Filter,C_14,Filter_C,4,6,0.6,Seed3Date,7/9/21,7/12/21,1,8/2/21,0,3
674,PEN,Roadside,PEN-R,C,68,14,Filter,C_14,Filter_C,4,6,0.6,Seed4Date,7/9/21,7/15/21,1,8/2/21,0,6
675,PEN,Roadside,PEN-R,C,68,14,Filter,C_14,Filter_C,4,6,0.6,Seed5Date,7/9/21,7/15/21,1,8/2/21,0,6
676,PEN,Roadside,PEN-R,C,68,14,Filter,C_14,Filter_C,4,6,0.6,Seed6Date,7/9/21,7/15/21,1,8/2/21,0,6
677,PEN,Roadside,PEN-R,C,68,14,Filter,C_14,Filter_C,4,6,0.6,Seed7Date,7/9/21,8/1/21,1,8/2/21,0,23
678,PEN,Roadside,PEN-R,C,68,14,Filter,C_14,Filter_C,4,6,0.6,Seed8Date,7/9/21,,NA,8/2/21,0,0
679,PEN,Roadside,PEN-R,C,68,14,Filter,C_14,Filter_C,4,6,0.6,Seed9Date,7/9/21,,NA,8/2/21,0,0
680,PEN,Roadside,PEN-R,C,68,14,Filter,C_14,Filter_C,4,6,0.6,Seed10Date,7/9/21,,NA,8/2/21,0,0
681,PEN,Roadside,PEN-R,D,69,14,Filter,D_14,Filter_D,3,7,0.7,Seed1Date,7/9/21,7/11/21,1,8/2/21,0,2
682,PEN,Roadside,PEN-R,D,69,14,Filter,D_14,Filter_D,3,7,0.7,Seed2Date,7/9/21,7/12/21,1,8/2/21,0,3
683,PEN,Roadside,PEN-R,D,69,14,Filter,D_14,Filter_D,3,7,0.7,Seed3Date,7/9/21,7/12/21,1,8/2/21,0,3
684,PEN,Roadside,PEN-R,D,69,14,Filter,D_14,Filter_D,3,7,0.7,Seed4Date,7/9/21,7/12/21,1,8/2/21,0,3
685,PEN,Roadside,PEN-R,D,69,14,Filter,D_14,Filter_D,3,7,0.7,Seed5Date,7/9/21,7/12/21,1,8/2/21,0,3
686,PEN,Roadside,PEN-R,D,69,14,Filter,D_14,Filter_D,3,7,0.7,Seed6Date,7/9/21,7/14/21,1,8/2/21,0,5
687,PEN,Roadside,PEN-R,D,69,14,Filter,D_14,Filter_D,3,7,0.7,Seed7Date,7/9/21,7/20/21,1,8/2/21,0,11
688,PEN,Roadside,PEN-R,D,69,14,Filter,D_14,Filter_D,3,7,0.7,Seed8Date,7/9/21,,NA,8/2/21,0,0
689,PEN,Roadside,PEN-R,D,69,14,Filter,D_14,Filter_D,3,7,0.7,Seed9Date,7/9/21,,NA,8/2/21,0,0
690,PEN,Roadside,PEN-R,D,69,14,Filter,D_14,Filter_D,3,7,0.7,Seed10Date,7/9/21,,NA,8/2/21,0,0
691,PEN,Roadside,PEN-R,E,70,14,Filter,E_14,Filter_E,0,10,1,Seed1Date,7/9/21,7/11/21,1,8/2/21,0,2
692,PEN,Roadside,PEN-R,E,70,14,Filter,E_14,Filter_E,0,10,1,Seed2Date,7/9/21,7/12/21,1,8/2/21,0,3
693,PEN,Roadside,PEN-R,E,70,14,Filter,E_14,Filter_E,0,10,1,Seed3Date,7/9/21,7/12/21,1,8/2/21,0,3
694,PEN,Roadside,PEN-R,E,70,14,Filter,E_14,Filter_E,0,10,1,Seed4Date,7/9/21,7/12/21,1,8/2/21,0,3
695,PEN,Roadside,PEN-R,E,70,14,Filter,E_14,Filter_E,0,10,1,Seed5Date,7/9/21,7/13/21,1,8/2/21,0,4
696,PEN,Roadside,PEN-R,E,70,14,Filter,E_14,Filter_E,0,10,1,Seed6Date,7/9/21,7/13/21,1,8/2/21,0,4
697,PEN,Roadside,PEN-R,E,70,14,Filter,E_14,Filter_E,0,10,1,Seed7Date,7/9/21,7/15/21,1,8/2/21,0,6
698,PEN,Roadside,PEN-R,E,70,14,Filter,E_14,Filter_E,0,10,1,Seed8Date,7/9/21,7/15/21,1,8/2/21,0,6
699,PEN,Roadside,PEN-R,E,70,14,Filter,E_14,Filter_E,0,10,1,Seed9Date,7/9/21,7/15/21,1,8/2/21,0,6
700,PEN,Roadside,PEN-R,E,70,14,Filter,E_14,Filter_E,0,10,1,Seed10Date,7/9/21,7/18/21,1,8/2/21,0,9
701,SSJ,Vegetated,SSJ-O,A,71,15,Filter,A_15,Filter_A,6,4,0.4,Seed1Date,7/9/21,7/12/21,1,8/2/21,0,3
702,SSJ,Vegetated,SSJ-O,A,71,15,Filter,A_15,Filter_A,6,4,0.4,Seed2Date,7/9/21,7/13/21,1,8/2/21,0,4
703,SSJ,Vegetated,SSJ-O,A,71,15,Filter,A_15,Filter_A,6,4,0.4,Seed3Date,7/9/21,7/14/21,1,8/2/21,0,5
704,SSJ,Vegetated,SSJ-O,A,71,15,Filter,A_15,Filter_A,6,4,0.4,Seed4Date,7/9/21,7/18/21,1,8/2/21,0,9
705,SSJ,Vegetated,SSJ-O,A,71,15,Filter,A_15,Filter_A,6,4,0.4,Seed5Date,7/9/21,7/30/21,1,8/2/21,0,21
706,SSJ,Vegetated,SSJ-O,A,71,15,Filter,A_15,Filter_A,6,4,0.4,Seed6Date,7/9/21,,NA,8/2/21,0,0
707,SSJ,Vegetated,SSJ-O,A,71,15,Filter,A_15,Filter_A,6,4,0.4,Seed7Date,7/9/21,,NA,8/2/21,0,0
708,SSJ,Vegetated,SSJ-O,A,71,15,Filter,A_15,Filter_A,6,4,0.4,Seed8Date,7/9/21,,NA,8/2/21,0,0
709,SSJ,Vegetated,SSJ-O,A,71,15,Filter,A_15,Filter_A,6,4,0.4,Seed9Date,7/9/21,,NA,8/2/21,0,0
710,SSJ,Vegetated,SSJ-O,A,71,15,Filter,A_15,Filter_A,6,4,0.4,Seed10Date,7/9/21,,NA,8/2/21,0,0
711,SSJ,Vegetated,SSJ-O,B,72,15,Filter,B_15,Filter_B,4,6,0.6,Seed1Date,7/9/21,7/11/21,1,8/2/21,0,2
712,SSJ,Vegetated,SSJ-O,B,72,15,Filter,B_15,Filter_B,4,6,0.6,Seed2Date,7/9/21,7/14/21,1,8/2/21,0,5
713,SSJ,Vegetated,SSJ-O,B,72,15,Filter,B_15,Filter_B,4,6,0.6,Seed3Date,7/9/21,7/15/21,1,8/2/21,0,6
714,SSJ,Vegetated,SSJ-O,B,72,15,Filter,B_15,Filter_B,4,6,0.6,Seed4Date,7/9/21,7/18/21,1,8/2/21,0,9
715,SSJ,Vegetated,SSJ-O,B,72,15,Filter,B_15,Filter_B,4,6,0.6,Seed5Date,7/9/21,7/20/21,1,8/2/21,0,11
716,SSJ,Vegetated,SSJ-O,B,72,15,Filter,B_15,Filter_B,4,6,0.6,Seed6Date,7/9/21,7/21/21,1,8/2/21,0,12
717,SSJ,Vegetated,SSJ-O,B,72,15,Filter,B_15,Filter_B,4,6,0.6,Seed7Date,7/9/21,7/23/21,1,8/2/21,0,14
718,SSJ,Vegetated,SSJ-O,B,72,15,Filter,B_15,Filter_B,4,6,0.6,Seed8Date,7/9/21,,NA,8/2/21,0,0
719,SSJ,Vegetated,SSJ-O,B,72,15,Filter,B_15,Filter_B,4,6,0.6,Seed9Date,7/9/21,,NA,8/2/21,0,0
720,SSJ,Vegetated,SSJ-O,B,72,15,Filter,B_15,Filter_B,4,6,0.6,Seed10Date,7/9/21,,NA,8/2/21,0,0
721,SSJ,Vegetated,SSJ-O,C,73,15,Filter,C_15,Filter_C,9,1,0.1,Seed1Date,7/9/21,7/12/21,1,8/2/21,0,3
722,SSJ,Vegetated,SSJ-O,C,73,15,Filter,C_15,Filter_C,9,1,0.1,Seed2Date,7/9/21,,NA,8/2/21,0,0
723,SSJ,Vegetated,SSJ-O,C,73,15,Filter,C_15,Filter_C,9,1,0.1,Seed3Date,7/9/21,,NA,8/2/21,0,0
70,SSJ,Vegetated,SSJ-O,C,73,15,Filter,C_15,Filter_C,9,1,0.1,Seed4Date,7/9/21,,NA,8/2/21,0,0
725,SSJ,Vegetated,SSJ-O,C,73,15,Filter,C_15,Filter_C,9,1,0.1,Seed5Date,7/9/21,,NA,8/2/21,0,0
726,SSJ,Vegetated,SSJ-O,C,73,15,Filter,C_15,Filter_C,9,1,0.1,Seed6Date,7/9/21,,NA,8/2/21,0,0
727,SSJ,Vegetated,SSJ-O,C,73,15,Filter,C_15,Filter_C,9,1,0.1,Seed7Date,7/9/21,,NA,8/2/21,0,0
728,SSJ,Vegetated,SSJ-O,C,73,15,Filter,C_15,Filter_C,9,1,0.1,Seed8Date,7/9/21,,NA,8/2/21,0,0
729,SSJ,Vegetated,SSJ-O,C,73,15,Filter,C_15,Filter_C,9,1,0.1,Seed9Date,7/9/21,,NA,8/2/21,0,0
730,SSJ,Vegetated,SSJ-O,C,73,15,Filter,C_15,Filter_C,9,1,0.1,Seed10Date,7/9/21,,NA,8/2/21,0,0
731,SSJ,Vegetated,SSJ-O,D,74,15,Filter,D_15,Filter_D,6,4,0.4,Seed1Date,7/9/21,7/11/21,1,8/2/21,0,2
732,SSJ,Vegetated,SSJ-O,D,74,15,Filter,D_15,Filter_D,6,4,0.4,Seed2Date,7/9/21,7/13/21,1,8/2/21,0,4
733,SSJ,Vegetated,SSJ-O,D,74,15,Filter,D_15,Filter_D,6,4,0.4,Seed3Date,7/9/21,7/15/21,1,8/2/21,0,6
734,SSJ,Vegetated,SSJ-O,D,74,15,Filter,D_15,Filter_D,6,4,0.4,Seed4Date,7/9/21,7/20/21,1,8/2/21,0,11
735,SSJ,Vegetated,SSJ-O,D,74,15,Filter,D_15,Filter_D,6,4,0.4,Seed5Date,7/9/21,,NA,8/2/21,0,0
736,SSJ,Vegetated,SSJ-O,D,74,15,Filter,D_15,Filter_D,6,4,0.4,Seed6Date,7/9/21,,NA,8/2/21,0,0
737,SSJ,Vegetated,SSJ-O,D,74,15,Filter,D_15,Filter_D,6,4,0.4,Seed7Date,7/9/21,,NA,8/2/21,0,0
738,SSJ,Vegetated,SSJ-O,D,74,15,Filter,D_15,Filter_D,6,4,0.4,Seed8Date,7/9/21,,NA,8/2/21,0,0
739,SSJ,Vegetated,SSJ-O,D,74,15,Filter,D_15,Filter_D,6,4,0.4,Seed9Date,7/9/21,,NA,8/2/21,0,0
740,SSJ,Vegetated,SSJ-O,D,74,15,Filter,D_15,Filter_D,6,4,0.4,Seed10Date,7/9/21,,NA,8/2/21,0,0
741,SSJ,Vegetated,SSJ-O,E,75,15,Filter,E_15,Filter_E,5,5,0.5,Seed1Date,7/9/21,7/12/21,1,8/2/21,0,3
742,SSJ,Vegetated,SSJ-O,E,75,15,Filter,E_15,Filter_E,5,5,0.5,Seed2Date,7/9/21,7/12/21,1,8/2/21,0,3
743,SSJ,Vegetated,SSJ-O,E,75,15,Filter,E_15,Filter_E,5,5,0.5,Seed3Date,7/9/21,7/15/21,1,8/2/21,0,6
744,SSJ,Vegetated,SSJ-O,E,75,15,Filter,E_15,Filter_E,5,5,0.5,Seed4Date,7/9/21,7/15/21,1,8/2/21,0,6
745,SSJ,Vegetated,SSJ-O,E,75,15,Filter,E_15,Filter_E,5,5,0.5,Seed5Date,7/9/21,7/18/21,1,8/2/21,0,9
746,SSJ,Vegetated,SSJ-O,E,75,15,Filter,E_15,Filter_E,5,5,0.5,Seed6Date,7/9/21,,NA,8/2/21,0,0
747,SSJ,Vegetated,SSJ-O,E,75,15,Filter,E_15,Filter_E,5,5,0.5,Seed7Date,7/9/21,,NA,8/2/21,0,0
748,SSJ,Vegetated,SSJ-O,E,75,15,Filter,E_15,Filter_E,5,5,0.5,Seed8Date,7/9/21,,NA,8/2/21,0,0
749,SSJ,Vegetated,SSJ-O,E,75,15,Filter,E_15,Filter_E,5,5,0.5,Seed9Date,7/9/21,,NA,8/2/21,0,0
750,SSJ,Vegetated,SSJ-O,E,75,15,Filter,E_15,Filter_E,5,5,0.5,Seed10Date,7/9/21,,NA,8/2/21,0,0
751,SSJ,Roadside,SSJ-R,A,76,16,Filter,A_16,Filter_A,6,4,0.4,Seed1Date,7/9/21,7/13/21,1,8/2/21,0,4
752,SSJ,Roadside,SSJ-R,A,76,16,Filter,A_16,Filter_A,6,4,0.4,Seed2Date,7/9/21,7/15/21,1,8/2/21,0,6
753,SSJ,Roadside,SSJ-R,A,76,16,Filter,A_16,Filter_A,6,4,0.4,Seed3Date,7/9/21,7/16/21,1,8/2/21,0,7
754,SSJ,Roadside,SSJ-R,A,76,16,Filter,A_16,Filter_A,6,4,0.4,Seed4Date,7/9/21,7/17/21,1,8/2/21,0,8
755,SSJ,Roadside,SSJ-R,A,76,16,Filter,A_16,Filter_A,6,4,0.4,Seed5Date,7/9/21,,NA,8/2/21,0,0
756,SSJ,Roadside,SSJ-R,A,76,16,Filter,A_16,Filter_A,6,4,0.4,Seed6Date,7/9/21,,NA,8/2/21,0,0
757,SSJ,Roadside,SSJ-R,A,76,16,Filter,A_16,Filter_A,6,4,0.4,Seed7Date,7/9/21,,NA,8/2/21,0,0
758,SSJ,Roadside,SSJ-R,A,76,16,Filter,A_16,Filter_A,6,4,0.4,Seed8Date,7/9/21,,NA,8/2/21,0,0
759,SSJ,Roadside,SSJ-R,A,76,16,Filter,A_16,Filter_A,6,4,0.4,Seed9Date,7/9/21,,NA,8/2/21,0,0
760,SSJ,Roadside,SSJ-R,A,76,16,Filter,A_16,Filter_A,6,4,0.4,Seed10Date,7/9/21,,NA,8/2/21,0,0
761,SSJ,Roadside,SSJ-R,B,77,16,Filter,B_16,Filter_B,6,4,0.4,Seed1Date,7/9/21,7/12/21,1,8/2/21,0,3
762,SSJ,Roadside,SSJ-R,B,77,16,Filter,B_16,Filter_B,6,4,0.4,Seed2Date,7/9/21,7/15/21,1,8/2/21,0,6
763,SSJ,Roadside,SSJ-R,B,77,16,Filter,B_16,Filter_B,6,4,0.4,Seed3Date,7/9/21,7/20/21,1,8/2/21,0,11
764,SSJ,Roadside,SSJ-R,B,77,16,Filter,B_16,Filter_B,6,4,0.4,Seed4Date,7/9/21,7/20/21,1,8/2/21,0,11
765,SSJ,Roadside,SSJ-R,B,77,16,Filter,B_16,Filter_B,6,4,0.4,Seed5Date,7/9/21,,NA,8/2/21,0,0
766,SSJ,Roadside,SSJ-R,B,77,16,Filter,B_16,Filter_B,6,4,0.4,Seed6Date,7/9/21,,NA,8/2/21,0,0
767,SSJ,Roadside,SSJ-R,B,77,16,Filter,B_16,Filter_B,6,4,0.4,Seed7Date,7/9/21,,NA,8/2/21,0,0
768,SSJ,Roadside,SSJ-R,B,77,16,Filter,B_16,Filter_B,6,4,0.4,Seed8Date,7/9/21,,NA,8/2/21,0,0
769,SSJ,Roadside,SSJ-R,B,77,16,Filter,B_16,Filter_B,6,4,0.4,Seed9Date,7/9/21,,NA,8/2/21,0,0
770,SSJ,Roadside,SSJ-R,B,77,16,Filter,B_16,Filter_B,6,4,0.4,Seed10Date,7/9/21,,NA,8/2/21,0,0
771,SSJ,Roadside,SSJ-R,C,78,16,Filter,C_16,Filter_C,6,4,0.4,Seed1Date,7/9/21,7/12/21,1,8/2/21,0,3
772,SSJ,Roadside,SSJ-R,C,78,16,Filter,C_16,Filter_C,6,4,0.4,Seed2Date,7/9/21,7/19/21,1,8/2/21,0,10
773,SSJ,Roadside,SSJ-R,C,78,16,Filter,C_16,Filter_C,6,4,0.4,Seed3Date,7/9/21,7/20/21,1,8/2/21,0,11
774,SSJ,Roadside,SSJ-R,C,78,16,Filter,C_16,Filter_C,6,4,0.4,Seed4Date,7/9/21,7/20/21,1,8/2/21,0,11
775,SSJ,Roadside,SSJ-R,C,78,16,Filter,C_16,Filter_C,6,4,0.4,Seed5Date,7/9/21,7/22/21,1,8/2/21,0,13
776,SSJ,Roadside,SSJ-R,C,78,16,Filter,C_16,Filter_C,6,4,0.4,Seed6Date,7/9/21,7/28/21,1,8/2/21,0,19
777,SSJ,Roadside,SSJ-R,C,78,16,Filter,C_16,Filter_C,6,4,0.4,Seed7Date,7/9/21,,NA,8/2/21,0,0
778,SSJ,Roadside,SSJ-R,C,78,16,Filter,C_16,Filter_C,6,4,0.4,Seed8Date,7/9/21,,NA,8/2/21,0,0
779,SSJ,Roadside,SSJ-R,C,78,16,Filter,C_16,Filter_C,6,4,0.4,Seed9Date,7/9/21,,NA,8/2/21,0,0
780,SSJ,Roadside,SSJ-R,C,78,16,Filter,C_16,Filter_C,6,4,0.4,Seed10Date,7/9/21,,NA,8/2/21,0,0
781,SSJ,Roadside,SSJ-R,D,79,16,Filter,D_16,Filter_D,6,4,0.4,Seed1Date,7/9/21,7/12/21,1,8/2/21,0,3
782,SSJ,Roadside,SSJ-R,D,79,16,Filter,D_16,Filter_D,6,4,0.4,Seed2Date,7/9/21,7/12/21,1,8/2/21,0,3
783,SSJ,Roadside,SSJ-R,D,79,16,Filter,D_16,Filter_D,6,4,0.4,Seed3Date,7/9/21,7/13/21,1,8/2/21,0,4
784,SSJ,Roadside,SSJ-R,D,79,16,Filter,D_16,Filter_D,6,4,0.4,Seed4Date,7/9/21,7/13/21,1,8/2/21,0,4
785,SSJ,Roadside,SSJ-R,D,79,16,Filter,D_16,Filter_D,6,4,0.4,Seed5Date,7/9/21,,NA,8/2/21,0,0
786,SSJ,Roadside,SSJ-R,D,79,16,Filter,D_16,Filter_D,6,4,0.4,Seed6Date,7/9/21,,NA,8/2/21,0,0
787,SSJ,Roadside,SSJ-R,D,79,16,Filter,D_16,Filter_D,6,4,0.4,Seed7Date,7/9/21,,NA,8/2/21,0,0
788,SSJ,Roadside,SSJ-R,D,79,16,Filter,D_16,Filter_D,6,4,0.4,Seed8Date,7/9/21,,NA,8/2/21,0,0
789,SSJ,Roadside,SSJ-R,D,79,16,Filter,D_16,Filter_D,6,4,0.4,Seed9Date,7/9/21,,NA,8/2/21,0,0
790,SSJ,Roadside,SSJ-R,D,79,16,Filter,D_16,Filter_D,6,4,0.4,Seed10Date,7/9/21,,NA,8/2/21,0,0
791,SSJ,Roadside,SSJ-R,E,80,16,Filter,E_16,Filter_E,3,7,0.7,Seed1Date,7/9/21,7/12/21,1,8/2/21,0,3
792,SSJ,Roadside,SSJ-R,E,80,16,Filter,E_16,Filter_E,3,7,0.7,Seed2Date,7/9/21,7/12/21,1,8/2/21,0,3
793,SSJ,Roadside,SSJ-R,E,80,16,Filter,E_16,Filter_E,3,7,0.7,Seed3Date,7/9/21,7/13/21,1,8/2/21,0,4
794,SSJ,Roadside,SSJ-R,E,80,16,Filter,E_16,Filter_E,3,7,0.7,Seed4Date,7/9/21,7/15/21,1,8/2/21,0,6
795,SSJ,Roadside,SSJ-R,E,80,16,Filter,E_16,Filter_E,3,7,0.7,Seed5Date,7/9/21,7/16/21,1,8/2/21,0,7
796,SSJ,Roadside,SSJ-R,E,80,16,Filter,E_16,Filter_E,3,7,0.7,Seed6Date,7/9/21,7/17/21,1,8/2/21,0,8
797,SSJ,Roadside,SSJ-R,E,80,16,Filter,E_16,Filter_E,3,7,0.7,Seed7Date,7/9/21,7/20/21,1,8/2/21,0,11
798,SSJ,Roadside,SSJ-R,E,80,16,Filter,E_16,Filter_E,3,7,0.7,Seed8Date,7/9/21,,NA,8/2/21,0,0
799,SSJ,Roadside,SSJ-R,E,80,16,Filter,E_16,Filter_E,3,7,0.7,Seed9Date,7/9/21,,NA,8/2/21,0,0
800,SSJ,Roadside,SSJ-R,E,80,16,Filter,E_16,Filter_E,3,7,0.7,Seed10Date,7/9/21,,NA,8/2/21,0,0