Block,Plot,Flag,Pos,Flag_Pos,Population,Site,Habitat,Treatment,HabitatTreatment,PlantDate,LeafMeas1,LeafMeas2,Growth,MortDate,MortHarvDate,CensorAll,DaysMort,Census,DaysCensus,NumDaysAlive,HarvDate,CensorBiomass,BudDate,CensorReproduction,CensorTest,PropBud,PropBudSite,Height,Biomass,Biomass date
A,5,A5,3,A5_03,BAY-A,BAY,Roadside,Biomass Removal,Roadside/Biomass Removal,3/19/21,30,46,16,,7/2/21,1,105,11/15/21,241,105,7/2/21,1,6/25/21,1,0,0.763,0.8,12.4,0.762,9/8/21
B,2,B2,15,B2_15,BAY-A,BAY,Roadside,Biomass Removal,Roadside/Biomass Removal,2/27/21,20.28,51,30.72,8/27/21,8/27/21,1,181,11/15/21,261,181,8/27/21,1,,0,1,0.763,0.8,33.8,7.048,9/7/21
C,2,C2,13,C2_13,BAY-A,BAY,Roadside,Biomass Removal,Roadside/Biomass Removal,2/27/21,27.01,,-27.01,4/30/21,4/30/21,1,62,11/15/21,261,62,,0,,0,1,0.763,0.8,,,
D,1,D1,13,D1_13,BAY-A,BAY,Roadside,Biomass Removal,Roadside/Biomass Removal,2/27/21,14.95,56,41.05,,9/10/21,1,195,11/15/21,261,195,9/10/21,1,9/10/21,1,0,0.763,0.8,56.6,7.803,9/13/21
E,5,E5,6,E5_06,BAY-A,BAY,Roadside,Biomass Removal,Roadside/Biomass Removal,2/27/21,16.67,42,25.33,,7/16/21,1,139,11/15/21,261,139,7/16/21,1,7/16/21,1,0,0.763,0.8,21.5,2.572,9/3/21
F,1,F1,10,F1_10,BAY-A,BAY,Roadside,Biomass Removal,Roadside/Biomass Removal,2/27/21,26.14,45,18.86,,9/10/21,1,195,11/15/21,261,195,9/10/21,1,9/10/21,1,0,0.763,0.8,55.2,16.301,9/22/21
G,1,G1,8,G1_08,BAY-A,BAY,Roadside,Biomass Removal,Roadside/Biomass Removal,3/9/21,20,36,16,,9/10/21,1,185,11/15/21,251,185,9/10/21,1,9/10/21,1,0,0.763,0.8,45.2,6.634,9/22/21
H,4,H4,4,H4_04,BAY-A,BAY,Roadside,Biomass Removal,Roadside/Biomass Removal,2/27/21,17.12,58,40.88,,9/10/21,1,195,11/15/21,261,195,9/10/21,1,9/10/21,1,0,0.763,0.8,37.5,5.266,9/22/21
I,4,I4,12,I4_12,BAY-A,BAY,Roadside,Biomass Removal,Roadside/Biomass Removal,2/27/21,22.59,52,29.41,,9/13/21,1,198,11/15/21,261,198,9/13/21,1,9/10/21,1,0,0.763,0.8,50.8,7.099,9/20/21
J,2,J2,3,J2_03,BAY-A,BAY,Roadside,Biomass Removal,Roadside/Biomass Removal,2/27/21,11.91,45,33.09,,9/13/21,1,198,11/15/21,261,198,9/13/21,1,9/10/21,1,0,0.763,0.8,48.5,4.164,9/20/21
A,5,A5,14,A5_14,CHE-A,CHE,Roadside,Biomass Removal,Roadside/Biomass Removal,2/27/21,19.08,37,17.92,,7/2/21,1,125,11/15/21,261,125,7/2/21,1,7/2/21,1,0,0.763,0.7,20.5,1.772,9/8/21
B,2,B2,10,B2_10,CHE-A,CHE,Roadside,Biomass Removal,Roadside/Biomass Removal,2/27/21,27.38,57,29.62,7/9/21,7/9/21,1,132,11/15/21,261,132,7/9/21,1,,0,1,0.763,0.7,29.5,5.889,9/7/21
C,2,C2,6,C2_06,CHE-A,CHE,Roadside,Biomass Removal,Roadside/Biomass Removal,2/27/21,25.83,51,25.17,,8/12/21,1,166,11/15/21,261,166,8/12/21,1,8/12/21,1,0,0.763,0.7,43.4,10.443,9/8/21
D,1,D1,9,D1_09,CHE-A,CHE,Roadside,Biomass Removal,Roadside/Biomass Removal,3/1/21,23,50,27,,9/10/21,1,193,11/15/21,259,193,9/10/21,1,9/10/21,1,0,0.763,0.7,47.1,13.618,9/22/21
E,5,E5,11,E5_11,CHE-A,CHE,Roadside,Biomass Removal,Roadside/Biomass Removal,2/27/21,9.35,36,26.65,,7/16/21,1,139,11/15/21,261,139,7/16/21,1,7/16/21,1,0,0.763,0.7,23.1,1.719,9/3/21
F,1,F1,15,F1_15,CHE-A,CHE,Roadside,Biomass Removal,Roadside/Biomass Removal,2/27/21,11.14,40,28.86,,9/10/21,1,195,11/15/21,261,195,9/10/21,1,9/10/21,1,0,0.763,0.7,48.5,10.664,9/22/21
G,1,G1,14,G1_14,CHE-A,CHE,Roadside,Biomass Removal,Roadside/Biomass Removal,2/27/21,12.55,52,39.45,9/10/21,9/10/21,1,195,11/15/21,261,195,,0,,0,1,0.763,0.7,,,
H,4,H4,1,H4_01,CHE-A,CHE,Roadside,Biomass Removal,Roadside/Biomass Removal,3/9/21,27,47,20,,9/3/21,1,178,11/15/21,251,178,9/3/21,1,9/3/21,1,0,0.763,0.7,42,13.072,9/9/21
I,4,I4,7,I4_07,CHE-A,CHE,Roadside,Biomass Removal,Roadside/Biomass Removal,2/27/21,20.98,53,32.02,,9/13/21,1,198,11/15/21,261,198,9/13/21,1,9/10/21,1,0,0.763,0.7,51,7.268,9/20/21
J,2,J2,7,J2_07,CHE-A,CHE,Roadside,Biomass Removal,Roadside/Biomass Removal,3/24/21,39,44,5,7/16/21,7/16/21,1,114,11/15/21,236,114,7/16/21,1,,0,1,0.763,0.7,20.7,1.54,9/3/21
A,5,A5,7,A5_07,GUA-A,GUA,Roadside,Biomass Removal,Roadside/Biomass Removal,2/27/21,16.18,31,14.82,,9/10/21,1,195,11/15/21,261,195,9/10/21,1,9/10/21,1,0,0.763,1,47.5,9.279,9/20/21
B,2,B2,8,B2_08,GUA-A,GUA,Roadside,Biomass Removal,Roadside/Biomass Removal,2/27/21,23.94,44,20.06,,7/9/21,1,132,11/15/21,261,132,7/9/21,1,7/9/21,1,0,0.763,1,34.4,11.967,9/7/21
C,2,C2,7,C2_07,GUA-A,GUA,Roadside,Biomass Removal,Roadside/Biomass Removal,2/27/21,27.18,40,12.82,,9/17/21,1,202,11/15/21,261,202,9/17/21,1,9/17/21,1,0,0.763,1,34.5,3.312,9/22/21
D,1,D1,8,D1_08,GUA-A,GUA,Roadside,Biomass Removal,Roadside/Biomass Removal,2/27/21,25.64,50,24.36,,9/10/21,1,195,11/15/21,261,195,9/10/21,1,9/10/21,1,0,0.763,1,50.3,11.275,9/20/21
E,5,E5,13,E5_13,GUA-A,GUA,Roadside,Biomass Removal,Roadside/Biomass Removal,3/24/21,24,50,26,,9/10/21,1,170,11/15/21,236,170,9/10/21,1,9/10/21,1,0,0.763,1,40.4,6.686,9/20/21
F,1,F1,14,F1_14,GUA-A,GUA,Roadside,Biomass Removal,Roadside/Biomass Removal,2/27/21,19.32,59,39.68,,9/10/21,1,195,11/15/21,261,195,9/10/21,1,9/10/21,1,0,0.763,1,60.9,23.736,9/20/21
G,1,G1,10,G1_10,GUA-A,GUA,Roadside,Biomass Removal,Roadside/Biomass Removal,2/27/21,11.99,50,38.01,,9/10/21,1,195,11/15/21,261,195,9/10/21,1,9/10/21,1,0,0.763,1,37.8,3.618,9/14/21
H,4,H4,7,H4_07,GUA-A,GUA,Roadside,Biomass Removal,Roadside/Biomass Removal,2/27/21,20.75,58,37.25,,9/10/21,1,195,11/15/21,261,195,9/10/21,1,9/10/21,1,0,0.763,1,68.5,16.363,9/20/21
I,4,I4,10,I4_10,GUA-A,GUA,Roadside,Biomass Removal,Roadside/Biomass Removal,2/27/21,17.42,25,7.58,,9/13/21,1,198,11/15/21,261,198,9/13/21,1,9/10/21,1,0,0.763,1,22.4,0.775,9/20/21
J,2,J2,16,J2_16,GUA-A,GUA,Roadside,Biomass Removal,Roadside/Biomass Removal,2/27/21,7.68,40,32.32,,9/17/21,1,202,11/15/21,261,202,9/17/21,1,9/17/21,1,0,0.763,1,24.5,0.989,9/22/21
A,5,A5,16,A5_16,LEX-A,LEX,Roadside,Biomass Removal,Roadside/Biomass Removal,2/27/21,23.46,32,8.54,,7/2/21,1,125,11/15/21,261,125,7/2/21,1,6/25/21,1,0,0.763,0.7,18.1,1.21,9/8/21
B,2,B2,4,B2_04,LEX-A,LEX,Roadside,Biomass Removal,Roadside/Biomass Removal,2/27/21,24.56,74,49.44,,9/10/21,1,195,11/15/21,261,195,9/10/21,1,9/10/21,1,0,0.763,0.7,72.4,21.673,9/20/21
C,2,C2,14,C2_14,LEX-A,LEX,Roadside,Biomass Removal,Roadside/Biomass Removal,2/27/21,14.06,61,46.94,,9/10/21,1,195,11/15/21,261,195,9/10/21,1,9/10/21,1,0,0.763,0.7,61.7,9.373,9/20/21
D,1,D1,1,D1_01,LEX-A,LEX,Roadside,Biomass Removal,Roadside/Biomass Removal,2/27/21,18.78,30,11.22,9/3/21,9/3/21,1,188,11/15/21,261,188,9/3/21,1,,0,1,0.763,0.7,22.3,2.132,9/28/21
E,5,E5,4,E5_04,LEX-A,LEX,Roadside,Biomass Removal,Roadside/Biomass Removal,3/12/21,25,43,18,,9/10/21,1,182,11/15/21,248,182,9/10/21,1,9/10/21,1,0,0.763,0.7,41.9,6.183,9/20/21
F,1,F1,13,F1_13,LEX-A,LEX,Roadside,Biomass Removal,Roadside/Biomass Removal,3/12/21,28,49,21,,9/10/21,1,182,11/15/21,248,182,9/10/21,1,,0,1,0.763,0.7,55.5,30.203,9/20/21
G,1,G1,4,G1_04,LEX-A,LEX,Roadside,Biomass Removal,Roadside/Biomass Removal,2/27/21,8.02,51,42.98,,9/10/21,1,195,11/15/21,261,195,9/10/21,1,9/10/21,1,0,0.763,0.7,45.8,5.368,9/13/21
H,4,H4,9,H4_09,LEX-A,LEX,Roadside,Biomass Removal,Roadside/Biomass Removal,2/27/21,9.53,54,44.47,,9/10/21,1,195,11/15/21,261,195,9/10/21,1,9/10/21,1,0,0.763,0.7,37.3,3.859,9/22/21
I,4,I4,1,I4_01,LEX-A,LEX,Roadside,Biomass Removal,Roadside/Biomass Removal,3/12/21,27,32,5,6/18/21,6/18/21,1,98,11/15/21,248,98,7/2/21,1,,0,1,0.763,0.7,5.3,0.236,9/7/21
J,2,J2,5,J2_05,LEX-A,LEX,Roadside,Biomass Removal,Roadside/Biomass Removal,2/27/21,26.41,38,11.59,,9/3/21,1,188,11/15/21,261,188,9/3/21,1,9/3/21,1,0,0.763,0.7,29.5,1.56,9/28/21
A,5,A5,11,A5_11,OAP-A,OAP,Roadside,Biomass Removal,Roadside/Biomass Removal,3/19/21,22,70,48,,9/10/21,1,175,11/15/21,241,175,9/10/21,1,9/10/21,1,0,0.763,0.7,61.5,20.413,9/13/21
B,2,B2,5,B2_05,OAP-A,OAP,Roadside,Biomass Removal,Roadside/Biomass Removal,3/19/21,35,46,11,,7/9/21,1,112,11/15/21,241,112,7/9/21,1,7/9/21,1,0,0.763,0.7,33.9,11.527,9/8/21
C,2,C2,11,C2_11,OAP-A,OAP,Roadside,Biomass Removal,Roadside/Biomass Removal,2/27/21,10.49,,-10.49,4/5/21,4/5/21,1,37,11/15/21,261,37,,0,,0,1,0.763,0.7,,,
D,1,D1,2,D1_02,OAP-A,OAP,Roadside,Biomass Removal,Roadside/Biomass Removal,2/27/21,22.48,41,18.52,,9/10/21,1,195,11/15/21,261,195,9/10/21,1,9/10/21,1,0,0.763,0.7,50.9,9.151,9/13/21
E,5,E5,7,E5_07,OAP-A,OAP,Roadside,Biomass Removal,Roadside/Biomass Removal,3/24/21,15,32,17,6/11/21,6/11/21,1,79,11/15/21,236,79,7/2/21,1,,0,1,0.763,0.7,6.8,0.207,9/28/21
F,1,F1,1,F1_01,OAP-A,OAP,Roadside,Biomass Removal,Roadside/Biomass Removal,3/16/21,29,46,17,,7/16/21,1,122,11/15/21,244,122,7/16/21,1,7/16/21,1,0,0.763,0.7,22.5,2.933,9/3/21
G,1,G1,12,G1_12,OAP-A,OAP,Roadside,Biomass Removal,Roadside/Biomass Removal,2/27/21,14.69,53,38.31,,9/10/21,1,195,11/15/21,261,195,9/10/21,1,9/10/21,1,0,0.763,0.7,40.5,4.572,9/20/21
H,4,H4,8,H4_08,OAP-A,OAP,Roadside,Biomass Removal,Roadside/Biomass Removal,2/27/21,23.2,60,36.8,,9/10/21,1,195,11/15/21,261,195,9/10/21,1,9/10/21,1,0,0.763,0.7,40.2,7.381,9/22/21
I,4,I4,6,I4_06,OAP-A,OAP,Roadside,Biomass Removal,Roadside/Biomass Removal,3/24/21,16,50,34,,9/13/21,1,173,11/15/21,236,173,9/13/21,1,9/10/21,1,0,0.763,0.7,36.5,4.96,9/20/21
J,2,J2,11,J2_11,OAP-A,OAP,Roadside,Biomass Removal,Roadside/Biomass Removal,2/27/21,21.98,,-21.98,3/29/21,3/29/21,1,30,11/15/21,261,30,,0,,0,1,0.763,0.7,,,
A,5,A5,8,A5_08,PAR-A,PAR,Roadside,Biomass Removal,Roadside/Biomass Removal,2/27/21,19.02,34,14.98,,7/2/21,1,125,11/15/21,261,125,7/2/21,1,6/25/21,1,0,0.763,0.9,14.3,1.92,9/8/21
B,2,B2,7,B2_07,PAR-A,PAR,Roadside,Biomass Removal,Roadside/Biomass Removal,2/27/21,14.96,59,44.04,,9/3/21,1,188,11/15/21,261,188,9/3/21,1,9/3/21,1,0,0.763,0.9,62,24.371,9/9/21
C,2,C2,15,C2_15,PAR-A,PAR,Roadside,Biomass Removal,Roadside/Biomass Removal,2/27/21,18.89,40,21.11,,9/10/21,1,195,11/15/21,261,195,9/10/21,1,9/10/21,1,0,0.763,0.9,37.6,3.279,9/14/21
D,1,D1,12,D1_12,PAR-A,PAR,Roadside,Biomass Removal,Roadside/Biomass Removal,3/12/21,22,,-22,5/16/21,5/16/21,1,65,11/15/21,248,65,,0,,0,1,0.763,0.9,,,
E,5,E5,8,E5_08,PAR-A,PAR,Roadside,Biomass Removal,Roadside/Biomass Removal,2/27/21,19.62,37,17.38,,7/16/21,1,139,11/15/21,261,139,7/16/21,1,7/16/21,1,0,0.763,0.9,13.6,0.348,9/29/21
F,1,F1,4,F1_04,PAR-A,PAR,Roadside,Biomass Removal,Roadside/Biomass Removal,3/9/21,21,56,35,,9/10/21,1,185,11/15/21,251,185,9/10/21,1,9/10/21,1,0,0.763,0.9,50.3,10.419,9/13/21
G,1,G1,15,G1_15,PAR-A,PAR,Roadside,Biomass Removal,Roadside/Biomass Removal,2/27/21,18.3,60,41.7,,9/10/21,1,195,11/15/21,261,195,9/10/21,1,9/10/21,1,0,0.763,0.9,52,7.75,9/13/21
H,4,H4,14,H4_14,PAR-A,PAR,Roadside,Biomass Removal,Roadside/Biomass Removal,2/27/21,11.94,55,43.06,,9/10/21,1,195,11/15/21,261,195,9/10/21,1,9/10/21,1,0,0.763,0.9,34.2,4.603,9/22/21
I,4,I4,3,I4_03,PAR-A,PAR,Roadside,Biomass Removal,Roadside/Biomass Removal,2/27/21,22.07,48,25.93,,9/13/21,1,198,11/15/21,261,198,9/13/21,1,9/10/21,1,0,0.763,0.9,43.1,3.15,9/20/21
J,2,J2,15,J2_15,PAR-A,PAR,Roadside,Biomass Removal,Roadside/Biomass Removal,2/27/21,12.71,49,36.29,,9/17/21,1,202,11/15/21,261,202,9/17/21,1,9/17/21,1,0,0.763,0.9,22.1,1.793,9/22/21
A,5,A5,12,A5_12,PEN-A,PEN,Roadside,Biomass Removal,Roadside/Biomass Removal,2/27/21,12.56,49,36.44,7/2/21,7/2/21,1,125,11/15/21,261,125,7/2/21,1,,0,1,0.763,0.7,20.6,1.414,9/8/21
B,2,B2,12,B2_12,PEN-A,PEN,Roadside,Biomass Removal,Roadside/Biomass Removal,2/27/21,16.68,49,32.32,,9/10/21,1,195,11/15/21,261,195,9/10/21,1,9/10/21,1,0,0.763,0.7,48,12.253,9/13/21
C,2,C2,1,C2_01,PEN-A,PEN,Roadside,Biomass Removal,Roadside/Biomass Removal,2/27/21,26.86,45,18.14,,8/27/21,1,181,11/15/21,261,181,8/27/21,1,8/27/21,1,0,0.763,0.7,58.7,14.03,9/8/21
D,1,D1,4,D1_04,PEN-A,PEN,Roadside,Biomass Removal,Roadside/Biomass Removal,2/27/21,18.11,52,33.89,,9/10/21,1,195,11/15/21,261,195,9/10/21,1,9/10/21,1,0,0.763,0.7,39.9,3.194,9/28/21
E,5,E5,9,E5_09,PEN-A,PEN,Roadside,Biomass Removal,Roadside/Biomass Removal,2/27/21,13.51,36,22.49,,8/19/21,1,173,11/15/21,261,173,8/19/21,1,,0,1,0.763,0.7,31.2,2.326,9/7/21
F,1,F1,9,F1_09,PEN-A,PEN,Roadside,Biomass Removal,Roadside/Biomass Removal,2/27/21,23.01,50,26.99,,9/10/21,1,195,11/15/21,261,195,9/10/21,1,9/10/21,1,0,0.763,0.7,73.9,37.61,9/13/21
G,1,G1,16,G1_16,PEN-A,PEN,Roadside,Biomass Removal,Roadside/Biomass Removal,3/1/21,13,61,48,,9/10/21,1,193,11/15/21,259,193,9/10/21,1,9/10/21,1,0,0.763,0.7,36.6,3.601,9/14/21
H,4,H4,16,H4_16,PEN-A,PEN,Roadside,Biomass Removal,Roadside/Biomass Removal,2/27/21,17.63,49,31.37,,9/10/21,1,195,11/15/21,261,195,9/10/21,1,9/10/21,1,0,0.763,0.7,50,6.299,9/20/21
I,4,I4,8,I4_08,PEN-A,PEN,Roadside,Biomass Removal,Roadside/Biomass Removal,2/27/21,21.51,50,28.49,,9/10/21,1,195,11/15/21,261,195,9/10/21,1,9/10/21,1,0,0.763,0.7,58.1,6.891,9/28/21
J,2,J2,10,J2_10,PEN-A,PEN,Roadside,Biomass Removal,Roadside/Biomass Removal,2/27/21,8.74,26,17.26,7/16/21,7/16/21,1,139,11/15/21,261,139,7/16/21,1,,0,1,0.763,0.7,10,0.481,9/28/21
A,5,A5,5,A5_05,SSJ-A,SSJ,Roadside,Biomass Removal,Roadside/Biomass Removal,2/27/21,13.83,36,22.17,,7/2/21,1,125,11/15/21,261,125,7/2/21,1,6/25/21,1,0,0.763,0.6,12.6,1.195,9/8/21
B,2,B2,6,B2_06,SSJ-A,SSJ,Roadside,Biomass Removal,Roadside/Biomass Removal,2/27/21,23.27,81,57.73,,9/10/21,1,195,11/15/21,261,195,9/10/21,1,9/10/21,1,0,0.763,0.6,61,43.922,9/22/21
C,2,C2,4,C2_04,SSJ-A,SSJ,Roadside,Biomass Removal,Roadside/Biomass Removal,2/27/21,15.61,42,26.39,,9/17/21,1,202,11/15/21,261,202,9/17/21,1,9/17/21,1,0,0.763,0.6,38.1,2.916,9/22/21
D,1,D1,10,D1_10,SSJ-A,SSJ,Roadside,Biomass Removal,Roadside/Biomass Removal,2/27/21,9.36,,-9.36,4/5/21,4/5/21,1,37,11/15/21,261,37,,0,,0,1,0.763,0.6,,,
E,5,E5,12,E5_12,SSJ-A,SSJ,Roadside,Biomass Removal,Roadside/Biomass Removal,2/27/21,16.56,34,17.44,7/9/21,7/9/21,1,132,11/15/21,261,132,7/9/21,1,,0,1,0.763,0.6,21.5,1.227,9/28/21
F,1,F1,12,F1_12,SSJ-A,SSJ,Roadside,Biomass Removal,Roadside/Biomass Removal,2/27/21,16.03,43,26.97,,9/10/21,1,195,11/15/21,261,195,9/10/21,1,9/10/21,1,0,0.763,0.6,73.5,39.737,9/20/21
G,1,G1,7,G1_07,SSJ-A,SSJ,Roadside,Biomass Removal,Roadside/Biomass Removal,2/27/21,25.23,15,-10.23,,9/10/21,1,195,11/15/21,261,195,9/10/21,1,9/10/21,1,0,0.763,0.6,11.6,0.269,9/28/21
H,4,H4,2,H4_02,SSJ-A,SSJ,Roadside,Biomass Removal,Roadside/Biomass Removal,2/27/21,14.99,63,48.01,,9/10/21,1,195,11/15/21,261,195,9/10/21,1,9/10/21,1,0,0.763,0.6,49.5,11.125,9/22/21
I,4,I4,15,I4_15,SSJ-A,SSJ,Roadside,Biomass Removal,Roadside/Biomass Removal,2/27/21,17.76,,-17.76,5/22/21,5/22/21,1,84,11/15/21,261,84,,0,,0,1,0.763,0.6,,,
J,2,J2,2,J2_02,SSJ-A,SSJ,Roadside,Biomass Removal,Roadside/Biomass Removal,2/27/21,13.66,30,16.34,7/16/21,7/16/21,1,139,11/15/21,261,139,7/16/21,1,,0,1,0.763,0.6,3.9,0.086,9/28/21
A,5,A5,1,A5_01,BAY-O,BAY,Vegetated,Biomass Removal,Vegetated/Biomass Removal,2/27/21,20.49,33,12.51,,7/2/21,1,125,11/15/21,261,125,7/2/21,1,6/25/21,1,0,0.763,0.8,24.5,1.986,9/8/21
B,2,B2,11,B2_11,BAY-O,BAY,Vegetated,Biomass Removal,Vegetated/Biomass Removal,2/27/21,21.69,53,31.31,,8/27/21,1,181,11/15/21,261,181,8/27/21,1,,0,1,0.763,0.8,40.7,13.478,9/8/21
C,2,C2,5,C2_05,BAY-O,BAY,Vegetated,Biomass Removal,Vegetated/Biomass Removal,2/27/21,15.42,54,38.58,,9/10/21,1,195,11/15/21,261,195,9/10/21,1,9/10/21,1,0,0.763,0.8,66,10.089,9/20/21
D,1,D1,3,D1_03,BAY-O,BAY,Vegetated,Biomass Removal,Vegetated/Biomass Removal,2/27/21,10.86,44,33.14,6/25/21,6/25/21,1,118,11/15/21,261,118,7/2/21,1,,0,1,0.763,0.8,9.6,0.67,9/8/21
E,5,E5,15,E5_15,BAY-O,BAY,Vegetated,Biomass Removal,Vegetated/Biomass Removal,3/12/21,21,46,25,,7/16/21,1,126,11/15/21,248,126,7/16/21,1,7/16/21,1,0,0.763,0.8,24.5,6.241,9/7/21
F,1,F1,7,F1_07,BAY-O,BAY,Vegetated,Biomass Removal,Vegetated/Biomass Removal,2/27/21,23.69,46,22.31,,7/30/21,1,153,11/15/21,261,153,7/30/21,1,7/30/21,1,0,0.763,0.8,39.4,10.114,9/7/21
G,1,G1,3,G1_03,BAY-O,BAY,Vegetated,Biomass Removal,Vegetated/Biomass Removal,2/27/21,18.85,52,33.15,,9/3/21,1,188,11/15/21,261,188,9/3/21,1,9/3/21,1,0,0.763,0.8,45.4,9.783,9/8/21
H,4,H4,10,H4_10,BAY-O,BAY,Vegetated,Biomass Removal,Vegetated/Biomass Removal,2/27/21,15.31,76,60.69,,9/10/21,1,195,11/15/21,261,195,9/10/21,1,9/10/21,1,0,0.763,0.8,41.5,9.962,9/22/21
I,4,I4,2,I4_02,BAY-O,BAY,Vegetated,Biomass Removal,Vegetated/Biomass Removal,2/27/21,19.07,35,15.93,,9/13/21,1,198,11/15/21,261,198,9/13/21,1,9/10/21,1,0,0.763,0.8,35.9,1.946,9/20/21
J,2,J2,1,J2_01,BAY-O,BAY,Vegetated,Biomass Removal,Vegetated/Biomass Removal,2/27/21,10.51,38,27.49,,9/17/21,1,202,11/15/21,261,202,9/17/21,1,9/17/21,1,0,0.763,0.8,21.7,0.638,9/22/21
A,5,A5,9,A5_09,CHE-O,CHE,Vegetated,Biomass Removal,Vegetated/Biomass Removal,3/19/21,24,59,35,6/25/21,6/25/21,1,98,11/15/21,241,98,,0,,0,1,0.763,0.7,,,
B,2,B2,13,B2_13,CHE-O,CHE,Vegetated,Biomass Removal,Vegetated/Biomass Removal,2/27/21,18.13,60,41.87,6/18/21,6/18/21,1,111,11/15/21,261,111,,0,,0,1,0.763,0.7,,,
C,2,C2,9,C2_09,CHE-O,CHE,Vegetated,Biomass Removal,Vegetated/Biomass Removal,2/27/21,21.31,59,37.69,,9/10/21,1,195,11/15/21,261,195,9/10/21,1,9/10/21,1,0,0.763,0.7,60,10.224,9/20/21
D,1,D1,11,D1_11,CHE-O,CHE,Vegetated,Biomass Removal,Vegetated/Biomass Removal,3/9/21,25,50,25,,9/10/21,1,185,11/15/21,251,185,9/10/21,1,9/10/21,1,0,0.763,0.7,54.3,18.735,9/20/21
E,5,E5,3,E5_03,CHE-O,CHE,Vegetated,Biomass Removal,Vegetated/Biomass Removal,3/9/21,24,42,18,,9/3/21,1,178,11/15/21,251,178,9/3/21,1,9/3/21,1,0,0.763,0.7,30.1,3.89,9/8/21
F,1,F1,3,F1_03,CHE-O,CHE,Vegetated,Biomass Removal,Vegetated/Biomass Removal,2/27/21,25.77,39,13.23,,7/30/21,1,153,11/15/21,261,153,7/30/21,1,7/30/21,1,0,0.763,0.7,33.5,7.549,9/3/21
G,1,G1,1,G1_01,CHE-O,CHE,Vegetated,Biomass Removal,Vegetated/Biomass Removal,3/16/21,26,25,-1,,9/10/21,1,178,11/15/21,244,178,9/10/21,1,9/10/21,1,0,0.763,0.7,33.7,2.332,9/20/21
H,4,H4,12,H4_12,CHE-O,CHE,Vegetated,Biomass Removal,Vegetated/Biomass Removal,2/27/21,17.72,63,45.28,,9/10/21,1,195,11/15/21,261,195,9/10/21,1,9/10/21,1,0,0.763,0.7,50.5,7.72,9/13/21
I,4,I4,5,I4_05,CHE-O,CHE,Vegetated,Biomass Removal,Vegetated/Biomass Removal,2/27/21,17.09,28,10.91,7/2/21,7/2/21,1,125,11/15/21,261,125,7/2/21,1,,0,1,0.763,0.7,4.4,0.272,9/7/21
J,2,J2,8,J2_08,CHE-O,CHE,Vegetated,Biomass Removal,Vegetated/Biomass Removal,2/27/21,14.08,50,35.92,,9/17/21,1,202,11/15/21,261,202,9/17/21,1,9/17/21,1,0,0.763,0.7,30.6,4.542,9/22/21
A,5,A5,13,A5_13,GUA-O,GUA,Vegetated,Biomass Removal,Vegetated/Biomass Removal,3/19/21,17,52,35,6/18/21,6/18/21,1,91,11/15/21,241,91,,0,,0,1,0.763,0.6,,,
B,2,B2,14,B2_14,GUA-O,GUA,Vegetated,Biomass Removal,Vegetated/Biomass Removal,2/27/21,20.29,58,37.71,,9/10/21,1,195,11/15/21,261,195,9/10/21,1,9/10/21,1,0,0.763,0.6,60,13.799,9/20/21
C,2,C2,2,C2_02,GUA-O,GUA,Vegetated,Biomass Removal,Vegetated/Biomass Removal,2/27/21,21.65,48,26.35,,9/10/21,1,195,11/15/21,261,195,9/10/21,1,9/10/21,1,0,0.763,0.6,48.7,9.539,9/20/21
D,1,D1,15,D1_15,GUA-O,GUA,Vegetated,Biomass Removal,Vegetated/Biomass Removal,3/9/21,15,,-15,4/24/21,4/24/21,1,46,11/15/21,251,46,,0,,0,1,0.763,0.6,,,
E,5,E5,10,E5_10,GUA-O,GUA,Vegetated,Biomass Removal,Vegetated/Biomass Removal,3/16/21,16,38,22,,9/3/21,1,171,11/15/21,244,171,9/3/21,1,9/3/21,1,0,0.763,0.6,39.5,6.015,9/8/21
F,1,F1,5,F1_05,GUA-O,GUA,Vegetated,Biomass Removal,Vegetated/Biomass Removal,2/27/21,26,36,10,,7/30/21,1,153,11/15/21,261,153,7/30/21,1,7/30/21,1,0,0.763,0.6,26,3.188,9/7/21
G,1,G1,6,G1_06,GUA-O,GUA,Vegetated,Biomass Removal,Vegetated/Biomass Removal,2/27/21,5.45,50,44.55,,9/10/21,1,195,11/15/21,261,195,9/10/21,1,9/10/21,1,0,0.763,0.6,29.4,2.58,9/28/21
H,4,H4,3,H4_03,GUA-O,GUA,Vegetated,Biomass Removal,Vegetated/Biomass Removal,2/27/21,10.7,52,41.3,8/5/21,8/5/21,1,159,11/15/21,261,159,8/5/21,1,,0,1,0.763,0.6,25.9,3.171,9/7/21
I,4,I4,4,I4_04,GUA-O,GUA,Vegetated,Biomass Removal,Vegetated/Biomass Removal,3/16/21,16,45,29,,9/13/21,1,181,11/15/21,244,181,9/13/21,1,9/10/21,1,0,0.763,0.6,46.7,3.699,9/20/21
J,2,J2,6,J2_06,GUA-O,GUA,Vegetated,Biomass Removal,Vegetated/Biomass Removal,3/24/21,23,51,28,8/12/21,8/12/21,1,141,11/15/21,236,141,8/12/21,1,,0,1,0.763,0.6,15.5,2.662,9/7/21
A,5,A5,15,A5_15,LEX-O,LEX,Vegetated,Biomass Removal,Vegetated/Biomass Removal,3/19/21,20,57,37,,9/17/21,1,182,11/15/21,241,182,9/17/21,1,9/17/21,1,0,0.763,0.8,54.1,7.193,9/22/21
B,2,B2,1,B2_01,LEX-O,LEX,Vegetated,Biomass Removal,Vegetated/Biomass Removal,2/27/21,24.25,45,20.75,,9/10/21,1,195,11/15/21,261,195,9/10/21,1,9/10/21,1,0,0.763,0.8,44.5,7.451,9/13/21
C,2,C2,8,C2_08,LEX-O,LEX,Vegetated,Biomass Removal,Vegetated/Biomass Removal,2/27/21,27.38,46,18.62,,9/10/21,1,195,11/15/21,261,195,9/10/21,1,9/10/21,1,0,0.763,0.8,42,7.827,9/14/21
D,1,D1,6,D1_06,LEX-O,LEX,Vegetated,Biomass Removal,Vegetated/Biomass Removal,2/27/21,16.52,41,24.48,,9/10/21,1,195,11/15/21,261,195,9/10/21,1,9/10/21,1,0,0.763,0.8,55.5,10.638,9/22/21
E,5,E5,1,E5_01,LEX-O,LEX,Vegetated,Biomass Removal,Vegetated/Biomass Removal,3/9/21,23,46,23,9/3/21,9/3/21,1,178,11/15/21,251,178,9/3/21,1,,0,1,0.763,0.8,21.2,1.299,9/9/21
F,1,F1,11,F1_11,LEX-O,LEX,Vegetated,Biomass Removal,Vegetated/Biomass Removal,2/27/21,27.99,39,11.01,,9/3/21,1,188,11/15/21,261,188,9/3/21,1,9/3/21,1,0,0.763,0.8,34.8,8.448,9/8/21
G,1,G1,2,G1_02,LEX-O,LEX,Vegetated,Biomass Removal,Vegetated/Biomass Removal,3/9/21,21,,-21,3/29/21,3/29/21,1,20,11/15/21,251,20,,0,,0,1,0.763,0.8,,,
H,4,H4,5,H4_05,LEX-O,LEX,Vegetated,Biomass Removal,Vegetated/Biomass Removal,2/27/21,15.39,52,36.61,,9/10/21,1,195,11/15/21,261,195,9/10/21,1,9/10/21,1,0,0.763,0.8,24.5,1.885,9/20/21
I,4,I4,13,I4_13,LEX-O,LEX,Vegetated,Biomass Removal,Vegetated/Biomass Removal,2/27/21,16.1,58,41.9,,9/13/21,1,198,11/15/21,261,198,9/13/21,1,9/10/21,1,0,0.763,0.8,54.1,5.032,9/20/21
J,2,J2,14,J2_14,LEX-O,LEX,Vegetated,Biomass Removal,Vegetated/Biomass Removal,2/27/21,16.64,40,23.36,,9/13/21,1,198,11/15/21,261,198,9/13/21,1,9/10/21,1,0,0.763,0.8,33.9,2.029,9/20/21
A,5,A5,10,A5_10,OAP-O,OAP,Vegetated,Biomass Removal,Vegetated/Biomass Removal,2/27/21,25.97,47,21.03,,9/3/21,1,188,11/15/21,261,188,9/3/21,1,,0,1,0.763,0.7,43.2,18.07,9/8/21
B,2,B2,16,B2_16,OAP-O,OAP,Vegetated,Biomass Removal,Vegetated/Biomass Removal,2/27/21,17.03,59,41.97,,9/10/21,1,195,11/15/21,261,195,9/10/21,1,9/10/21,1,0,0.763,0.7,41.5,5.984,9/13/21
C,2,C2,16,C2_16,OAP-O,OAP,Vegetated,Biomass Removal,Vegetated/Biomass Removal,2/27/21,16.86,34,17.14,,9/10/21,1,195,11/15/21,261,195,9/10/21,1,9/10/21,1,0,0.763,0.7,30.6,2.162,9/28/21
D,1,D1,14,D1_14,OAP-O,OAP,Vegetated,Biomass Removal,Vegetated/Biomass Removal,2/27/21,14.55,44,29.45,,9/10/21,1,195,11/15/21,261,195,9/10/21,1,9/10/21,1,0,0.763,0.7,43.2,12.406,9/20/21
E,5,E5,5,E5_05,OAP-O,OAP,Vegetated,Biomass Removal,Vegetated/Biomass Removal,2/27/21,21.54,,-21.54,3/29/21,3/29/21,1,30,11/15/21,261,30,,0,,0,1,0.763,0.7,,,
F,1,F1,8,F1_08,OAP-O,OAP,Vegetated,Biomass Removal,Vegetated/Biomass Removal,2/27/21,15.34,43,27.66,,9/3/21,1,188,11/15/21,261,188,9/3/21,1,,0,1,0.763,0.7,60,12.781,9/20/21
G,1,G1,11,G1_11,OAP-O,OAP,Vegetated,Biomass Removal,Vegetated/Biomass Removal,2/27/21,18.09,45,26.91,,9/10/21,1,195,11/15/21,261,195,9/10/21,1,9/10/21,1,0,0.763,0.7,33.5,1.842,9/28/21
H,4,H4,15,H4_15,OAP-O,OAP,Vegetated,Biomass Removal,Vegetated/Biomass Removal,2/27/21,12.21,45,32.79,,9/10/21,1,195,11/15/21,261,195,9/10/21,1,9/10/21,1,0,0.763,0.7,56,5.131,9/22/21
I,4,I4,11,I4_11,OAP-O,OAP,Vegetated,Biomass Removal,Vegetated/Biomass Removal,2/27/21,21.13,53,31.87,,9/13/21,1,198,11/15/21,261,198,9/13/21,1,9/10/21,1,0,0.763,0.7,68,10.307,9/20/21
J,2,J2,13,J2_13,OAP-O,OAP,Vegetated,Biomass Removal,Vegetated/Biomass Removal,2/27/21,13.66,46,32.34,,9/10/21,1,195,11/15/21,261,195,9/10/21,1,9/10/21,1,0,0.763,0.7,44.8,3.242,9/20/21
A,5,A5,2,A5_02,PAR-O,PAR,Vegetated,Biomass Removal,Vegetated/Biomass Removal,2/27/21,20.32,18,-2.32,,7/2/21,1,125,11/15/21,261,125,7/2/21,1,6/25/21,1,0,0.763,0.9,9.9,0.73,9/8/21
B,2,B2,2,B2_02,PAR-O,PAR,Vegetated,Biomass Removal,Vegetated/Biomass Removal,2/27/21,16.73,50,33.27,6/18/21,6/18/21,1,111,11/15/21,261,111,7/2/21,1,,0,1,0.763,0.9,9.9,0.976,9/8/21
C,2,C2,3,C2_03,PAR-O,PAR,Vegetated,Biomass Removal,Vegetated/Biomass Removal,2/27/21,17.07,37,19.93,,8/27/21,1,181,11/15/21,261,181,8/27/21,1,8/27/21,1,0,0.763,0.9,31,2.877,9/7/21
D,1,D1,7,D1_07,PAR-O,PAR,Vegetated,Biomass Removal,Vegetated/Biomass Removal,2/27/21,16.05,65,48.95,,9/10/21,1,195,11/15/21,261,195,9/10/21,1,9/10/21,1,0,0.763,0.9,59.9,9.809,9/13/21
E,5,E5,16,E5_16,PAR-O,PAR,Vegetated,Biomass Removal,Vegetated/Biomass Removal,2/27/21,24.83,36,11.17,,7/2/21,1,125,11/15/21,261,125,7/2/21,1,7/2/21,1,0,0.763,0.9,17.9,1.781,9/8/21
F,1,F1,16,F1_16,PAR-O,PAR,Vegetated,Biomass Removal,Vegetated/Biomass Removal,2/27/21,17.71,53,35.29,,9/10/21,1,195,11/15/21,261,195,9/10/21,1,9/10/21,1,0,0.763,0.9,66.3,32.805,9/22/21
G,1,G1,13,G1_13,PAR-O,PAR,Vegetated,Biomass Removal,Vegetated/Biomass Removal,3/16/21,23,52,29,,9/3/21,1,171,11/15/21,244,171,9/3/21,1,9/3/21,1,0,0.763,0.9,51.5,15.704,9/20/21
H,4,H4,13,H4_13,PAR-O,PAR,Vegetated,Biomass Removal,Vegetated/Biomass Removal,3/1/21,20,59,39,,9/10/21,1,193,11/15/21,259,193,9/10/21,1,9/10/21,1,0,0.763,0.9,25.6,3.339,9/22/21
I,4,I4,16,I4_16,PAR-O,PAR,Vegetated,Biomass Removal,Vegetated/Biomass Removal,2/27/21,16.41,39,22.59,,9/13/21,1,198,11/15/21,261,198,9/13/21,1,9/10/21,1,0,0.763,0.9,51,4.913,9/20/21
J,2,J2,9,J2_09,PAR-O,PAR,Vegetated,Biomass Removal,Vegetated/Biomass Removal,3/1/21,18,37,19,,9/17/21,1,200,11/15/21,259,200,9/17/21,1,9/17/21,1,0,0.763,0.9,22,1.105,9/22/21
A,5,A5,4,A5_04,PEN-O,PEN,Vegetated,Biomass Removal,Vegetated/Biomass Removal,2/27/21,21.15,28,6.85,,7/2/21,1,125,11/15/21,261,125,7/2/21,1,6/25/21,1,0,0.763,0.7,9.2,0.718,9/8/21
B,2,B2,3,B2_03,PEN-O,PEN,Vegetated,Biomass Removal,Vegetated/Biomass Removal,3/19/21,36,71,35,,8/27/21,1,161,11/15/21,241,161,8/27/21,1,8/27/21,1,0,0.763,0.7,60.6,39.831,9/8/21
C,2,C2,12,C2_12,PEN-O,PEN,Vegetated,Biomass Removal,Vegetated/Biomass Removal,2/27/21,13.68,35,21.32,,9/3/21,1,188,11/15/21,261,188,9/3/21,1,9/3/21,1,0,0.763,0.7,36.5,4.676,9/7/21
D,1,D1,16,D1_16,PEN-O,PEN,Vegetated,Biomass Removal,Vegetated/Biomass Removal,2/27/21,24.96,55,30.04,,9/10/21,1,195,11/15/21,261,195,9/10/21,1,9/10/21,1,0,0.763,0.7,65.5,10.05,9/20/21
E,5,E5,14,E5_14,PEN-O,PEN,Vegetated,Biomass Removal,Vegetated/Biomass Removal,2/27/21,9.52,40,30.48,,9/10/21,1,195,11/15/21,261,195,9/10/21,1,,0,1,0.763,0.7,41.5,4.157,9/20/21
F,1,F1,6,F1_06,PEN-O,PEN,Vegetated,Biomass Removal,Vegetated/Biomass Removal,2/27/21,28.09,40,11.91,7/9/21,7/9/21,1,132,11/15/21,261,132,7/9/21,1,,0,1,0.763,0.7,39.5,4.937,9/7/21
G,1,G1,5,G1_05,PEN-O,PEN,Vegetated,Biomass Removal,Vegetated/Biomass Removal,2/27/21,22.55,28,5.45,,9/3/21,1,188,11/15/21,261,188,9/3/21,1,9/3/21,1,0,0.763,0.7,36,1.894,9/28/21
H,4,H4,6,H4_06,PEN-O,PEN,Vegetated,Biomass Removal,Vegetated/Biomass Removal,3/24/21,15,51,36,,9/10/21,1,170,11/15/21,236,170,9/10/21,1,9/10/21,1,0,0.763,0.7,42.8,5.402,9/14/21
I,4,I4,9,I4_09,PEN-O,PEN,Vegetated,Biomass Removal,Vegetated/Biomass Removal,2/27/21,8.18,59,50.82,,9/13/21,1,198,11/15/21,261,198,9/13/21,1,9/10/21,1,0,0.763,0.7,50.5,4.951,9/20/21
J,2,J2,4,J2_04,PEN-O,PEN,Vegetated,Biomass Removal,Vegetated/Biomass Removal,2/27/21,23.2,,-23.2,5/22/21,5/22/21,1,84,11/15/21,261,84,,0,,0,1,0.763,0.7,,,
A,5,A5,6,A5_06,SSJ-O,SSJ,Vegetated,Biomass Removal,Vegetated/Biomass Removal,2/27/21,31.5,28,-3.5,,7/2/21,1,125,11/15/21,261,125,7/2/21,1,6/25/21,1,0,0.763,0.9,14.6,1.812,9/8/21
B,2,B2,9,B2_09,SSJ-O,SSJ,Vegetated,Biomass Removal,Vegetated/Biomass Removal,2/27/21,26.92,54,27.08,7/23/21,7/23/21,1,146,11/15/21,261,146,7/23/21,1,,0,1,0.763,0.9,16.2,3.596,9/3/21
C,2,C2,10,C2_10,SSJ-O,SSJ,Vegetated,Biomass Removal,Vegetated/Biomass Removal,2/27/21,26.66,63,36.34,,9/10/21,1,195,11/15/21,261,195,9/10/21,1,9/10/21,1,0,0.763,0.9,60.8,20.686,9/20/21
D,1,D1,5,D1_05,SSJ-O,SSJ,Vegetated,Biomass Removal,Vegetated/Biomass Removal,2/27/21,12.12,41,28.88,,9/10/21,1,195,11/15/21,261,195,9/10/21,1,9/10/21,1,0,0.763,0.9,39.5,5.794,9/14/21
E,5,E5,2,E5_02,SSJ-O,SSJ,Vegetated,Biomass Removal,Vegetated/Biomass Removal,3/9/21,25,49,24,,7/30/21,1,143,11/15/21,251,143,7/30/21,1,7/30/21,1,0,0.763,0.9,21,3.081,9/7/21
F,1,F1,2,F1_02,SSJ-O,SSJ,Vegetated,Biomass Removal,Vegetated/Biomass Removal,3/9/21,17,40,23,,9/10/21,1,185,11/15/21,251,185,9/10/21,1,9/10/21,1,0,0.763,0.9,38,5.522,9/20/21
G,1,G1,9,G1_09,SSJ-O,SSJ,Vegetated,Biomass Removal,Vegetated/Biomass Removal,2/27/21,14.6,53,38.4,,9/10/21,1,195,11/15/21,261,195,9/10/21,1,9/10/21,1,0,0.763,0.9,67.2,9.59,9/22/21
H,4,H4,11,H4_11,SSJ-O,SSJ,Vegetated,Biomass Removal,Vegetated/Biomass Removal,2/27/21,14.77,60,45.23,,9/10/21,1,195,11/15/21,261,195,9/10/21,1,9/10/21,1,0,0.763,0.9,64.1,8.808,9/14/21
I,4,I4,14,I4_14,SSJ-O,SSJ,Vegetated,Biomass Removal,Vegetated/Biomass Removal,2/27/21,20.79,55,34.21,,9/13/21,1,198,11/15/21,261,198,9/13/21,1,9/10/21,1,0,0.763,0.9,70.4,11.774,9/20/21
J,2,J2,12,J2_12,SSJ-O,SSJ,Vegetated,Biomass Removal,Vegetated/Biomass Removal,2/27/21,14.57,48,33.43,,9/13/21,1,198,11/15/21,261,198,9/13/21,1,9/10/21,1,0,0.763,0.9,29.8,2.214,9/20/21
A,2,A2,6,A2_06,BAY-A,BAY,Roadside,Grassland,Roadside/Grassland,2/27/21,25.33,19,-6.33,,7/2/21,1,125,11/15/21,261,125,7/2/21,1,7/2/21,1,0,0.25,0.5,8.1,0.059,9/8/21
B,1,B1,12,B1_12,BAY-A,BAY,Roadside,Grassland,Roadside/Grassland,3/9/21,20,29,9,5/28/21,5/28/21,1,80,11/15/21,251,80,,0,,0,1,0.25,0.5,,,
C,3,C3,12,C3_12,BAY-A,BAY,Roadside,Grassland,Roadside/Grassland,2/27/21,22.77,22,-0.77,,7/2/21,1,125,11/15/21,261,125,7/2/21,1,5/28/21,1,0,0.25,0.5,10.9,0.065,9/8/21
D,3,D3,12,D3_12,BAY-A,BAY,Roadside,Grassland,Roadside/Grassland,2/27/21,23.18,15,-8.18,,9/24/21,1,209,11/15/21,261,209,9/24/21,1,9/24/21,1,0,0.25,0.5,17.5,0.375,9/28/21
E,2,E2,6,E2_06,BAY-A,BAY,Roadside,Grassland,Roadside/Grassland,3/9/21,32,38,6,6/25/21,6/25/21,1,108,11/15/21,251,108,,0,6/11/21,1,0,0.25,0.5,,,
F,2,F2,7,F2_07,BAY-A,BAY,Roadside,Grassland,Roadside/Grassland,3/9/21,22,,-22,5/21/21,5/21/21,1,73,11/15/21,251,73,,0,,0,1,0.25,0.5,,,
G,3,G3,10,G3_10,BAY-A,BAY,Roadside,Grassland,Roadside/Grassland,3/16/21,25,29,4,7/2/21,7/2/21,1,108,11/15/21,244,108,7/2/21,1,,0,1,0.25,0.5,6.5,0.09,9/8/21
H,2,H2,4,H2_04,BAY-A,BAY,Roadside,Grassland,Roadside/Grassland,2/27/21,18.14,10,-8.14,6/4/21,6/4/21,1,97,11/15/21,261,97,,0,,0,1,0.25,0.5,,,
I,5,I5,16,I5_16,BAY-A,BAY,Roadside,Grassland,Roadside/Grassland,2/27/21,8.37,8,-0.37,6/4/21,6/4/21,1,97,11/15/21,261,97,,0,,0,1,0.25,0.5,,,
J,3,J3,2,J3_02,BAY-A,BAY,Roadside,Grassland,Roadside/Grassland,2/27/21,15.21,27,11.79,,9/24/21,1,209,11/15/21,261,209,9/24/21,1,9/24/21,1,0,0.25,0.5,11.4,0.223,9/28/21
A,2,A2,5,A2_05,CHE-A,CHE,Roadside,Grassland,Roadside/Grassland,2/27/21,20.16,17,-3.16,7/2/21,7/2/21,1,125,11/15/21,261,125,,0,,0,1,0.25,0.2,,,
B,1,B1,3,B1_03,CHE-A,CHE,Roadside,Grassland,Roadside/Grassland,2/27/21,23,31,8,,9/24/21,1,209,11/15/21,261,209,9/24/21,1,9/24/21,1,0,0.25,0.2,24.5,0.85,9/27/21
C,3,C3,10,C3_10,CHE-A,CHE,Roadside,Grassland,Roadside/Grassland,2/27/21,27.42,19,-8.42,6/18/21,6/18/21,1,111,11/15/21,261,111,,0,,0,1,0.25,0.2,,,
D,3,D3,5,D3_05,CHE-A,CHE,Roadside,Grassland,Roadside/Grassland,2/27/21,34.62,31,-3.62,,9/24/21,1,209,11/15/21,261,209,9/24/21,1,9/24/21,1,0,0.25,0.2,18.7,0.396,9/28/21
E,2,E2,14,E2_14,CHE-A,CHE,Roadside,Grassland,Roadside/Grassland,3/16/21,26,21,-5,,9/10/21,1,178,11/15/21,244,178,9/10/21,1,,0,1,0.25,0.2,10.1,0.193,9/28/21
F,2,F2,16,F2_16,CHE-A,CHE,Roadside,Grassland,Roadside/Grassland,2/27/21,20.16,,-20.16,5/21/21,5/21/21,1,83,11/15/21,261,83,,0,,0,1,0.25,0.2,,,
G,3,G3,8,G3_08,CHE-A,CHE,Roadside,Grassland,Roadside/Grassland,2/27/21,18.17,20,1.83,6/11/21,6/11/21,1,104,11/15/21,261,104,,0,,0,1,0.25,0.2,,,
H,2,H2,12,H2_12,CHE-A,CHE,Roadside,Grassland,Roadside/Grassland,2/27/21,15.51,17,1.49,6/11/21,6/11/21,1,104,11/15/21,261,104,,0,,0,1,0.25,0.2,,,
I,5,I5,6,I5_06,CHE-A,CHE,Roadside,Grassland,Roadside/Grassland,2/27/21,23.93,11,-12.93,6/4/21,6/4/21,1,97,11/15/21,261,97,,0,,0,1,0.25,0.2,,,
J,3,J3,6,J3_06,CHE-A,CHE,Roadside,Grassland,Roadside/Grassland,2/27/21,26.86,11,-15.86,6/4/21,6/4/21,1,97,11/15/21,261,97,,0,,0,1,0.25,0.2,,,
A,2,A2,11,A2_11,GUA-A,GUA,Roadside,Grassland,Roadside/Grassland,2/27/21,25.89,,-25.89,5/16/21,5/16/21,1,78,11/15/21,261,78,,0,,0,1,0.25,0.3,,,
B,1,B1,8,B1_08,GUA-A,GUA,Roadside,Grassland,Roadside/Grassland,3/9/21,26,26,0,6/25/21,6/25/21,1,108,11/15/21,251,108,,0,,0,1,0.25,0.3,,,
C,3,C3,2,C3_02,GUA-A,GUA,Roadside,Grassland,Roadside/Grassland,2/27/21,25.77,15,-10.77,6/11/21,6/11/21,1,104,11/15/21,261,104,,0,,0,1,0.25,0.3,,,
D,3,D3,11,D3_11,GUA-A,GUA,Roadside,Grassland,Roadside/Grassland,2/27/21,14.07,30,15.93,,9/24/21,1,209,11/15/21,261,209,9/24/21,1,9/24/21,1,0,0.25,0.3,17.6,0.317,9/27/21
E,2,E2,16,E2_16,GUA-A,GUA,Roadside,Grassland,Roadside/Grassland,3/16/21,28,35,7,,9/24/21,1,192,11/15/21,244,192,9/24/21,1,9/24/21,1,0,0.25,0.3,21.8,0.468,9/27/21
F,2,F2,15,F2_15,GUA-A,GUA,Roadside,Grassland,Roadside/Grassland,2/27/21,20.87,15,-5.87,5/28/21,5/28/21,1,90,11/15/21,261,90,,0,,0,1,0.25,0.3,,,
G,3,G3,3,G3_03,GUA-A,GUA,Roadside,Grassland,Roadside/Grassland,2/27/21,22.83,22,-0.83,7/16/21,7/16/21,1,139,11/15/21,261,139,7/16/21,1,,0,1,0.25,0.3,6.7,0.085,9/29/21
H,2,H2,9,H2_09,GUA-A,GUA,Roadside,Grassland,Roadside/Grassland,2/27/21,21.81,6,-15.81,6/4/21,6/4/21,1,97,11/15/21,261,97,,0,,0,1,0.25,0.3,,,
I,5,I5,5,I5_05,GUA-A,GUA,Roadside,Grassland,Roadside/Grassland,2/27/21,23.59,24,0.41,,9/24/21,1,209,11/15/21,261,209,9/24/21,1,9/24/21,1,0,0.25,0.3,22.5,0.592,9/28/21
J,3,J3,4,J3_04,GUA-A,GUA,Roadside,Grassland,Roadside/Grassland,2/27/21,10.83,6,-4.83,6/11/21,6/11/21,1,104,11/15/21,261,104,,0,,0,1,0.25,0.3,,,
A,2,A2,1,A2_01,LEX-A,LEX,Roadside,Grassland,Roadside/Grassland,3/19/21,30,27,-3,7/30/21,7/30/21,1,133,11/15/21,241,133,,0,,0,1,0.25,0.2,,,
B,1,B1,13,B1_13,LEX-A,LEX,Roadside,Grassland,Roadside/Grassland,2/27/21,12.04,7,-5.04,6/11/21,6/11/21,1,104,11/15/21,261,104,,0,,0,1,0.25,0.2,,,
C,3,C3,5,C3_05,LEX-A,LEX,Roadside,Grassland,Roadside/Grassland,3/24/21,12,10,-2,6/11/21,6/11/21,1,79,11/15/21,236,79,,0,,0,1,0.25,0.2,,,
D,3,D3,7,D3_07,LEX-A,LEX,Roadside,Grassland,Roadside/Grassland,3/19/21,23,,-23,5/16/21,5/16/21,1,58,11/15/21,241,58,,0,,0,1,0.25,0.2,,,
E,2,E2,10,E2_10,LEX-A,LEX,Roadside,Grassland,Roadside/Grassland,2/27/21,19.44,34,14.56,,7/2/21,1,125,11/15/21,261,125,7/2/21,1,6/11/21,1,0,0.25,0.2,13,0.279,9/28/21
F,2,F2,5,F2_05,LEX-A,LEX,Roadside,Grassland,Roadside/Grassland,3/9/21,32,26,-6,,7/2/21,1,115,11/15/21,251,115,7/2/21,1,7/2/21,1,0,0.25,0.2,6.8,0.034,9/8/21
G,3,G3,11,G3_11,LEX-A,LEX,Roadside,Grassland,Roadside/Grassland,2/27/21,21.25,25,3.75,7/23/21,7/23/21,1,146,11/15/21,261,146,7/23/21,1,,0,1,0.25,0.2,4.5,0.116,9/3/21
H,2,H2,13,H2_13,LEX-A,LEX,Roadside,Grassland,Roadside/Grassland,2/27/21,16.05,,-16.05,5/22/21,5/22/21,1,84,11/15/21,261,84,,0,,0,1,0.25,0.2,,,
I,5,I5,10,I5_10,LEX-A,LEX,Roadside,Grassland,Roadside/Grassland,2/27/21,14.85,15,0.15,6/11/21,6/11/21,1,104,11/15/21,261,104,,0,,0,1,0.25,0.2,,,
J,3,J3,12,J3_12,LEX-A,LEX,Roadside,Grassland,Roadside/Grassland,2/27/21,10.87,25,14.13,6/18/21,6/18/21,1,111,11/15/21,261,111,,0,,0,1,0.25,0.2,,,
A,2,A2,4,A2_04,OAP-A,OAP,Roadside,Grassland,Roadside/Grassland,2/27/21,21.54,30,8.46,,7/2/21,1,125,11/15/21,261,125,7/2/21,1,5/28/21,1,0,0.25,0.2,0.25,0.2,2.78
B,1,B1,15,B1_15,OAP-A,OAP,Roadside,Grassland,Roadside/Grassland,2/27/21,9.64,11,1.36,6/11/21,6/11/21,1,104,11/15/21,261,104,,0,,0,1,0.25,0.2,,,
C,3,C3,1,C3_01,OAP-A,OAP,Roadside,Grassland,Roadside/Grassland,2/27/21,22.26,11,-11.26,5/28/21,5/28/21,1,90,11/15/21,261,90,,0,,0,1,0.25,0.2,,,
D,3,D3,1,D3_01,OAP-A,OAP,Roadside,Grassland,Roadside/Grassland,3/9/21,25,30,5,6/11/21,6/11/21,1,94,11/15/21,251,94,,0,,0,1,0.25,0.2,,,
E,2,E2,13,E2_13,OAP-A,OAP,Roadside,Grassland,Roadside/Grassland,3/16/21,29,34,5,8/27/21,8/27/21,1,164,11/15/21,244,164,,0,,0,1,0.25,0.2,,,
F,2,F2,3,F2_03,OAP-A,OAP,Roadside,Grassland,Roadside/Grassland,2/27/21,21.12,,-21.12,5/21/21,5/21/21,1,83,11/15/21,261,83,,0,,0,1,0.25,0.2,,,
G,3,G3,15,G3_15,OAP-A,OAP,Roadside,Grassland,Roadside/Grassland,2/27/21,18.17,23,4.83,6/4/21,6/4/21,1,97,11/15/21,261,97,,0,,0,1,0.25,0.2,,,
H,2,H2,15,H2_15,OAP-A,OAP,Roadside,Grassland,Roadside/Grassland,2/27/21,13.56,34,20.44,7/16/21,7/16/21,1,139,11/15/21,261,139,7/16/21,1,,0,1,0.25,0.2,5.3,0.159,9/29/21
I,5,I5,13,I5_13,OAP-A,OAP,Roadside,Grassland,Roadside/Grassland,2/27/21,9.22,,-9.22,5/22/21,5/22/21,1,84,11/15/21,261,84,,0,,0,1,0.25,0.2,,,
J,3,J3,8,J3_08,OAP-A,OAP,Roadside,Grassland,Roadside/Grassland,2/27/21,21.31,45,23.69,,9/24/21,1,209,11/15/21,261,209,9/24/21,1,9/24/21,1,0,0.25,0.2,22.2,0.594,9/28/21
A,2,A2,3,A2_03,PAR-A,PAR,Roadside,Grassland,Roadside/Grassland,2/27/21,16.72,33,16.28,,7/2/21,1,125,11/15/21,261,125,7/2/21,1,6/11/21,1,0,0.25,0.2,12.5,0.101,9/8/21
B,1,B1,14,B1_14,PAR-A,PAR,Roadside,Grassland,Roadside/Grassland,2/27/21,15.38,18,2.62,6/25/21,6/25/21,1,118,11/15/21,261,118,,0,,0,1,0.25,0.2,,,
C,3,C3,8,C3_08,PAR-A,PAR,Roadside,Grassland,Roadside/Grassland,2/27/21,15.01,15,-0.01,6/18/21,6/18/21,1,111,11/15/21,261,111,7/2/21,1,,0,1,0.25,0.2,4.9,,
D,3,D3,13,D3_13,PAR-A,PAR,Roadside,Grassland,Roadside/Grassland,2/27/21,17.39,16,-1.39,6/11/21,6/11/21,1,104,11/15/21,261,104,,0,,0,1,0.25,0.2,,,
E,2,E2,7,E2_07,PAR-A,PAR,Roadside,Grassland,Roadside/Grassland,2/27/21,17.21,29,11.79,,7/2/21,1,125,11/15/21,261,125,7/2/21,1,6/25/21,1,0,0.25,0.2,9.5,0.059,9/28/21
F,2,F2,14,F2_14,PAR-A,PAR,Roadside,Grassland,Roadside/Grassland,2/27/21,15.31,16,0.69,6/11/21,6/11/21,1,104,11/15/21,261,104,,0,,0,1,0.25,0.2,,,
G,3,G3,2,G3_02,PAR-A,PAR,Roadside,Grassland,Roadside/Grassland,2/27/21,19.49,18,-1.49,7/16/21,7/16/21,1,139,11/15/21,261,139,7/16/21,1,,0,1,0.25,0.2,3.5,0.05,9/29/21
H,2,H2,16,H2_16,PAR-A,PAR,Roadside,Grassland,Roadside/Grassland,2/27/21,15.99,34,18.01,7/2/21,7/2/21,1,125,11/15/21,261,125,7/2/21,1,,0,1,0.25,0.2,3.4,0.074,9/7/21
I,5,I5,3,I5_03,PAR-A,PAR,Roadside,Grassland,Roadside/Grassland,2/27/21,18.08,18,-0.08,8/5/21,8/5/21,1,159,11/15/21,261,159,8/5/21,1,,0,1,0.25,0.2,3.5,0.08,9/8/21
J,3,J3,3,J3_03,PAR-A,PAR,Roadside,Grassland,Roadside/Grassland,2/27/21,20.28,28,7.72,6/11/21,6/11/21,1,104,11/15/21,261,104,,0,,0,1,0.25,0.2,,,
A,2,A2,14,A2_14,PEN-A,PEN,Roadside,Grassland,Roadside/Grassland,2/27/21,12.06,15,2.94,6/11/21,6/11/21,1,104,11/15/21,261,104,,0,,0,1,0.25,0.3,,,
B,1,B1,1,B1_01,PEN-A,PEN,Roadside,Grassland,Roadside/Grassland,2/27/21,18.94,6,-12.94,5/28/21,5/28/21,1,90,11/15/21,261,90,,0,,0,1,0.25,0.3,,,
C,3,C3,14,C3_14,PEN-A,PEN,Roadside,Grassland,Roadside/Grassland,2/27/21,23.3,14,-9.3,6/11/21,6/11/21,1,104,11/15/21,261,104,,0,,0,1,0.25,0.3,,,
D,3,D3,16,D3_16,PEN-A,PEN,Roadside,Grassland,Roadside/Grassland,2/27/21,16.64,17,0.36,,9/24/21,1,209,11/15/21,261,209,9/24/21,1,9/24/21,1,0,0.25,0.3,16.3,0.626,9/28/21
E,2,E2,12,E2_12,PEN-A,PEN,Roadside,Grassland,Roadside/Grassland,2/27/21,25.36,22,-3.36,7/16/21,7/16/21,1,139,11/15/21,261,139,7/16/21,1,,0,1,0.25,0.3,7.3,0.057,9/29/21
F,2,F2,9,F2_09,PEN-A,PEN,Roadside,Grassland,Roadside/Grassland,3/9/21,25,21,-4,,10/1/21,1,206,11/15/21,251,206,10/1/21,1,10/1/21,1,0,0.25,0.3,11.2,0.199,10/4/21
G,3,G3,4,G3_04,PEN-A,PEN,Roadside,Grassland,Roadside/Grassland,2/27/21,21.05,23,1.95,7/9/21,7/9/21,1,132,11/15/21,261,132,7/9/21,1,,0,1,0.25,0.3,5.2,0.094,9/8/21
H,2,H2,7,H2_07,PEN-A,PEN,Roadside,Grassland,Roadside/Grassland,2/27/21,14.22,20,5.78,,10/8/21,1,223,11/15/21,261,223,10/8/21,1,10/8/21,1,0,0.25,0.3,9.7,0.213,10/13/21
I,5,I5,9,I5_09,PEN-A,PEN,Roadside,Grassland,Roadside/Grassland,2/27/21,21.92,27,5.08,7/2/21,7/2/21,1,125,11/15/21,261,125,7/2/21,1,,0,1,0.25,0.3,3.2,0.072,9/7/21
J,3,J3,7,J3_07,PEN-A,PEN,Roadside,Grassland,Roadside/Grassland,2/27/21,12.65,25,12.35,8/5/21,8/5/21,1,159,11/15/21,261,159,8/5/21,1,,0,1,0.25,0.3,3.5,0.043,9/7/21
A,2,A2,16,A2_16,SSJ-A,SSJ,Roadside,Grassland,Roadside/Grassland,2/27/21,13.26,11,-2.26,5/28/21,5/28/21,1,90,11/15/21,261,90,,0,,0,1,0.25,0.1,,,
B,1,B1,4,B1_04,SSJ-A,SSJ,Roadside,Grassland,Roadside/Grassland,2/27/21,17.63,29,11.37,6/25/21,6/25/21,1,118,11/15/21,261,118,7/2/21,1,,0,1,0.25,0.1,4.8,0.033,9/8/21
C,3,C3,3,C3_03,SSJ-A,SSJ,Roadside,Grassland,Roadside/Grassland,2/27/21,23.11,17,-6.11,6/11/21,6/11/21,1,104,11/15/21,261,104,7/2/21,1,,0,1,0.25,0.1,5.7,0.035,9/9/21
D,3,D3,4,D3_04,SSJ-A,SSJ,Roadside,Grassland,Roadside/Grassland,2/27/21,18.62,23,4.38,7/9/21,7/9/21,1,132,11/15/21,261,132,7/9/21,1,,0,1,0.25,0.1,2.9,0.051,9/8/21
E,2,E2,15,E2_15,SSJ-A,SSJ,Roadside,Grassland,Roadside/Grassland,3/9/21,35,30,-5,7/23/21,7/23/21,1,136,11/15/21,251,136,7/23/21,1,,0,1,0.25,0.1,5.7,0.061,9/7/21
F,2,F2,12,F2_12,SSJ-A,SSJ,Roadside,Grassland,Roadside/Grassland,2/27/21,13.97,26,12.03,,10/8/21,1,223,11/15/21,261,223,10/8/21,1,10/8/21,1,0,0.25,0.1,12.6,0.215,10/13/21
G,3,G3,9,G3_09,SSJ-A,SSJ,Roadside,Grassland,Roadside/Grassland,2/27/21,17.26,7,-10.26,6/4/21,6/4/21,1,97,11/15/21,261,97,,0,,0,1,0.25,0.1,,,
H,2,H2,1,H2_01,SSJ-A,SSJ,Roadside,Grassland,Roadside/Grassland,3/16/21,26,28,2,7/2/21,7/2/21,1,108,11/15/21,244,108,7/2/21,1,,0,1,0.25,0.1,4.5,0.059,9/7/21
I,5,I5,14,I5_14,SSJ-A,SSJ,Roadside,Grassland,Roadside/Grassland,2/27/21,17.31,13,-4.31,6/25/21,6/25/21,1,118,11/15/21,261,118,,0,,0,1,0.25,0.1,,,
J,3,J3,11,J3_11,SSJ-A,SSJ,Roadside,Grassland,Roadside/Grassland,2/27/21,13.58,30,16.42,7/16/21,7/16/21,1,139,11/15/21,261,139,7/16/21,1,,0,1,0.25,0.1,3,0.053,9/28/21
A,2,A2,13,A2_13,BAY-O,BAY,Vegetated,Grassland,Vegetated/Grassland,2/27/21,15.9,9,-6.9,6/11/21,6/11/21,1,104,11/15/21,261,104,,0,,0,1,0.228,0,,,
B,1,B1,11,B1_11,BAY-O,BAY,Vegetated,Grassland,Vegetated/Grassland,2/27/21,15.8,16,0.2,6/11/21,6/11/21,1,104,11/15/21,261,104,,0,,0,1,0.228,0,,,
C,3,C3,13,C3_13,BAY-O,BAY,Vegetated,Grassland,Vegetated/Grassland,2/27/21,21.3,,-21.3,5/16/21,5/16/21,1,78,11/15/21,261,78,,0,,0,1,0.228,0,,,
D,3,D3,3,D3_03,BAY-O,BAY,Vegetated,Grassland,Vegetated/Grassland,2/27/21,18.01,5,-13.01,6/11/21,6/11/21,1,104,11/15/21,261,104,,0,,0,1,0.228,0,,,
E,2,E2,5,E2_05,BAY-O,BAY,Vegetated,Grassland,Vegetated/Grassland,3/16/21,15,21,6,6/25/21,6/25/21,1,101,11/15/21,244,101,,0,,0,1,0.228,0,,,
F,2,F2,2,F2_02,BAY-O,BAY,Vegetated,Grassland,Vegetated/Grassland,3/9/21,22,,-22,5/21/21,5/21/21,1,73,11/15/21,251,73,,0,,0,1,0.228,0,,,
G,3,G3,1,G3_01,BAY-O,BAY,Vegetated,Grassland,Vegetated/Grassland,2/27/21,24.14,24,-0.14,6/11/21,6/11/21,1,104,11/15/21,261,104,7/2/21,1,,0,1,0.228,0,2.5,0.026,9/9/21
H,2,H2,3,H2_03,BAY-O,BAY,Vegetated,Grassland,Vegetated/Grassland,3/16/21,19,19,0,7/9/21,7/9/21,1,115,11/15/21,244,115,7/9/21,1,,0,1,0.228,0,3.2,0.037,9/7/21
I,5,I5,4,I5_04,BAY-O,BAY,Vegetated,Grassland,Vegetated/Grassland,2/27/21,15.39,12,-3.39,6/25/21,6/25/21,1,118,11/15/21,261,118,,0,,0,1,0.228,0,,,
J,3,J3,10,J3_10,BAY-O,BAY,Vegetated,Grassland,Vegetated/Grassland,2/27/21,8.8,23,14.2,6/25/21,6/25/21,1,118,11/15/21,261,118,7/2/21,1,,0,1,0.228,0,2.3,0.029,9/28/21
A,2,A2,2,A2_02,CHE-O,CHE,Vegetated,Grassland,Vegetated/Grassland,3/19/21,23,16,-7,7/2/21,7/2/21,1,105,11/15/21,241,105,,0,,0,1,0.228,0.4,,,
B,1,B1,9,B1_09,CHE-O,CHE,Vegetated,Grassland,Vegetated/Grassland,2/27/21,17.95,23,5.05,6/18/21,6/18/21,1,111,11/15/21,261,111,,0,,0,1,0.228,0.4,,,
C,3,C3,11,C3_11,CHE-O,CHE,Vegetated,Grassland,Vegetated/Grassland,3/12/21,25,19,-6,7/9/21,7/9/21,1,119,11/15/21,248,119,7/9/21,1,,0,1,0.228,0.4,5,0.032,9/9/21
D,3,D3,10,D3_10,CHE-O,CHE,Vegetated,Grassland,Vegetated/Grassland,2/27/21,20.65,37,16.35,,9/24/21,1,209,11/15/21,261,209,9/24/21,1,9/24/21,1,0,0.228,0.4,18,0.462,9/27/21
E,2,E2,4,E2_04,CHE-O,CHE,Vegetated,Grassland,Vegetated/Grassland,2/27/21,21.84,12,-9.84,6/18/21,6/18/21,1,111,11/15/21,261,111,,0,,0,1,0.228,0.4,,,
F,2,F2,11,F2_11,CHE-O,CHE,Vegetated,Grassland,Vegetated/Grassland,2/27/21,22.64,,-22.64,5/21/21,5/21/21,1,83,11/15/21,261,83,,0,,0,1,0.228,0.4,,,
G,3,G3,14,G3_14,CHE-O,CHE,Vegetated,Grassland,Vegetated/Grassland,2/27/21,14.21,19,4.79,6/4/21,6/4/21,1,97,11/15/21,261,97,,0,,0,1,0.228,0.4,,,
H,2,H2,8,H2_08,CHE-O,CHE,Vegetated,Grassland,Vegetated/Grassland,3/24/21,22,19,-3,7/2/21,7/2/21,1,100,11/15/21,236,100,,0,6/4/21,1,0,0.228,0.4,,,
I,5,I5,1,I5_01,CHE-O,CHE,Vegetated,Grassland,Vegetated/Grassland,2/27/21,21.68,22,0.32,,9/24/21,1,209,11/15/21,261,209,9/24/21,1,9/24/21,1,0,0.228,0.4,16.4,0.45,9/28/21
J,3,J3,5,J3_05,CHE-O,CHE,Vegetated,Grassland,Vegetated/Grassland,2/27/21,25.93,30,4.07,,9/24/21,1,209,11/15/21,261,209,9/24/21,1,9/24/21,1,0,0.228,0.4,13.3,0.248,9/27/21
A,2,A2,9,A2_09,GUA-O,GUA,Vegetated,Grassland,Vegetated/Grassland,2/27/21,22.89,13,-9.89,6/11/21,6/11/21,1,104,11/15/21,261,104,,0,,0,1,0.228,0.1,,,
B,1,B1,7,B1_07,GUA-O,GUA,Vegetated,Grassland,Vegetated/Grassland,2/27/21,15.79,18,2.21,6/11/21,6/11/21,1,104,11/15/21,261,104,,0,,0,1,0.228,0.1,,,
C,3,C3,9,C3_09,GUA-O,GUA,Vegetated,Grassland,Vegetated/Grassland,2/27/21,23.53,20,-3.53,6/18/21,6/18/21,1,111,11/15/21,261,111,,0,,0,1,0.228,0.1,,,
D,3,D3,8,D3_08,GUA-O,GUA,Vegetated,Grassland,Vegetated/Grassland,2/27/21,26.56,18,-8.56,6/18/21,6/18/21,1,111,11/15/21,261,111,,0,,0,1,0.228,0.1,,,
E,2,E2,2,E2_02,GUA-O,GUA,Vegetated,Grassland,Vegetated/Grassland,3/12/21,29,,-29,4/16/21,4/16/21,1,35,11/15/21,248,35,,0,,0,1,0.228,0.1,,,
F,2,F2,10,F2_10,GUA-O,GUA,Vegetated,Grassland,Vegetated/Grassland,2/27/21,19.53,,-19.53,5/21/21,5/21/21,1,83,11/15/21,261,83,,0,,0,1,0.228,0.1,,,
G,3,G3,7,G3_07,GUA-O,GUA,Vegetated,Grassland,Vegetated/Grassland,2/27/21,20.7,11,-9.7,6/4/21,6/4/21,1,97,11/15/21,261,97,,0,,0,1,0.228,0.1,,,
H,2,H2,10,H2_10,GUA-O,GUA,Vegetated,Grassland,Vegetated/Grassland,3/9/21,18,32,14,7/30/21,7/30/21,1,143,11/15/21,251,143,7/30/21,1,,0,1,0.228,0.1,7.8,0.084,9/8/21
I,5,I5,11,I5_11,GUA-O,GUA,Vegetated,Grassland,Vegetated/Grassland,2/27/21,17.92,12,-5.92,7/16/21,7/16/21,1,139,11/15/21,261,139,7/16/21,1,,0,1,0.228,0.1,1.9,0.017,9/28/21
J,3,J3,13,J3_13,GUA-O,GUA,Vegetated,Grassland,Vegetated/Grassland,2/27/21,24.14,32,7.86,,10/8/21,1,223,11/15/21,261,223,10/8/21,1,10/8/21,1,0,0.228,0.1,11.4,0.218,10/13/21
A,2,A2,15,A2_15,LEX-O,LEX,Vegetated,Grassland,Vegetated/Grassland,2/27/21,30.88,16,-14.88,6/11/21,6/11/21,1,104,11/15/21,261,104,,0,,0,1,0.228,0.2,,,
B,1,B1,6,B1_06,LEX-O,LEX,Vegetated,Grassland,Vegetated/Grassland,2/27/21,22.54,34,11.46,,9/24/21,1,209,11/15/21,261,209,9/24/21,1,9/24/21,1,0,0.228,0.2,17.7,0.404,9/28/21
C,3,C3,6,C3_06,LEX-O,LEX,Vegetated,Grassland,Vegetated/Grassland,2/27/21,18.48,,-18.48,5/16/21,5/16/21,1,78,11/15/21,261,78,,0,,0,1,0.228,0.2,,,
D,3,D3,14,D3_14,LEX-O,LEX,Vegetated,Grassland,Vegetated/Grassland,2/27/21,18.16,20,1.84,7/16/21,7/16/21,1,139,11/15/21,261,139,7/16/21,1,,0,1,0.228,0.2,2.7,0.131,9/28/21
E,2,E2,9,E2_09,LEX-O,LEX,Vegetated,Grassland,Vegetated/Grassland,3/16/21,19,15,-4,9/3/21,9/3/21,1,171,11/15/21,244,171,9/3/21,1,,0,1,0.228,0.2,6.3,0.057,9/9/21
F,2,F2,4,F2_04,LEX-O,LEX,Vegetated,Grassland,Vegetated/Grassland,2/27/21,14.45,,-14.45,5/21/21,5/21/21,1,83,11/15/21,261,83,,0,,0,1,0.228,0.2,,,
G,3,G3,6,G3_06,LEX-O,LEX,Vegetated,Grassland,Vegetated/Grassland,2/27/21,13.44,4,-9.44,6/4/21,6/4/21,1,97,11/15/21,261,97,,0,,0,1,0.228,0.2,,,
H,2,H2,14,H2_14,LEX-O,LEX,Vegetated,Grassland,Vegetated/Grassland,2/27/21,16.15,19,2.85,6/18/21,6/18/21,1,111,11/15/21,261,111,,0,,0,1,0.228,0.2,,,
I,5,I5,15,I5_15,LEX-O,LEX,Vegetated,Grassland,Vegetated/Grassland,2/27/21,15.27,12,-3.27,6/1/21,6/1/21,1,94,11/15/21,261,94,,0,,0,1,0.228,0.2,,,
J,3,J3,14,J3_14,LEX-O,LEX,Vegetated,Grassland,Vegetated/Grassland,2/27/21,20.86,35,14.14,,9/24/21,1,209,11/15/21,261,209,9/24/21,1,9/24/21,1,0,0.228,0.2,25.8,1.087,9/28/21
A,2,A2,10,A2_10,OAP-O,OAP,Vegetated,Grassland,Vegetated/Grassland,3/24/21,24,33,9,,7/2/21,1,100,11/15/21,236,100,7/2/21,1,6/25/21,1,0,0.228,0.5,8.1,0.211,9/8/21
B,1,B1,10,B1_10,OAP-O,OAP,Vegetated,Grassland,Vegetated/Grassland,2/27/21,21.82,42,20.18,10/1/21,10/1/21,1,216,11/15/21,261,216,10/1/21,1,,0,1,0.228,0.5,15.8,0.868,10/4/21
C,3,C3,7,C3_07,OAP-O,OAP,Vegetated,Grassland,Vegetated/Grassland,2/27/21,24.84,18,-6.84,6/25/21,6/25/21,1,118,11/15/21,261,118,7/2/21,1,,0,1,0.228,0.5,4.8,0.031,9/9/21
D,3,D3,6,D3_06,OAP-O,OAP,Vegetated,Grassland,Vegetated/Grassland,2/27/21,18.74,30,11.26,,9/24/21,1,209,11/15/21,261,209,9/24/21,1,9/24/21,1,0,0.228,0.5,37,1.295,9/27/21
E,2,E2,11,E2_11,OAP-O,OAP,Vegetated,Grassland,Vegetated/Grassland,3/9/21,22,35,13,,9/24/21,1,199,11/15/21,251,199,9/24/21,1,9/24/21,1,0,0.228,0.5,31.9,1.304,9/27/21
F,2,F2,13,F2_13,OAP-O,OAP,Vegetated,Grassland,Vegetated/Grassland,2/27/21,11.19,26,14.81,,10/1/21,1,216,11/15/21,261,216,10/1/21,1,10/1/21,1,0,0.228,0.5,8.3,0.201,10/4/21
G,3,G3,16,G3_16,OAP-O,OAP,Vegetated,Grassland,Vegetated/Grassland,2/27/21,18.24,39,20.76,,9/24/21,1,209,11/15/21,261,209,9/24/21,1,9/24/21,1,0,0.228,0.5,25.8,0.663,9/28/21
H,2,H2,2,H2_02,OAP-O,OAP,Vegetated,Grassland,Vegetated/Grassland,2/27/21,18.4,24,5.6,7/9/21,7/9/21,1,132,11/15/21,261,132,7/9/21,1,,0,1,0.228,0.5,3.4,0.033,9/7/21
I,5,I5,2,I5_02,OAP-O,OAP,Vegetated,Grassland,Vegetated/Grassland,2/27/21,13.26,19,5.74,11/14/21,11/14/21,1,260,11/15/21,261,260,11/14/21,1,,0,1,0.228,0.5,6.6,0.049,12/1/21
J,3,J3,16,J3_16,OAP-O,OAP,Vegetated,Grassland,Vegetated/Grassland,3/9/21,21,39,18,6/25/21,6/25/21,1,108,11/15/21,251,108,,0,,0,1,0.228,0.5,,,
A,2,A2,7,A2_07,PAR-O,PAR,Vegetated,Grassland,Vegetated/Grassland,2/27/21,23.48,,-23.48,3/29/21,3/29/21,1,30,11/15/21,261,30,,0,,0,1,0.228,0.3,,,
B,1,B1,2,B1_02,PAR-O,PAR,Vegetated,Grassland,Vegetated/Grassland,2/27/21,22.33,16,-6.33,5/28/21,5/28/21,1,90,11/15/21,261,90,,0,,0,1,0.228,0.3,,,
C,3,C3,15,C3_15,PAR-O,PAR,Vegetated,Grassland,Vegetated/Grassland,2/27/21,21.95,,-21.95,5/16/21,5/16/21,1,78,11/15/21,261,78,,0,,0,1,0.228,0.3,,,
D,3,D3,9,D3_09,PAR-O,PAR,Vegetated,Grassland,Vegetated/Grassland,2/27/21,21.55,14,-7.55,6/11/21,6/11/21,1,104,11/15/21,261,104,,0,,0,1,0.228,0.3,,,
E,2,E2,1,E2_01,PAR-O,PAR,Vegetated,Grassland,Vegetated/Grassland,3/16/21,28,27,-1,,7/2/21,1,108,11/15/21,244,108,7/2/21,1,7/2/21,1,0,0.228,0.3,11.7,0.099,9/28/21
F,2,F2,1,F2_01,PAR-O,PAR,Vegetated,Grassland,Vegetated/Grassland,3/1/21,25,34,9,,9/24/21,1,207,11/15/21,259,207,9/24/21,1,9/24/21,1,0,0.228,0.3,19.2,0.441,9/27/21
G,3,G3,13,G3_13,PAR-O,PAR,Vegetated,Grassland,Vegetated/Grassland,2/27/21,11.87,18,6.13,6/25/21,6/25/21,1,118,11/15/21,261,118,,0,,0,1,0.228,0.3,,,
H,2,H2,6,H2_06,PAR-O,PAR,Vegetated,Grassland,Vegetated/Grassland,2/27/21,16.31,20,3.69,6/4/21,6/4/21,1,97,11/15/21,261,97,,0,,0,1,0.228,0.3,,,
I,5,I5,8,I5_08,PAR-O,PAR,Vegetated,Grassland,Vegetated/Grassland,2/27/21,12.58,14,1.42,6/25/21,6/25/21,1,118,11/15/21,261,118,,0,,0,1,0.228,0.3,,,
J,3,J3,15,J3_15,PAR-O,PAR,Vegetated,Grassland,Vegetated/Grassland,2/27/21,11.42,37,25.58,,9/24/21,1,209,11/15/21,261,209,9/24/21,1,9/24/21,1,0,0.228,0.3,22,0.709,9/28/21
A,2,A2,12,A2_12,PEN-O,PEN,Vegetated,Grassland,Vegetated/Grassland,2/27/21,13.68,21,7.32,8/12/21,8/12/21,1,166,11/15/21,261,166,8/12/21,1,,0,1,0.228,0.2,5.4,0.071,9/7/21
B,1,B1,16,B1_16,PEN-O,PEN,Vegetated,Grassland,Vegetated/Grassland,2/27/21,10.55,16,5.45,6/11/21,6/11/21,1,104,11/15/21,261,104,,0,,0,1,0.228,0.2,,,
C,3,C3,16,C3_16,PEN-O,PEN,Vegetated,Grassland,Vegetated/Grassland,2/27/21,19.75,12,-7.75,,11/3/21,1,249,11/15/21,261,249,11/3/21,1,11/3/21,1,0,0.228,0.2,4.1,0.072,12/1/21
D,3,D3,15,D3_15,PEN-O,PEN,Vegetated,Grassland,Vegetated/Grassland,2/27/21,8.61,15,6.39,7/9/21,7/9/21,1,132,11/15/21,261,132,7/9/21,1,,0,1,0.228,0.2,1.8,0.013,9/8/21
E,2,E2,3,E2_03,PEN-O,PEN,Vegetated,Grassland,Vegetated/Grassland,3/9/21,14,28,14,5/28/21,5/28/21,1,80,11/15/21,251,80,,0,,0,1,0.228,0.2,,,
F,2,F2,8,F2_08,PEN-O,PEN,Vegetated,Grassland,Vegetated/Grassland,3/9/21,19,23,4,7/23/21,7/23/21,1,136,11/15/21,251,136,7/23/21,1,,0,1,0.228,0.2,5.3,0.103,9/7/21
G,3,G3,12,G3_12,PEN-O,PEN,Vegetated,Grassland,Vegetated/Grassland,2/27/21,13.5,12,-1.5,6/25/21,6/25/21,1,118,11/15/21,261,118,,0,,0,1,0.228,0.2,,,
H,2,H2,5,H2_05,PEN-O,PEN,Vegetated,Grassland,Vegetated/Grassland,3/16/21,13,16,3,6/18/21,6/18/21,1,94,11/15/21,244,94,,0,,0,1,0.228,0.2,,,
I,5,I5,12,I5_12,PEN-O,PEN,Vegetated,Grassland,Vegetated/Grassland,2/27/21,6.75,15,8.25,7/16/21,7/16/21,1,139,11/15/21,261,139,7/16/21,1,,0,1,0.228,0.2,1.4,0.004,9/28/21
J,3,J3,9,J3_09,PEN-O,PEN,Vegetated,Grassland,Vegetated/Grassland,3/1/21,15,33,18,,9/24/21,1,207,11/15/21,259,207,9/24/21,1,9/24/21,1,0,0.228,0.2,11.7,0.214,9/27/21
A,2,A2,8,A2_08,SSJ-O,SSJ,Vegetated,Grassland,Vegetated/Grassland,2/27/21,19.44,16,-3.44,7/2/21,7/2/21,1,125,11/15/21,261,125,,0,6/25/21,1,0,0.228,0.1,,,
B,1,B1,5,B1_05,SSJ-O,SSJ,Vegetated,Grassland,Vegetated/Grassland,2/27/21,15.68,23,7.32,6/18/21,6/18/21,1,111,11/15/21,261,111,,0,,0,1,0.228,0.1,,,
C,3,C3,4,C3_04,SSJ-O,SSJ,Vegetated,Grassland,Vegetated/Grassland,2/27/21,18.49,7,-11.49,6/11/21,6/11/21,1,104,11/15/21,261,104,,0,,0,1,0.228,0.1,,,
D,3,D3,2,D3_02,SSJ-O,SSJ,Vegetated,Grassland,Vegetated/Grassland,2/27/21,20.19,21,0.81,6/11/21,6/11/21,1,104,11/15/21,261,104,,0,,0,1,0.228,0.1,,,
E,2,E2,8,E2_08,SSJ-O,SSJ,Vegetated,Grassland,Vegetated/Grassland,3/16/21,23,19,-4,6/11/21,6/11/21,1,87,11/15/21,244,87,,0,,0,1,0.228,0.1,,,
F,2,F2,6,F2_06,SSJ-O,SSJ,Vegetated,Grassland,Vegetated/Grassland,2/27/21,18.43,,-18.43,5/21/21,5/21/21,1,83,11/15/21,261,83,,0,,0,1,0.228,0.1,,,
G,3,G3,5,G3_05,SSJ-O,SSJ,Vegetated,Grassland,Vegetated/Grassland,2/27/21,20.47,15,-5.47,6/4/21,6/4/21,1,97,11/15/21,261,97,,0,,0,1,0.228,0.1,,,
H,2,H2,11,H2_11,SSJ-O,SSJ,Vegetated,Grassland,Vegetated/Grassland,2/27/21,15.09,25,9.91,7/9/21,7/9/21,1,132,11/15/21,261,132,7/9/21,1,,0,1,0.228,0.1,3.9,0.123,9/7/21
I,5,I5,7,I5_07,SSJ-O,SSJ,Vegetated,Grassland,Vegetated/Grassland,2/27/21,20.55,24,3.45,6/25/21,6/25/21,1,118,11/15/21,261,118,,0,,0,1,0.228,0.1,,,
J,3,J3,1,J3_01,SSJ-O,SSJ,Vegetated,Grassland,Vegetated/Grassland,2/27/21,19.01,37,17.99,7/9/21,7/9/21,1,132,11/15/21,261,132,7/9/21,1,,0,1,0.228,0.1,3.4,0.06,9/28/21